{"type":"FeatureCollection","features":[{"type":"Feature","properties":{"territorio":"CIRCUNSCRIPCION SENATORIAL 1","n_comunas":4},"geometry":{"type":"Polygon","coordinates":[[[-69.0742,-19.046],[-69.0783,-19.0489],[-69.0898,-19.0462],[-69.1069,-19.0565],[-69.1025,-19.0595],[-69.1024,-19.068],[-69.1168,-19.079],[-69.1265,-19.0797],[-69.1303,-19.0876],[-69.137,-19.0847],[-69.1439,-19.0872],[-69.1483,-19.0981],[-69.158,-19.1048],[-69.1779,-19.0955],[-69.1923,-19.0955],[-69.1913,-19.1045],[-69.2032,-19.11],[-69.2083,-19.1053],[-69.2181,-19.0965],[-69.2316,-19.0939],[-69.2349,-19.0945],[-69.2414,-19.0994],[-69.2526,-19.1032],[-69.2631,-19.1086],[-69.2798,-19.1119],[-69.2915,-19.1146],[-69.2942,-19.1192],[-69.2953,-19.127],[-69.3024,-19.1322],[-69.3182,-19.1343],[-69.3122,-19.1258],[-69.3156,-19.1152],[-69.3149,-19.1031],[-69.3204,-19.1009],[-69.3332,-19.0911],[-69.3514,-19.0861],[-69.3635,-19.0793],[-69.3775,-19.067],[-69.3884,-19.0615],[-69.3948,-19.0622],[-69.3961,-19.0612],[-69.3952,-19.0525],[-69.3966,-19.0477],[-69.4039,-19.0337],[-69.4201,-19.025],[-69.4375,-19.024],[-69.4498,-19.0252],[-69.4552,-19.0271],[-69.4595,-19.0318],[-69.4673,-19.0328],[-69.4735,-19.0364],[-69.4886,-19.0303],[-69.5099,-19.0265],[-69.5201,-19.0256],[-69.5318,-19.0259],[-69.5395,-19.0289],[-69.5697,-19.027],[-69.5797,-19.0253],[-69.5852,-19.0233],[-69.5981,-19.021],[-69.6124,-19.024],[-69.6279,-19.0228],[-69.6429,-19.0209],[-69.6475,-19.0214],[-69.6652,-19.0275],[-69.6879,-19.0257],[-69.7106,-19.0267],[-69.7243,-19.0288],[-69.7378,-19.0335],[-69.749,-19.0321],[-69.788,-19.0406],[-69.7953,-19.046],[-69.8168,-19.0456],[-69.8276,-19.0469],[-69.8527,-19.0408],[-69.8655,-19.0397],[-69.8718,-19.0365],[-69.8861,-19.0343],[-69.8928,-19.0389],[-69.9044,-19.0452],[-69.9144,-19.0493],[-69.9316,-19.053],[-69.9479,-19.0494],[-69.9531,-19.0511],[-69.9588,-19.0565],[-69.9784,-19.0638],[-69.9863,-19.0699],[-70.099,-19.1194],[-70.1306,-19.1543],[-70.2866,-19.23],[-70.2691,-19.204],[-70.2688,-19.1454],[-70.3174,-19.0205],[-70.3099,-18.9636],[-70.3508,-18.8362],[-70.3384,-18.5597],[-70.3166,-18.5144],[-70.3274,-18.4816],[-70.3029,-18.4547],[-70.3805,-18.3501],[-70.3216,-18.3118],[-70.1494,-18.3192],[-70.0502,-18.2691],[-69.9667,-18.2624],[-69.8601,-18.1703],[-69.7835,-18.0482],[-69.7506,-17.9475],[-69.799,-17.8657],[-69.8006,-17.7626],[-69.822,-17.7439],[-69.8259,-17.7053],[-69.7968,-17.6465],[-69.6661,-17.6606],[-69.4684,-17.4978],[-69.4674,-17.6052],[-69.3384,-17.7295],[-69.3002,-17.8509],[-69.3108,-17.8998],[-69.2758,-17.9683],[-69.2561,-17.9545],[-69.256,-17.9748],[-69.2324,-17.9882],[-69.1211,-18.0043],[-69.0576,-18.0599],[-69.1038,-18.1194],[-69.1264,-18.1259],[-69.1435,-18.163],[-69.0629,-18.2353],[-69.0735,-18.2904],[-69.0381,-18.3226],[-69.0566,-18.376],[-69.0483,-18.4266],[-69.0028,-18.4825],[-69.0171,-18.5726],[-69.0073,-18.6015],[-69.0283,-18.6018],[-69.0369,-18.6217],[-68.9844,-18.6786],[-68.9845,-18.7124],[-68.9169,-18.8715],[-68.9569,-18.9448],[-68.9625,-18.9478],[-68.9673,-18.9443],[-68.9724,-18.9471],[-68.9794,-18.9469],[-68.9846,-18.9536],[-68.9998,-18.9577],[-69.0083,-18.9502],[-69.0202,-18.9537],[-69.0219,-18.9597],[-69.0226,-18.9702],[-69.0229,-18.977],[-69.0164,-18.9843],[-69.0109,-18.9856],[-69.0098,-18.9975],[-69.0147,-19.0036],[-69.0199,-19.0077],[-69.0246,-19.0061],[-69.0316,-19.0094],[-69.0335,-19.0141],[-69.0394,-19.0185],[-69.041,-19.0234],[-69.0465,-19.0263],[-69.0475,-19.0313],[-69.0639,-19.0261],[-69.071,-19.029],[-69.0736,-19.0392],[-69.0742,-19.046]]]}},{"type":"Feature","properties":{"territorio":"CIRCUNSCRIPCION SENATORIAL 10","n_comunas":33},"geometry":{"type":"MultiPolygon","coordinates":[[[[-73.862,-38.3773],[-73.8839,-38.4154],[-73.9352,-38.4132],[-73.953,-38.3145],[-73.862,-38.3773]]],[[[-73.3404,-38.3652],[-73.3385,-38.3692],[-73.3316,-38.3686],[-73.3011,-38.3836],[-73.3033,-38.3943],[-73.3068,-38.4007],[-73.3107,-38.4053],[-73.3111,-38.4085],[-73.3042,-38.4159],[-73.2892,-38.4242],[-73.2814,-38.4297],[-73.2797,-38.4334],[-73.2857,-38.4466],[-73.2882,-38.451],[-73.2852,-38.4569],[-73.2849,-38.4648],[-73.2782,-38.4662],[-73.2772,-38.4749],[-73.272,-38.4843],[-73.2813,-38.4886],[-73.2893,-38.4912],[-73.2969,-38.4903],[-73.304,-38.4914],[-73.3125,-38.4902],[-73.3141,-38.4862],[-73.3233,-38.4809],[-73.3194,-38.4402],[-73.3213,-38.4362],[-73.3436,-38.417],[-73.3487,-38.4113],[-73.3561,-38.4085],[-73.3781,-38.4033],[-73.3834,-38.401],[-73.3898,-38.4097],[-73.3969,-38.412],[-73.3984,-38.4141],[-73.4045,-38.4154],[-73.4092,-38.4196],[-73.4169,-38.4203],[-73.4168,-38.4231],[-73.4206,-38.4253],[-73.4256,-38.4311],[-73.4307,-38.431],[-73.4334,-38.4439],[-73.4373,-38.4495],[-73.4425,-38.4519],[-73.4508,-38.4507],[-73.4514,-38.4521],[-73.4581,-38.4543],[-73.463,-38.4537],[-73.4714,-38.4563],[-73.4726,-38.4661],[-73.4775,-38.4713],[-73.4949,-38.4717],[-73.4967,-38.4789],[-73.5088,-38.4837],[-73.5293,-38.3862],[-73.4966,-38.3289],[-73.5138,-38.2607],[-73.4643,-38.2181],[-73.4525,-38.1119],[-73.4791,-37.9954],[-73.5447,-37.8706],[-73.5764,-37.8233],[-73.6649,-37.7259],[-73.6536,-37.6801],[-73.6808,-37.6311],[-73.6724,-37.5975],[-73.6397,-37.5768],[-73.6457,-37.5581],[-73.5988,-37.5315],[-73.5958,-37.4465],[-73.6344,-37.3741],[-73.684,-37.3645],[-73.6553,-37.2999],[-73.6717,-37.292],[-73.6445,-37.1971],[-73.5862,-37.1475],[-73.5441,-37.2038],[-73.4572,-37.2044],[-73.435,-37.236],[-73.3897,-37.2439],[-73.2679,-37.2231],[-73.1851,-37.152],[-73.1527,-37.1149],[-73.1746,-37.0891],[-73.1459,-37.067],[-73.1493,-37.0296],[-73.179,-37.0281],[-73.1893,-37.0017],[-73.154,-36.9046],[-73.1618,-36.8203],[-73.1048,-36.8271],[-73.0745,-36.8446],[-73.0419,-36.9575],[-73.012,-36.9774],[-72.961,-36.9707],[-73.0134,-36.9608],[-73.0514,-36.8557],[-73.0843,-36.8161],[-73.1734,-36.8093],[-73.1935,-36.7806],[-73.2175,-36.7836],[-73.1922,-36.7472],[-73.1715,-36.7666],[-73.1527,-36.7627],[-73.127,-36.7304],[-73.1603,-36.7107],[-73.1376,-36.6948],[-73.1164,-36.6147],[-73.0906,-36.6292],[-73.1071,-36.7213],[-73.0131,-36.7393],[-72.9921,-36.7324],[-72.9741,-36.6903],[-72.9842,-36.6709],[-72.9563,-36.6266],[-73.0001,-36.5782],[-72.9665,-36.5219],[-72.9573,-36.5549],[-72.9333,-36.5442],[-72.9071,-36.497],[-72.9174,-36.48],[-72.8861,-36.4433],[-72.873,-36.4575],[-72.81,-36.4596],[-72.7931,-36.5106],[-72.828,-36.5263],[-72.7991,-36.5621],[-72.7989,-36.6055],[-72.7674,-36.603],[-72.7768,-36.6241],[-72.7336,-36.6174],[-72.7201,-36.655],[-72.6542,-36.6667],[-72.5936,-36.7316],[-72.593,-36.816],[-72.5387,-36.8492],[-72.5731,-36.8658],[-72.5677,-36.8928],[-72.6429,-36.8816],[-72.6536,-36.92],[-72.5166,-36.9393],[-72.5037,-36.8952],[-72.4514,-36.9083],[-72.4615,-36.9275],[-72.4134,-36.9299],[-72.3855,-36.9117],[-72.3267,-36.981],[-72.1952,-37.0272],[-72.1868,-37.0524],[-72.2612,-37.0926],[-72.2712,-37.195],[-72.219,-37.1858],[-72.1665,-37.1978],[-72.1132,-37.1783],[-72.0618,-37.1927],[-72.0655,-37.1668],[-72.0352,-37.1655],[-71.9898,-37.1933],[-71.8906,-37.1827],[-71.8496,-37.161],[-71.8423,-37.1284],[-71.7982,-37.1087],[-71.6782,-37.145],[-71.5809,-37.1241],[-71.5634,-37.1334],[-71.5446,-37.0621],[-71.551,-37.0212],[-71.4942,-37.0104],[-71.4583,-37.0663],[-71.4089,-37.0905],[-71.3826,-37.0672],[-71.2694,-37.1117],[-71.1885,-37.0981],[-71.156,-37.1165],[-71.0961,-37.1091],[-71.0955,-37.1253],[-71.1344,-37.142],[-71.1148,-37.207],[-71.1676,-37.2229],[-71.1609,-37.2459],[-71.1916,-37.2751],[-71.2197,-37.2745],[-71.1882,-37.3579],[-71.1985,-37.3822],[-71.1571,-37.3975],[-71.1158,-37.4597],[-71.1492,-37.5403],[-71.1266,-37.5859],[-71.1916,-37.6288],[-71.2022,-37.6561],[-71.2097,-37.6988],[-71.1552,-37.7577],[-71.1702,-37.7851],[-71.1249,-37.8203],[-71.1829,-37.8583],[-71.1406,-37.8586],[-71.1067,-37.8917],[-71.114,-37.9515],[-71.0622,-37.9701],[-71.0556,-38.0441],[-70.9891,-38.0871],[-70.9889,-38.111],[-71.047,-38.1193],[-71.0681,-38.1065],[-71.0775,-38.0975],[-71.1008,-38.0935],[-71.1094,-38.0918],[-71.1486,-38.1109],[-71.159,-38.1119],[-71.1836,-38.1002],[-71.1916,-38.1057],[-71.1972,-38.1019],[-71.2047,-38.103],[-71.2233,-38.1016],[-71.2343,-38.0985],[-71.2676,-38.1051],[-71.2719,-38.1038],[-71.295,-38.109],[-71.2986,-38.0928],[-71.3052,-38.0892],[-71.3464,-38.0866],[-71.3564,-38.0845],[-71.4126,-38.1067],[-71.4108,-38.1191],[-71.4138,-38.1242],[-71.4151,-38.1291],[-71.4128,-38.1359],[-71.4183,-38.1419],[-71.4195,-38.145],[-71.4252,-38.1556],[-71.428,-38.1623],[-71.4316,-38.1661],[-71.4343,-38.1749],[-71.4368,-38.1777],[-71.4501,-38.1772],[-71.4597,-38.1842],[-71.4666,-38.1838],[-71.4758,-38.1872],[-71.479,-38.1914],[-71.488,-38.1915],[-71.495,-38.1968],[-71.4998,-38.2035],[-71.5237,-38.2067],[-71.5313,-38.2038],[-71.5339,-38.2065],[-71.5361,-38.2127],[-71.5303,-38.2261],[-71.5335,-38.2314],[-71.5411,-38.2352],[-71.5667,-38.2412],[-71.5727,-38.2391],[-71.577,-38.2358],[-71.5801,-38.231],[-71.608,-38.2403],[-71.6119,-38.2451],[-71.6083,-38.2489],[-71.616,-38.2572],[-71.6351,-38.2974],[-71.6412,-38.3083],[-71.6431,-38.3135],[-71.6495,-38.3143],[-71.6642,-38.2987],[-71.674,-38.2993],[-71.7066,-38.255],[-71.7017,-38.2581],[-71.6884,-38.25],[-71.6889,-38.2398],[-71.6974,-38.2297],[-71.7039,-38.227],[-71.7132,-38.2182],[-71.7155,-38.21],[-71.7137,-38.2074],[-71.7063,-38.1998],[-71.7101,-38.1943],[-71.7068,-38.188],[-71.7083,-38.1852],[-71.7001,-38.1808],[-71.6938,-38.1779],[-71.7057,-38.1584],[-71.7139,-38.1558],[-71.7157,-38.1417],[-71.7093,-38.135],[-71.7081,-38.1253],[-71.7035,-38.096],[-71.6998,-38.0927],[-71.6991,-38.0887],[-71.6989,-38.0836],[-71.7108,-38.0661],[-71.7164,-38.0594],[-71.7342,-38.0439],[-71.7387,-38.0414],[-71.7504,-38.0379],[-71.7713,-38.0308],[-71.7774,-38.0318],[-71.7855,-38.034],[-71.802,-38.0391],[-71.8036,-38.0415],[-71.8089,-38.0424],[-71.8478,-38.0553],[-71.8547,-38.0612],[-71.8639,-38.0675],[-71.8688,-38.0706],[-71.872,-38.0758],[-71.8795,-38.0782],[-71.8845,-38.0741],[-71.8901,-38.0742],[-71.8997,-38.0638],[-71.9076,-38.0589],[-71.918,-38.0532],[-71.919,-38.0495],[-71.948,-38.0166],[-71.9538,-38.0092],[-71.9673,-37.9935],[-71.9943,-37.9966],[-72.0011,-38.0016],[-72.0169,-38.0069],[-72.0209,-38.0031],[-72.068,-38.0066],[-72.0692,-38.0028],[-72.1116,-37.9933],[-72.1133,-37.9888],[-72.1213,-37.9815],[-72.1202,-37.9777],[-72.1218,-37.9743],[-72.128,-37.971],[-72.1259,-37.9652],[-72.1351,-37.9619],[-72.1295,-37.9576],[-72.1293,-37.9528],[-72.1444,-37.9452],[-72.1522,-37.941],[-72.1961,-37.921],[-72.1983,-37.9142],[-72.2144,-37.9022],[-72.2249,-37.8973],[-72.2267,-37.8927],[-72.2377,-37.8884],[-72.2557,-37.8828],[-72.2671,-37.8818],[-72.2755,-37.8826],[-72.2854,-37.8785],[-72.2878,-37.8752],[-72.2994,-37.8766],[-72.3088,-37.876],[-72.3176,-37.8813],[-72.3298,-37.8705],[-72.3392,-37.8633],[-72.3413,-37.8608],[-72.3455,-37.8603],[-72.3896,-37.8453],[-72.3953,-37.8419],[-72.408,-37.8253],[-72.4162,-37.8223],[-72.4473,-37.7797],[-72.4492,-37.773],[-72.4549,-37.7696],[-72.4597,-37.768],[-72.4628,-37.7645],[-72.469,-37.7537],[-72.4718,-37.7503],[-72.4795,-37.7472],[-72.4799,-37.7443],[-72.4788,-37.7399],[-72.4803,-37.735],[-72.4842,-37.7273],[-72.4846,-37.7211],[-72.4795,-37.7168],[-72.4733,-37.7132],[-72.4726,-37.708],[-72.4792,-37.7049],[-72.4768,-37.7019],[-72.475,-37.6967],[-72.4834,-37.6861],[-72.4798,-37.6802],[-72.4862,-37.6595],[-72.4915,-37.6552],[-72.4917,-37.6551],[-72.4916,-37.6549],[-72.4932,-37.6462],[-72.5002,-37.6458],[-72.5054,-37.6427],[-72.5107,-37.6464],[-72.5253,-37.6545],[-72.5328,-37.6537],[-72.5375,-37.6598],[-72.564,-37.6653],[-72.5682,-37.6647],[-72.5773,-37.6613],[-72.5992,-37.6618],[-72.6086,-37.6622],[-72.6333,-37.6661],[-72.6392,-37.6627],[-72.6423,-37.6645],[-72.6498,-37.6642],[-72.6403,-37.6404],[-72.6481,-37.6344],[-72.6528,-37.6301],[-72.6507,-37.6251],[-72.6509,-37.6227],[-72.6544,-37.6251],[-72.6664,-37.6251],[-72.6726,-37.623],[-72.6807,-37.6228],[-72.7063,-37.6236],[-72.7099,-37.6239],[-72.71,-37.6236],[-72.7104,-37.6239],[-72.7131,-37.6258],[-72.7232,-37.6228],[-72.7278,-37.6264],[-72.7301,-37.6228],[-72.7333,-37.6162],[-72.7369,-37.6178],[-72.7765,-37.5817],[-72.8441,-37.5926],[-72.8499,-37.5915],[-72.8518,-37.5897],[-72.8581,-37.5911],[-72.8636,-37.5988],[-72.8687,-37.599],[-72.8736,-37.6038],[-72.8816,-37.6055],[-72.8925,-37.605],[-72.9123,-37.6065],[-72.9155,-37.6107],[-72.9193,-37.6126],[-72.9349,-37.6113],[-72.9431,-37.6123],[-72.9568,-37.6138],[-72.9642,-37.6158],[-73.004,-37.6223],[-73.0044,-37.6255],[-73.0213,-37.6299],[-73.023,-37.6256],[-73.0579,-37.6246],[-73.0651,-37.6249],[-73.0722,-37.6248],[-73.0687,-37.6349],[-73.0644,-37.6348],[-73.0605,-37.6415],[-73.0669,-37.6498],[-73.0699,-37.6525],[-73.07,-37.6612],[-73.0781,-37.6623],[-73.0807,-37.6775],[-73.093,-37.6766],[-73.1063,-37.6876],[-73.1183,-37.687],[-73.1162,-37.6946],[-73.1139,-37.7026],[-73.1134,-37.7116],[-73.1083,-37.7212],[-73.1012,-37.726],[-73.0716,-37.7095],[-73.0345,-37.7177],[-73.0252,-37.7193],[-73.0156,-37.7474],[-73.0161,-37.752],[-73.0245,-37.7644],[-73.035,-37.7689],[-73.0235,-37.8029],[-73.0382,-37.8303],[-73.044,-37.8326],[-73.0476,-37.8372],[-73.0456,-37.8421],[-73.0485,-37.8452],[-73.0593,-37.8493],[-73.0658,-37.8523],[-73.0758,-37.8612],[-73.0774,-37.8623],[-73.081,-37.8666],[-73.0921,-37.871],[-73.1015,-37.8706],[-73.1036,-37.8717],[-73.1123,-37.8701],[-73.121,-37.8755],[-73.1229,-37.883],[-73.1247,-37.8873],[-73.1225,-37.9018],[-73.1127,-37.9055],[-73.1133,-37.9092],[-73.1135,-37.9178],[-73.1204,-37.9504],[-73.1191,-37.9584],[-73.1229,-37.9623],[-73.1284,-37.9697],[-73.1649,-37.9861],[-73.1723,-37.9858],[-73.1812,-38.0038],[-73.1857,-38.0089],[-73.1965,-38.0225],[-73.2037,-38.0342],[-73.2044,-38.0524],[-73.1922,-38.0553],[-73.1873,-38.0598],[-73.1815,-38.0631],[-73.1751,-38.061],[-73.1607,-38.0636],[-73.1563,-38.0747],[-73.1162,-38.0826],[-73.1047,-38.0891],[-73.0777,-38.1005],[-73.0734,-38.129],[-73.0757,-38.1345],[-73.0807,-38.1402],[-73.0861,-38.1406],[-73.0878,-38.1416],[-73.0887,-38.1462],[-73.0767,-38.1688],[-73.0776,-38.1754],[-73.0922,-38.1928],[-73.0966,-38.1901],[-73.1192,-38.1865],[-73.1231,-38.188],[-73.1246,-38.1832],[-73.1305,-38.1822],[-73.1338,-38.1875],[-73.1322,-38.1934],[-73.1344,-38.2073],[-73.1377,-38.2143],[-73.1412,-38.2166],[-73.1497,-38.2191],[-73.1749,-38.2267],[-73.1851,-38.2294],[-73.2002,-38.246],[-73.2058,-38.251],[-73.2113,-38.2515],[-73.221,-38.2573],[-73.2286,-38.2748],[-73.2423,-38.2751],[-73.2785,-38.2965],[-73.3021,-38.3167],[-73.3098,-38.3249],[-73.3233,-38.3357],[-73.3404,-38.3652]]],[[[-73.5511,-37.0254],[-73.5241,-36.9713],[-73.5221,-37.0059],[-73.4632,-37.0483],[-73.5094,-37.0419],[-73.5193,-37.0748],[-73.5511,-37.0254]]]]}},{"type":"Feature","properties":{"territorio":"CIRCUNSCRIPCION SENATORIAL 11","n_comunas":32},"geometry":{"type":"Polygon","coordinates":[[[-72.8569,-39.2897],[-72.8664,-39.2869],[-72.9084,-39.2896],[-72.9133,-39.2958],[-72.9201,-39.3032],[-72.9459,-39.3174],[-72.9766,-39.3013],[-72.9847,-39.2982],[-73.0092,-39.2919],[-73.0116,-39.2967],[-73.0308,-39.3123],[-73.0304,-39.3177],[-73.0323,-39.3299],[-73.0331,-39.3364],[-73.0441,-39.3376],[-73.0471,-39.3393],[-73.0525,-39.3469],[-73.059,-39.3519],[-73.0876,-39.3895],[-73.1313,-39.3935],[-73.1578,-39.4151],[-73.1643,-39.4161],[-73.212,-39.4034],[-73.222,-39.398],[-73.2263,-39.3926],[-73.2345,-39.3916],[-73.2043,-39.3661],[-73.233,-39.305],[-73.2104,-39.2335],[-73.2321,-39.2128],[-73.1817,-39.1891],[-73.234,-39.205],[-73.2252,-39.2475],[-73.3328,-38.9634],[-73.4212,-38.7595],[-73.3575,-38.7491],[-73.3584,-38.7061],[-73.3649,-38.7498],[-73.4268,-38.747],[-73.4063,-38.7117],[-73.4378,-38.7269],[-73.4108,-38.7852],[-73.4884,-38.6559],[-73.5088,-38.4837],[-73.4967,-38.4789],[-73.4949,-38.4717],[-73.4775,-38.4713],[-73.4726,-38.4661],[-73.4714,-38.4563],[-73.463,-38.4537],[-73.4581,-38.4543],[-73.4514,-38.4521],[-73.4508,-38.4507],[-73.4425,-38.4519],[-73.4373,-38.4495],[-73.4334,-38.4439],[-73.4307,-38.431],[-73.4256,-38.4311],[-73.4206,-38.4253],[-73.4168,-38.4231],[-73.4169,-38.4203],[-73.4092,-38.4196],[-73.4045,-38.4154],[-73.3984,-38.4141],[-73.3969,-38.412],[-73.3898,-38.4097],[-73.3834,-38.401],[-73.3781,-38.4033],[-73.3561,-38.4085],[-73.3487,-38.4113],[-73.3436,-38.417],[-73.3213,-38.4362],[-73.3194,-38.4402],[-73.3233,-38.4809],[-73.3141,-38.4862],[-73.3125,-38.4902],[-73.304,-38.4914],[-73.2969,-38.4903],[-73.2893,-38.4912],[-73.2813,-38.4886],[-73.272,-38.4843],[-73.2772,-38.4749],[-73.2782,-38.4662],[-73.2849,-38.4648],[-73.2852,-38.4569],[-73.2882,-38.451],[-73.2857,-38.4466],[-73.2797,-38.4334],[-73.2814,-38.4297],[-73.2892,-38.4242],[-73.3042,-38.4159],[-73.3111,-38.4085],[-73.3107,-38.4053],[-73.3068,-38.4007],[-73.3033,-38.3943],[-73.3011,-38.3836],[-73.3316,-38.3686],[-73.3385,-38.3692],[-73.3404,-38.3652],[-73.3233,-38.3357],[-73.3098,-38.3249],[-73.3021,-38.3167],[-73.2785,-38.2965],[-73.2423,-38.2751],[-73.2286,-38.2748],[-73.221,-38.2573],[-73.2113,-38.2515],[-73.2058,-38.251],[-73.2002,-38.246],[-73.1851,-38.2294],[-73.1749,-38.2267],[-73.1497,-38.2191],[-73.1412,-38.2166],[-73.1377,-38.2143],[-73.1344,-38.2073],[-73.1322,-38.1934],[-73.1338,-38.1875],[-73.1305,-38.1822],[-73.1246,-38.1832],[-73.1231,-38.188],[-73.1192,-38.1865],[-73.0966,-38.1901],[-73.0922,-38.1928],[-73.0776,-38.1754],[-73.0767,-38.1688],[-73.0887,-38.1462],[-73.0878,-38.1416],[-73.0861,-38.1406],[-73.0807,-38.1402],[-73.0757,-38.1345],[-73.0734,-38.129],[-73.0777,-38.1005],[-73.1047,-38.0891],[-73.1162,-38.0826],[-73.1563,-38.0747],[-73.1607,-38.0636],[-73.1751,-38.061],[-73.1815,-38.0631],[-73.1873,-38.0598],[-73.1922,-38.0553],[-73.2044,-38.0524],[-73.2037,-38.0342],[-73.1965,-38.0225],[-73.1857,-38.0089],[-73.1812,-38.0038],[-73.1723,-37.9858],[-73.1649,-37.9861],[-73.1284,-37.9697],[-73.1229,-37.9623],[-73.1191,-37.9584],[-73.1204,-37.9504],[-73.1135,-37.9178],[-73.1133,-37.9092],[-73.1127,-37.9055],[-73.1225,-37.9018],[-73.1247,-37.8873],[-73.1229,-37.883],[-73.121,-37.8755],[-73.1123,-37.8701],[-73.1036,-37.8717],[-73.1015,-37.8706],[-73.0921,-37.871],[-73.081,-37.8666],[-73.0774,-37.8623],[-73.0758,-37.8612],[-73.0658,-37.8523],[-73.0593,-37.8493],[-73.0485,-37.8452],[-73.0456,-37.8421],[-73.0476,-37.8372],[-73.044,-37.8326],[-73.0382,-37.8303],[-73.0235,-37.8029],[-73.035,-37.7689],[-73.0245,-37.7644],[-73.0161,-37.752],[-73.0156,-37.7474],[-73.0252,-37.7193],[-73.0345,-37.7177],[-73.0716,-37.7095],[-73.1012,-37.726],[-73.1083,-37.7212],[-73.1134,-37.7116],[-73.1139,-37.7026],[-73.1162,-37.6946],[-73.1183,-37.687],[-73.1063,-37.6876],[-73.093,-37.6766],[-73.0807,-37.6775],[-73.0781,-37.6623],[-73.07,-37.6612],[-73.0699,-37.6525],[-73.0669,-37.6498],[-73.0605,-37.6415],[-73.0644,-37.6348],[-73.0687,-37.6349],[-73.0722,-37.6248],[-73.0651,-37.6249],[-73.0579,-37.6246],[-73.023,-37.6256],[-73.0213,-37.6299],[-73.0044,-37.6255],[-73.004,-37.6223],[-72.9642,-37.6158],[-72.9568,-37.6138],[-72.9431,-37.6123],[-72.9349,-37.6113],[-72.9193,-37.6126],[-72.9155,-37.6107],[-72.9123,-37.6065],[-72.8925,-37.605],[-72.8816,-37.6055],[-72.8736,-37.6038],[-72.8687,-37.599],[-72.8636,-37.5988],[-72.8581,-37.5911],[-72.8518,-37.5897],[-72.8499,-37.5915],[-72.8441,-37.5926],[-72.7765,-37.5817],[-72.7369,-37.6178],[-72.7333,-37.6162],[-72.7301,-37.6228],[-72.7278,-37.6264],[-72.7232,-37.6228],[-72.7131,-37.6258],[-72.7104,-37.6239],[-72.71,-37.6236],[-72.7099,-37.6239],[-72.7063,-37.6236],[-72.6807,-37.6228],[-72.6726,-37.623],[-72.6664,-37.6251],[-72.6544,-37.6251],[-72.6509,-37.6227],[-72.6507,-37.6251],[-72.6528,-37.6301],[-72.6481,-37.6344],[-72.6403,-37.6404],[-72.6498,-37.6642],[-72.6423,-37.6645],[-72.6392,-37.6627],[-72.6333,-37.6661],[-72.6086,-37.6622],[-72.5992,-37.6618],[-72.5773,-37.6613],[-72.5682,-37.6647],[-72.564,-37.6653],[-72.5375,-37.6598],[-72.5328,-37.6537],[-72.5253,-37.6545],[-72.5107,-37.6464],[-72.5054,-37.6427],[-72.5002,-37.6458],[-72.4932,-37.6462],[-72.4916,-37.6549],[-72.4917,-37.6551],[-72.4915,-37.6552],[-72.4862,-37.6595],[-72.4798,-37.6802],[-72.4834,-37.6861],[-72.475,-37.6967],[-72.4768,-37.7019],[-72.4792,-37.7049],[-72.4726,-37.708],[-72.4733,-37.7132],[-72.4795,-37.7168],[-72.4846,-37.7211],[-72.4842,-37.7273],[-72.4803,-37.735],[-72.4788,-37.7399],[-72.4799,-37.7443],[-72.4795,-37.7472],[-72.4718,-37.7503],[-72.469,-37.7537],[-72.4628,-37.7645],[-72.4597,-37.768],[-72.4549,-37.7696],[-72.4492,-37.773],[-72.4473,-37.7797],[-72.4162,-37.8223],[-72.408,-37.8253],[-72.3953,-37.8419],[-72.3896,-37.8453],[-72.3455,-37.8603],[-72.3413,-37.8608],[-72.3392,-37.8633],[-72.3298,-37.8705],[-72.3176,-37.8813],[-72.3088,-37.876],[-72.2994,-37.8766],[-72.2878,-37.8752],[-72.2854,-37.8785],[-72.2755,-37.8826],[-72.2671,-37.8818],[-72.2557,-37.8828],[-72.2377,-37.8884],[-72.2267,-37.8927],[-72.2249,-37.8973],[-72.2144,-37.9022],[-72.1983,-37.9142],[-72.1961,-37.921],[-72.1522,-37.941],[-72.1444,-37.9452],[-72.1293,-37.9528],[-72.1295,-37.9576],[-72.1351,-37.9619],[-72.1259,-37.9652],[-72.128,-37.971],[-72.1218,-37.9743],[-72.1202,-37.9777],[-72.1213,-37.9815],[-72.1133,-37.9888],[-72.1116,-37.9933],[-72.0692,-38.0028],[-72.068,-38.0066],[-72.0209,-38.0031],[-72.0169,-38.0069],[-72.0011,-38.0016],[-71.9943,-37.9966],[-71.9673,-37.9935],[-71.9538,-38.0092],[-71.948,-38.0166],[-71.919,-38.0495],[-71.918,-38.0532],[-71.9076,-38.0589],[-71.8997,-38.0638],[-71.8901,-38.0742],[-71.8845,-38.0741],[-71.8795,-38.0782],[-71.872,-38.0758],[-71.8688,-38.0706],[-71.8639,-38.0675],[-71.8547,-38.0612],[-71.8478,-38.0553],[-71.8089,-38.0424],[-71.8036,-38.0415],[-71.802,-38.0391],[-71.7855,-38.034],[-71.7774,-38.0318],[-71.7713,-38.0308],[-71.7504,-38.0379],[-71.7387,-38.0414],[-71.7342,-38.0439],[-71.7164,-38.0594],[-71.7108,-38.0661],[-71.6989,-38.0836],[-71.6991,-38.0887],[-71.6998,-38.0927],[-71.7035,-38.096],[-71.7081,-38.1253],[-71.7093,-38.135],[-71.7157,-38.1417],[-71.7139,-38.1558],[-71.7057,-38.1584],[-71.6938,-38.1779],[-71.7001,-38.1808],[-71.7083,-38.1852],[-71.7068,-38.188],[-71.7101,-38.1943],[-71.7063,-38.1998],[-71.7137,-38.2074],[-71.7155,-38.21],[-71.7132,-38.2182],[-71.7039,-38.227],[-71.6974,-38.2297],[-71.6889,-38.2398],[-71.6884,-38.25],[-71.7017,-38.2581],[-71.7066,-38.255],[-71.674,-38.2993],[-71.6642,-38.2987],[-71.6495,-38.3143],[-71.6431,-38.3135],[-71.6412,-38.3083],[-71.6351,-38.2974],[-71.616,-38.2572],[-71.6083,-38.2489],[-71.6119,-38.2451],[-71.608,-38.2403],[-71.5801,-38.231],[-71.577,-38.2358],[-71.5727,-38.2391],[-71.5667,-38.2412],[-71.5411,-38.2352],[-71.5335,-38.2314],[-71.5303,-38.2261],[-71.5361,-38.2127],[-71.5339,-38.2065],[-71.5313,-38.2038],[-71.5237,-38.2067],[-71.4998,-38.2035],[-71.495,-38.1968],[-71.488,-38.1915],[-71.479,-38.1914],[-71.4758,-38.1872],[-71.4666,-38.1838],[-71.4597,-38.1842],[-71.4501,-38.1772],[-71.4368,-38.1777],[-71.4343,-38.1749],[-71.4316,-38.1661],[-71.428,-38.1623],[-71.4252,-38.1556],[-71.4195,-38.145],[-71.4183,-38.1419],[-71.4128,-38.1359],[-71.4151,-38.1291],[-71.4138,-38.1242],[-71.4108,-38.1191],[-71.4126,-38.1067],[-71.3564,-38.0845],[-71.3464,-38.0866],[-71.3052,-38.0892],[-71.2986,-38.0928],[-71.295,-38.109],[-71.2719,-38.1038],[-71.2676,-38.1051],[-71.2343,-38.0985],[-71.2233,-38.1016],[-71.2047,-38.103],[-71.1972,-38.1019],[-71.1916,-38.1057],[-71.1836,-38.1002],[-71.159,-38.1119],[-71.1486,-38.1109],[-71.1094,-38.0918],[-71.1008,-38.0935],[-71.0775,-38.0975],[-71.0681,-38.1065],[-71.047,-38.1193],[-70.9957,-38.1713],[-71.0326,-38.2495],[-70.9981,-38.2908],[-70.9833,-38.4311],[-70.9107,-38.5035],[-70.8441,-38.5367],[-70.8287,-38.5998],[-70.9046,-38.6678],[-70.883,-38.7018],[-70.9259,-38.7646],[-71.0054,-38.7697],[-71.0326,-38.7572],[-71.0705,-38.7687],[-71.0863,-38.7563],[-71.183,-38.8126],[-71.2405,-38.8015],[-71.2675,-38.8531],[-71.3926,-38.9087],[-71.4335,-38.9286],[-71.4402,-38.9777],[-71.3971,-39.046],[-71.4181,-39.0702],[-71.4201,-39.1497],[-71.3821,-39.2099],[-71.3912,-39.2588],[-71.3743,-39.2818],[-71.3994,-39.3497],[-71.4575,-39.3716],[-71.447,-39.4516],[-71.473,-39.4923],[-71.5169,-39.5032],[-71.5344,-39.5276],[-71.505,-39.5591],[-71.4695,-39.5535],[-71.4627,-39.5848],[-71.5027,-39.6371],[-71.5407,-39.6231],[-71.5789,-39.6347],[-71.6134,-39.6249],[-71.6238,-39.592],[-71.6885,-39.5631],[-71.6948,-39.5634],[-71.6978,-39.5557],[-71.7036,-39.5447],[-71.7075,-39.5206],[-71.7018,-39.5054],[-71.7049,-39.502],[-71.7146,-39.4999],[-71.7175,-39.4979],[-71.7198,-39.4966],[-71.7527,-39.5031],[-71.758,-39.5081],[-71.7629,-39.5068],[-71.7678,-39.5022],[-71.8122,-39.4868],[-71.8176,-39.4773],[-71.8427,-39.4689],[-71.8503,-39.4599],[-71.8562,-39.4493],[-71.8636,-39.4384],[-71.8663,-39.4367],[-71.8773,-39.435],[-71.8898,-39.4288],[-71.9075,-39.4269],[-71.9242,-39.4206],[-71.9397,-39.4195],[-71.9639,-39.4454],[-71.9795,-39.447],[-71.9914,-39.4445],[-72.0004,-39.4457],[-72.0205,-39.4553],[-72.0283,-39.46],[-72.0323,-39.4608],[-72.04,-39.4649],[-72.048,-39.4659],[-72.0538,-39.4709],[-72.0625,-39.4746],[-72.0709,-39.4789],[-72.0772,-39.4828],[-72.089,-39.4939],[-72.0909,-39.4974],[-72.1191,-39.5104],[-72.2525,-39.5136],[-72.2688,-39.5134],[-72.2737,-39.5097],[-72.2755,-39.5072],[-72.2694,-39.5009],[-72.2743,-39.4952],[-72.2789,-39.4912],[-72.2844,-39.4908],[-72.2918,-39.4956],[-72.3022,-39.4978],[-72.3096,-39.5024],[-72.3296,-39.5102],[-72.3916,-39.4985],[-72.3989,-39.4914],[-72.4178,-39.4803],[-72.4275,-39.4811],[-72.435,-39.4779],[-72.438,-39.4757],[-72.4419,-39.4763],[-72.4656,-39.4766],[-72.4737,-39.4787],[-72.4878,-39.4754],[-72.4972,-39.4753],[-72.5069,-39.4718],[-72.5217,-39.4724],[-72.5222,-39.4624],[-72.5298,-39.4382],[-72.5337,-39.4344],[-72.5521,-39.4406],[-72.5644,-39.4416],[-72.6047,-39.4491],[-72.6196,-39.4444],[-72.6272,-39.4463],[-72.6588,-39.4601],[-72.6767,-39.4482],[-72.6768,-39.4438],[-72.6827,-39.4382],[-72.6871,-39.4336],[-72.7024,-39.4296],[-72.7099,-39.4286],[-72.7216,-39.4259],[-72.7275,-39.4283],[-72.7359,-39.433],[-72.7362,-39.4394],[-72.7771,-39.4315],[-72.7863,-39.4308],[-72.7886,-39.427],[-72.7846,-39.422],[-72.7874,-39.4177],[-72.7934,-39.4053],[-72.8307,-39.4101],[-72.8359,-39.4133],[-72.8446,-39.4127],[-72.847,-39.4079],[-72.8566,-39.398],[-72.8695,-39.3998],[-72.8689,-39.4067],[-72.8691,-39.412],[-72.8715,-39.415],[-72.8779,-39.4148],[-72.8826,-39.4118],[-72.8853,-39.4163],[-72.8857,-39.4244],[-72.8994,-39.4183],[-72.8999,-39.4071],[-72.8996,-39.38],[-72.891,-39.3762],[-72.8879,-39.3738],[-72.8805,-39.3737],[-72.8757,-39.3713],[-72.8687,-39.3625],[-72.8612,-39.345],[-72.8581,-39.34],[-72.8365,-39.3223],[-72.8329,-39.3151],[-72.8344,-39.3117],[-72.8423,-39.307],[-72.8434,-39.3004],[-72.8478,-39.2938],[-72.8527,-39.2907],[-72.8569,-39.2897]]]}},{"type":"Feature","properties":{"territorio":"CIRCUNSCRIPCION SENATORIAL 12","n_comunas":12},"geometry":{"type":"MultiPolygon","coordinates":[[[[-73.5779,-40.2835],[-73.5962,-40.3016],[-73.6694,-40.2781],[-73.6832,-40.2512],[-73.6904,-40.2331],[-73.7167,-40.2438],[-73.7254,-40.1997],[-73.6944,-40.1902],[-73.6825,-40.1588],[-73.6616,-40.1591],[-73.6528,-40.0868],[-73.7071,-40.0063],[-73.6788,-39.9657],[-73.5933,-39.957],[-73.5928,-39.9314],[-73.5168,-39.9157],[-73.4676,-39.8511],[-73.4249,-39.8701],[-73.3891,-39.9457],[-73.3759,-39.8951],[-73.3558,-39.9162],[-73.3388,-39.9126],[-73.3222,-39.9526],[-73.2816,-39.9466],[-73.2545,-39.9028],[-73.2472,-39.9202],[-73.2319,-39.9228],[-73.2219,-39.9375],[-73.2294,-39.9237],[-73.2463,-39.9169],[-73.2572,-39.8723],[-73.2065,-39.8927],[-73.1802,-39.8878],[-73.1486,-39.9138],[-73.1547,-39.8854],[-73.164,-39.8741],[-73.2064,-39.891],[-73.251,-39.8695],[-73.2667,-39.8694],[-73.2671,-39.8404],[-73.2456,-39.8092],[-73.2263,-39.8231],[-73.2165,-39.8222],[-73.1917,-39.7851],[-73.1606,-39.8062],[-73.1272,-39.7913],[-73.1615,-39.804],[-73.1905,-39.7824],[-73.2118,-39.7943],[-73.2164,-39.817],[-73.2275,-39.8187],[-73.2642,-39.7847],[-73.2405,-39.7253],[-73.1897,-39.7221],[-73.1391,-39.7398],[-73.1359,-39.725],[-73.1423,-39.736],[-73.1899,-39.7203],[-73.1586,-39.7005],[-73.1303,-39.7079],[-73.107,-39.6879],[-73.0949,-39.6997],[-73.0824,-39.7053],[-73.0798,-39.6781],[-73.0906,-39.6896],[-73.1136,-39.6861],[-73.1318,-39.703],[-73.1858,-39.6923],[-73.132,-39.6503],[-73.161,-39.6608],[-73.1402,-39.622],[-73.1654,-39.6638],[-73.1769,-39.6349],[-73.1284,-39.595],[-73.1819,-39.6192],[-73.1793,-39.67],[-73.196,-39.6807],[-73.22,-39.677],[-73.2265,-39.662],[-73.2361,-39.6669],[-73.2218,-39.6785],[-73.1999,-39.6808],[-73.1997,-39.6973],[-73.2269,-39.7202],[-73.2458,-39.6928],[-73.2412,-39.7191],[-73.2626,-39.7373],[-73.2846,-39.7322],[-73.2583,-39.7697],[-73.2799,-39.7979],[-73.2712,-39.842],[-73.3966,-39.876],[-73.4049,-39.6938],[-73.3672,-39.6861],[-73.3607,-39.6555],[-73.32,-39.6366],[-73.2831,-39.5885],[-73.2904,-39.5568],[-73.2509,-39.532],[-73.2646,-39.4544],[-73.1876,-39.4465],[-73.2214,-39.4436],[-73.2345,-39.3916],[-73.2263,-39.3926],[-73.222,-39.398],[-73.212,-39.4034],[-73.1643,-39.4161],[-73.1578,-39.4151],[-73.1313,-39.3935],[-73.0876,-39.3895],[-73.059,-39.3519],[-73.0525,-39.3469],[-73.0471,-39.3393],[-73.0441,-39.3376],[-73.0331,-39.3364],[-73.0323,-39.3299],[-73.0304,-39.3177],[-73.0308,-39.3123],[-73.0116,-39.2967],[-73.0092,-39.2919],[-72.9847,-39.2982],[-72.9766,-39.3013],[-72.9459,-39.3174],[-72.9201,-39.3032],[-72.9133,-39.2958],[-72.9084,-39.2896],[-72.8664,-39.2869],[-72.8569,-39.2897],[-72.8527,-39.2907],[-72.8478,-39.2938],[-72.8434,-39.3004],[-72.8423,-39.307],[-72.8344,-39.3117],[-72.8329,-39.3151],[-72.8365,-39.3223],[-72.8581,-39.34],[-72.8612,-39.345],[-72.8687,-39.3625],[-72.8757,-39.3713],[-72.8805,-39.3737],[-72.8879,-39.3738],[-72.891,-39.3762],[-72.8996,-39.38],[-72.8999,-39.4071],[-72.8994,-39.4183],[-72.8857,-39.4244],[-72.8853,-39.4163],[-72.8826,-39.4118],[-72.8779,-39.4148],[-72.8715,-39.415],[-72.8691,-39.412],[-72.8689,-39.4067],[-72.8695,-39.3998],[-72.8566,-39.398],[-72.847,-39.4079],[-72.8446,-39.4127],[-72.8359,-39.4133],[-72.8307,-39.4101],[-72.7934,-39.4053],[-72.7874,-39.4177],[-72.7846,-39.422],[-72.7886,-39.427],[-72.7863,-39.4308],[-72.7771,-39.4315],[-72.7362,-39.4394],[-72.7359,-39.433],[-72.7275,-39.4283],[-72.7216,-39.4259],[-72.7099,-39.4286],[-72.7024,-39.4296],[-72.6871,-39.4336],[-72.6827,-39.4382],[-72.6768,-39.4438],[-72.6767,-39.4482],[-72.6588,-39.4601],[-72.6272,-39.4463],[-72.6196,-39.4444],[-72.6047,-39.4491],[-72.5644,-39.4416],[-72.5521,-39.4406],[-72.5337,-39.4344],[-72.5298,-39.4382],[-72.5222,-39.4624],[-72.5217,-39.4724],[-72.5069,-39.4718],[-72.4972,-39.4753],[-72.4878,-39.4754],[-72.4737,-39.4787],[-72.4656,-39.4766],[-72.4419,-39.4763],[-72.438,-39.4757],[-72.435,-39.4779],[-72.4275,-39.4811],[-72.4178,-39.4803],[-72.3989,-39.4914],[-72.3916,-39.4985],[-72.3296,-39.5102],[-72.3096,-39.5024],[-72.3022,-39.4978],[-72.2918,-39.4956],[-72.2844,-39.4908],[-72.2789,-39.4912],[-72.2743,-39.4952],[-72.2694,-39.5009],[-72.2755,-39.5072],[-72.2737,-39.5097],[-72.2688,-39.5134],[-72.2525,-39.5136],[-72.1191,-39.5104],[-72.0909,-39.4974],[-72.089,-39.4939],[-72.0772,-39.4828],[-72.0709,-39.4789],[-72.0625,-39.4746],[-72.0538,-39.4709],[-72.048,-39.4659],[-72.04,-39.4649],[-72.0323,-39.4608],[-72.0283,-39.46],[-72.0205,-39.4553],[-72.0004,-39.4457],[-71.9914,-39.4445],[-71.9795,-39.447],[-71.9639,-39.4454],[-71.9397,-39.4195],[-71.9242,-39.4206],[-71.9075,-39.4269],[-71.8898,-39.4288],[-71.8773,-39.435],[-71.8663,-39.4367],[-71.8636,-39.4384],[-71.8562,-39.4493],[-71.8503,-39.4599],[-71.8427,-39.4689],[-71.8176,-39.4773],[-71.8122,-39.4868],[-71.7678,-39.5022],[-71.7629,-39.5068],[-71.758,-39.5081],[-71.7527,-39.5031],[-71.7198,-39.4966],[-71.7175,-39.4979],[-71.7146,-39.4999],[-71.7049,-39.502],[-71.7018,-39.5054],[-71.7075,-39.5206],[-71.7036,-39.5447],[-71.6978,-39.5557],[-71.6948,-39.5634],[-71.6885,-39.5631],[-71.6948,-39.6242],[-71.7177,-39.6375],[-71.6695,-39.6821],[-71.7052,-39.6954],[-71.694,-39.7071],[-71.7122,-39.7239],[-71.6672,-39.8078],[-71.6907,-39.8447],[-71.6785,-39.8602],[-71.6406,-39.8556],[-71.633,-39.8825],[-71.6142,-39.8745],[-71.5933,-39.9017],[-71.6255,-39.9388],[-71.6194,-39.9721],[-71.6458,-39.971],[-71.6884,-40.0328],[-71.6665,-40.0728],[-71.6744,-40.1048],[-71.699,-40.1175],[-71.8146,-40.081],[-71.8314,-40.1062],[-71.8038,-40.1098],[-71.7997,-40.1373],[-71.8289,-40.1725],[-71.7985,-40.1869],[-71.8276,-40.2052],[-71.824,-40.2328],[-71.7612,-40.2761],[-71.7469,-40.3065],[-71.7156,-40.2792],[-71.6841,-40.294],[-71.656,-40.3539],[-71.693,-40.3723],[-71.7101,-40.4243],[-71.7493,-40.435],[-71.7597,-40.4158],[-71.8071,-40.4062],[-71.8258,-40.4206],[-71.8563,-40.5084],[-71.843,-40.5253],[-71.8586,-40.5545],[-71.8892,-40.5514],[-71.8824,-40.5688],[-71.8854,-40.5834],[-71.8933,-40.5867],[-71.9287,-40.5906],[-71.97,-40.6344],[-72.0538,-40.6303],[-72.079,-40.6599],[-72.2067,-40.6667],[-72.219,-40.6619],[-72.2467,-40.6669],[-72.2848,-40.6481],[-72.2883,-40.6477],[-72.3348,-40.6758],[-72.3542,-40.6603],[-72.4175,-40.6556],[-72.4375,-40.6542],[-72.6068,-40.6811],[-72.6319,-40.6582],[-72.6444,-40.6564],[-72.648,-40.6462],[-72.6579,-40.6242],[-72.7275,-40.6116],[-72.7314,-40.6141],[-72.7946,-40.5858],[-72.8146,-40.5451],[-72.8421,-40.5432],[-72.8508,-40.5356],[-72.8555,-40.5367],[-72.8577,-40.5368],[-72.8588,-40.5351],[-72.8717,-40.5191],[-72.8796,-40.5178],[-72.9025,-40.445],[-72.9238,-40.4346],[-72.9294,-40.4333],[-72.9803,-40.3852],[-73.0355,-40.38],[-73.0472,-40.3714],[-73.0598,-40.3709],[-73.0638,-40.3661],[-73.0795,-40.3447],[-73.1286,-40.35],[-73.1315,-40.3497],[-73.1377,-40.35],[-73.1691,-40.3537],[-73.1776,-40.3474],[-73.2181,-40.3511],[-73.2273,-40.3526],[-73.3075,-40.3342],[-73.3261,-40.3363],[-73.3437,-40.3348],[-73.352,-40.3366],[-73.4069,-40.3376],[-73.4427,-40.3059],[-73.4562,-40.2695],[-73.5131,-40.2888],[-73.5779,-40.2835]]],[[[-73.3253,-39.9212],[-73.3446,-39.9015],[-73.3291,-39.8987],[-73.38,-39.8834],[-73.3086,-39.8584],[-73.2572,-39.8987],[-73.2857,-39.9458],[-73.33,-39.9302],[-73.3253,-39.9212]]],[[[-73.2454,-39.8065],[-73.2608,-39.8263],[-73.2664,-39.7852],[-73.2454,-39.8065]]]]}},{"type":"Feature","properties":{"territorio":"CIRCUNSCRIPCION SENATORIAL 13","n_comunas":30},"geometry":{"type":"MultiPolygon","coordinates":[[[[-74.8153,-43.6249],[-74.8351,-43.5645],[-74.7852,-43.5757],[-74.7453,-43.5656],[-74.7434,-43.5173],[-74.6802,-43.5523],[-74.6492,-43.5484],[-74.5547,-43.6276],[-74.682,-43.6409],[-74.7669,-43.6808],[-74.8153,-43.6249]]],[[[-74.2331,-43.4075],[-74.2641,-43.4279],[-74.286,-43.4153],[-74.2764,-43.3626],[-74.2532,-43.3488],[-74.2331,-43.4075]]],[[[-73.7791,-43.3563],[-73.8087,-43.3206],[-73.76,-43.317],[-73.6624,-43.3527],[-73.6823,-43.3919],[-73.6992,-43.3834],[-73.7232,-43.3992],[-73.7743,-43.3829],[-73.7791,-43.3563]]],[[[-73.626,-43.2382],[-73.6421,-43.1874],[-73.6124,-43.1679],[-73.5755,-43.2723],[-73.626,-43.2382]]],[[[-73.6691,-43.2468],[-73.7442,-43.2046],[-73.7175,-43.1753],[-73.6624,-43.195],[-73.6691,-43.2468]]],[[[-73.4983,-43.1732],[-73.5834,-43.204],[-73.5616,-43.1858],[-73.5856,-43.1404],[-73.5557,-43.1361],[-73.5496,-43.1683],[-73.5174,-43.1776],[-73.5111,-43.1526],[-73.5328,-43.1553],[-73.5183,-43.1409],[-73.4983,-43.1732]]],[[[-73.6405,-42.9427],[-73.593,-42.9524],[-73.6031,-42.9695],[-73.5445,-42.9741],[-73.51,-43.0703],[-73.5718,-43.0335],[-73.616,-43.055],[-73.5772,-43.0513],[-73.4937,-43.0862],[-73.4793,-43.1453],[-73.5321,-43.1256],[-73.5408,-43.1007],[-73.5445,-43.1222],[-73.6314,-43.118],[-73.6238,-43.1434],[-73.7067,-43.1502],[-73.7235,-43.0929],[-73.757,-43.1451],[-73.7392,-43.1709],[-73.752,-43.2043],[-73.6751,-43.2671],[-73.6625,-43.3189],[-73.7959,-43.3133],[-73.844,-43.2855],[-73.8714,-43.2878],[-73.8102,-43.3125],[-73.8126,-43.3313],[-73.7949,-43.3531],[-73.7952,-43.4129],[-73.8226,-43.4009],[-73.8489,-43.4288],[-73.883,-43.4204],[-73.9228,-43.3704],[-73.98,-43.361],[-74.004,-43.3902],[-74.0226,-43.3507],[-74.0558,-43.3513],[-74.0925,-43.3238],[-74.0532,-43.3572],[-74.0265,-43.3562],[-74.1067,-43.392],[-74.1454,-43.349],[-74.2986,-43.3242],[-74.3269,-43.2916],[-74.3638,-43.2925],[-74.4042,-43.2644],[-74.4048,-43.2331],[-74.3752,-43.2225],[-74.3475,-43.1496],[-74.3049,-43.131],[-74.334,-43.1196],[-74.3241,-43.0771],[-74.2916,-43.081],[-74.2247,-43.0249],[-74.261,-42.9911],[-74.2032,-42.9656],[-74.2279,-42.9172],[-74.1716,-42.9033],[-74.1516,-42.8495],[-74.169,-42.7672],[-74.1442,-42.76],[-74.1573,-42.7123],[-74.1277,-42.7028],[-74.1223,-42.649],[-74.1489,-42.5515],[-74.1953,-42.5163],[-74.1858,-42.5075],[-74.1779,-42.4709],[-74.189,-42.4322],[-74.1392,-42.3241],[-74.1714,-42.2676],[-74.1378,-42.2178],[-74.1337,-42.1984],[-74.0526,-42.1465],[-74.0574,-42.1059],[-74.0264,-42.0689],[-74.0542,-41.9698],[-74.0248,-41.9474],[-74.0526,-41.9373],[-74.0057,-41.9251],[-73.9937,-41.8913],[-74.06,-41.8327],[-74.0097,-41.774],[-73.9502,-41.7966],[-73.9118,-41.787],[-73.9007,-41.7668],[-73.8775,-41.7837],[-73.9095,-41.7948],[-73.8569,-41.829],[-73.8791,-41.8549],[-73.8949,-41.8576],[-73.9,-41.8258],[-73.9191,-41.8534],[-73.9375,-41.8454],[-73.9331,-41.8224],[-73.9739,-41.8348],[-73.9808,-41.8202],[-73.9975,-41.8523],[-73.8565,-41.8828],[-73.8064,-41.8596],[-73.8008,-41.874],[-73.7577,-41.9054],[-73.7612,-41.9282],[-73.8081,-41.9406],[-73.7696,-41.9695],[-73.7529,-41.9528],[-73.7652,-41.9377],[-73.7493,-41.9297],[-73.7306,-41.9582],[-73.7393,-41.9306],[-73.7128,-41.9273],[-73.7467,-41.918],[-73.77,-41.8733],[-73.7325,-41.8892],[-73.7528,-41.8697],[-73.7986,-41.8681],[-73.7737,-41.8681],[-73.7261,-41.8441],[-73.6634,-41.7969],[-73.625,-41.8261],[-73.5883,-41.7932],[-73.5397,-41.7964],[-73.5235,-41.828],[-73.4768,-41.8342],[-73.5329,-41.8759],[-73.4714,-41.9046],[-73.5279,-41.8926],[-73.5093,-41.9234],[-73.5431,-41.925],[-73.5641,-41.9473],[-73.5525,-41.967],[-73.5165,-41.9518],[-73.5149,-41.973],[-73.4145,-42.0731],[-73.4425,-42.1198],[-73.484,-42.1177],[-73.4706,-42.1429],[-73.4882,-42.1609],[-73.4237,-42.1777],[-73.3987,-42.2105],[-73.3647,-42.2051],[-73.3603,-42.2414],[-73.3859,-42.2469],[-73.3371,-42.2678],[-73.3602,-42.2968],[-73.3556,-42.3381],[-73.4427,-42.3209],[-73.4718,-42.3435],[-73.5516,-42.3356],[-73.5813,-42.3617],[-73.6285,-42.3661],[-73.6702,-42.3962],[-73.6409,-42.4358],[-73.6838,-42.4797],[-73.5771,-42.5338],[-73.6306,-42.5238],[-73.64,-42.5464],[-73.72,-42.5687],[-73.7435,-42.5367],[-73.784,-42.5334],[-73.7341,-42.494],[-73.7333,-42.4279],[-73.7525,-42.4359],[-73.749,-42.4762],[-73.767,-42.4649],[-73.759,-42.4825],[-73.7972,-42.5246],[-73.8005,-42.5447],[-73.7511,-42.5513],[-73.7867,-42.6128],[-73.7054,-42.6644],[-73.6598,-42.6646],[-73.6823,-42.6925],[-73.6331,-42.7008],[-73.6133,-42.7454],[-73.5499,-42.7541],[-73.4851,-42.7948],[-73.4719,-42.8959],[-73.4904,-42.9051],[-73.4779,-42.8939],[-73.4852,-42.8744],[-73.4864,-42.8856],[-73.5107,-42.8754],[-73.5707,-42.8882],[-73.6147,-42.8173],[-73.6236,-42.8473],[-73.6456,-42.8462],[-73.5929,-42.8623],[-73.5809,-42.8848],[-73.5987,-42.8919],[-73.6382,-42.8816],[-73.6452,-42.8602],[-73.7084,-42.8595],[-73.74,-42.8402],[-73.7524,-42.8495],[-73.7375,-42.854],[-73.6165,-42.9168],[-73.6162,-42.9405],[-73.6405,-42.9427]]],[[[-73.5753,-42.9362],[-73.6045,-42.9288],[-73.5638,-42.9161],[-73.5183,-42.917],[-73.3242,-43.0152],[-73.4611,-42.9943],[-73.5147,-42.9746],[-73.5278,-42.9441],[-73.5686,-42.959],[-73.5753,-42.9362]]],[[[-73.6579,-42.6386],[-73.6987,-42.655],[-73.7445,-42.6281],[-73.7212,-42.5954],[-73.6794,-42.6013],[-73.5934,-42.5701],[-73.5659,-42.618],[-73.5807,-42.6716],[-73.5195,-42.6799],[-73.5777,-42.7082],[-73.5987,-42.6516],[-73.6579,-42.6386]]],[[[-73.508,-42.6104],[-73.496,-42.6024],[-73.4236,-42.6234],[-73.4734,-42.6485],[-73.5312,-42.6464],[-73.5291,-42.6162],[-73.4815,-42.6411],[-73.508,-42.6104]]],[[[-73.5366,-42.5996],[-73.5215,-42.556],[-73.4974,-42.5482],[-73.5137,-42.6012],[-73.5366,-42.5996]]],[[[-73.4359,-42.5403],[-73.4108,-42.5474],[-73.4545,-42.5168],[-73.4956,-42.5151],[-73.5394,-42.4679],[-73.6383,-42.4692],[-73.6053,-42.4362],[-73.6583,-42.3896],[-73.5982,-42.3815],[-73.5243,-42.3936],[-73.5136,-42.4564],[-73.4577,-42.4792],[-73.3963,-42.54],[-73.3894,-42.5837],[-73.4424,-42.5719],[-73.4359,-42.5403]]],[[[-73.8106,-41.7306],[-73.8031,-41.7451],[-73.821,-41.7417],[-73.8106,-41.7306]]],[[[-73.7604,-41.7454],[-73.731,-41.7382],[-73.7022,-41.6975],[-73.697,-41.6337],[-73.673,-41.6396],[-73.6407,-41.6018],[-73.593,-41.6161],[-73.5683,-41.6441],[-73.5871,-41.6162],[-73.563,-41.6297],[-73.5637,-41.6083],[-73.5122,-41.6172],[-73.4812,-41.5255],[-73.42,-41.5074],[-73.3942,-41.5231],[-73.4069,-41.5038],[-73.3484,-41.5228],[-73.3745,-41.5038],[-73.4317,-41.4971],[-73.4887,-41.5198],[-73.508,-41.55],[-73.5328,-41.5906],[-73.587,-41.5891],[-73.5719,-41.5949],[-73.5995,-41.6057],[-73.6635,-41.5722],[-73.6012,-41.5526],[-73.6439,-41.5591],[-73.6793,-41.5009],[-73.7079,-41.4941],[-73.6751,-41.5402],[-73.6793,-41.5842],[-73.6577,-41.5897],[-73.6748,-41.6023],[-73.7531,-41.5576],[-73.79,-41.5825],[-73.7927,-41.5263],[-73.854,-41.4616],[-73.8335,-41.4416],[-73.8541,-41.428],[-73.8318,-41.3748],[-73.8437,-41.2813],[-73.7967,-41.2715],[-73.7893,-41.2499],[-73.7971,-41.2707],[-73.8539,-41.2822],[-73.8735,-41.2076],[-73.9196,-41.1444],[-73.9062,-41.1248],[-73.9238,-41.1204],[-73.9344,-41.0613],[-73.9358,-40.9633],[-73.8576,-40.9366],[-73.8458,-40.914],[-73.8855,-40.8679],[-73.8682,-40.8085],[-73.829,-40.7213],[-73.8001,-40.7157],[-73.8339,-40.667],[-73.8097,-40.6621],[-73.8042,-40.6374],[-73.7575,-40.6206],[-73.7161,-40.5559],[-73.7165,-40.5288],[-73.777,-40.4542],[-73.7473,-40.4443],[-73.7629,-40.3894],[-73.7408,-40.3414],[-73.7483,-40.2852],[-73.7124,-40.2447],[-73.6832,-40.2512],[-73.6694,-40.2781],[-73.5962,-40.3016],[-73.5779,-40.2835],[-73.5131,-40.2888],[-73.4562,-40.2695],[-73.4427,-40.3059],[-73.4069,-40.3376],[-73.352,-40.3366],[-73.3437,-40.3348],[-73.3261,-40.3363],[-73.3075,-40.3342],[-73.2273,-40.3526],[-73.2181,-40.3511],[-73.1776,-40.3474],[-73.1691,-40.3537],[-73.1377,-40.35],[-73.1315,-40.3497],[-73.1286,-40.35],[-73.0795,-40.3447],[-73.0638,-40.3661],[-73.0598,-40.3709],[-73.0472,-40.3714],[-73.0355,-40.38],[-72.9803,-40.3852],[-72.9294,-40.4333],[-72.9238,-40.4346],[-72.9025,-40.445],[-72.8796,-40.5178],[-72.8717,-40.5191],[-72.8588,-40.5351],[-72.8577,-40.5368],[-72.8555,-40.5367],[-72.8508,-40.5356],[-72.8421,-40.5432],[-72.8146,-40.5451],[-72.7946,-40.5858],[-72.7314,-40.6141],[-72.7275,-40.6116],[-72.6579,-40.6242],[-72.648,-40.6462],[-72.6444,-40.6564],[-72.6319,-40.6582],[-72.6068,-40.6811],[-72.4375,-40.6542],[-72.4175,-40.6556],[-72.3542,-40.6603],[-72.3348,-40.6758],[-72.2883,-40.6477],[-72.2848,-40.6481],[-72.2467,-40.6669],[-72.219,-40.6619],[-72.2067,-40.6667],[-72.079,-40.6599],[-72.0538,-40.6303],[-71.97,-40.6344],[-71.9287,-40.5906],[-71.8933,-40.5867],[-71.8854,-40.5834],[-71.8824,-40.5688],[-71.856,-40.5921],[-71.8255,-40.5777],[-71.8689,-40.6634],[-71.9628,-40.7207],[-71.9585,-40.7595],[-71.9192,-40.7886],[-71.9296,-40.8175],[-71.9076,-40.8576],[-71.8584,-40.8818],[-71.8562,-40.9599],[-71.8996,-40.9592],[-71.9051,-40.9836],[-71.82,-41.0615],[-71.8516,-41.0991],[-71.8388,-41.1483],[-71.8873,-41.1608],[-71.8343,-41.2716],[-71.8985,-41.2557],[-71.8766,-41.3086],[-71.9094,-41.361],[-71.8362,-41.4328],[-71.8277,-41.4818],[-71.853,-41.5157],[-71.8175,-41.5754],[-71.8471,-41.5654],[-71.8853,-41.605],[-71.7946,-41.694],[-71.8103,-41.7211],[-71.7533,-41.7855],[-71.773,-41.7952],[-71.7499,-41.8238],[-71.7955,-41.8379],[-71.7723,-41.9381],[-71.7941,-41.9625],[-71.7568,-42.0368],[-71.7259,-42.0487],[-71.741,-42.0825],[-71.7257,-42.1125],[-71.7757,-42.1294],[-71.7817,-42.1479],[-71.8368,-42.163],[-71.8742,-42.1547],[-71.9149,-42.1893],[-71.9593,-42.1402],[-72.0108,-42.1378],[-72.0528,-42.1138],[-72.0808,-42.1307],[-72.067,-42.1473],[-72.1218,-42.1548],[-72.1683,-42.139],[-72.1871,-42.1578],[-72.1571,-42.1936],[-72.1515,-42.2491],[-72.1677,-42.2609],[-72.1215,-42.3246],[-72.1374,-42.3287],[-72.1309,-42.3846],[-72.1122,-42.3981],[-72.0773,-42.3829],[-72.0297,-42.4064],[-72.0471,-42.4509],[-72.0114,-42.4884],[-72.0567,-42.5698],[-72.0753,-42.5651],[-72.1168,-42.6026],[-72.097,-42.6418],[-72.1221,-42.6721],[-72.1672,-42.6725],[-72.175,-42.6999],[-72.1284,-42.7331],[-72.1455,-42.7428],[-72.1312,-42.778],[-72.1647,-42.8006],[-72.1196,-42.8759],[-72.1387,-42.8933],[-72.118,-42.9357],[-72.074,-42.9493],[-72.0034,-43.0398],[-71.9431,-43.0473],[-71.9337,-43.1015],[-71.8928,-43.1072],[-71.859,-43.1427],[-71.7608,-43.1645],[-71.73,-43.1981],[-71.7572,-43.2282],[-71.7351,-43.3134],[-71.7867,-43.2964],[-71.8311,-43.3352],[-71.903,-43.3207],[-71.894,-43.3802],[-71.9323,-43.3869],[-71.9135,-43.4163],[-71.9282,-43.4383],[-71.9262,-43.4589],[-71.8808,-43.4513],[-71.8484,-43.4833],[-71.8751,-43.5508],[-71.7734,-43.5395],[-71.7592,-43.5861],[-71.7074,-43.5838],[-71.7015,-43.6248],[-71.6253,-43.6243],[-71.5811,-43.6519],[-71.5884,-43.6788],[-71.6114,-43.6794],[-71.6003,-43.6964],[-71.6623,-43.7028],[-71.6622,-43.7213],[-71.6982,-43.7273],[-71.7539,-43.7882],[-71.7637,-43.8412],[-71.7051,-43.869],[-71.6949,-43.9032],[-71.6564,-43.914],[-71.6491,-43.9478],[-71.7368,-44.0671],[-71.7965,-44.0427],[-71.7957,-44.0316],[-71.8105,-44.0126],[-71.822,-44.0109],[-71.8147,-43.9627],[-71.8094,-43.9585],[-71.8169,-43.9536],[-71.827,-43.9511],[-71.8584,-43.9287],[-71.9146,-43.9411],[-71.9739,-43.9294],[-71.9718,-43.9346],[-71.9584,-43.9572],[-71.9803,-43.9671],[-72.0137,-43.966],[-72.043,-43.9364],[-72.061,-43.9428],[-72.0641,-43.9508],[-72.0683,-43.9559],[-72.0762,-43.9557],[-72.0972,-43.9465],[-72.1081,-43.9299],[-72.0764,-43.9024],[-72.0801,-43.8979],[-72.1185,-43.8775],[-72.1362,-43.8897],[-72.1525,-43.8806],[-72.1585,-43.8811],[-72.1822,-43.894],[-72.1881,-43.8699],[-72.195,-43.8661],[-72.1936,-43.8421],[-72.2824,-43.8307],[-72.2756,-43.8253],[-72.2424,-43.8078],[-72.2768,-43.7896],[-72.2861,-43.7914],[-72.3024,-43.772],[-72.2755,-43.7565],[-72.2825,-43.7544],[-72.3025,-43.7358],[-72.3082,-43.7335],[-72.2981,-43.7148],[-72.3211,-43.6893],[-72.3382,-43.6739],[-72.3869,-43.6923],[-72.3992,-43.6897],[-72.4074,-43.6947],[-72.4169,-43.705],[-72.4225,-43.729],[-72.4764,-43.7358],[-72.4774,-43.7548],[-72.4832,-43.7574],[-72.4805,-43.7736],[-72.4908,-43.7799],[-72.4906,-43.7883],[-72.495,-43.7903],[-72.5304,-43.7844],[-72.5373,-43.7853],[-72.5419,-43.7843],[-72.5477,-43.7805],[-72.5851,-43.7663],[-72.5882,-43.7616],[-72.6348,-43.7602],[-72.6417,-43.7591],[-72.6539,-43.7597],[-72.655,-43.7668],[-72.6537,-43.769],[-72.654,-43.776],[-72.6782,-43.774],[-72.6866,-43.7699],[-72.6927,-43.7653],[-72.763,-43.7703],[-72.7666,-43.7632],[-72.7675,-43.7519],[-72.7701,-43.75],[-72.7751,-43.7499],[-72.782,-43.7459],[-72.794,-43.726],[-72.7892,-43.727],[-72.7667,-43.6919],[-72.7897,-43.6541],[-72.7919,-43.6488],[-72.8233,-43.6437],[-72.8439,-43.7232],[-72.8823,-43.7417],[-72.8922,-43.7395],[-72.9064,-43.7178],[-72.9102,-43.7117],[-72.9334,-43.6974],[-72.9404,-43.6979],[-72.9669,-43.7167],[-72.9763,-43.7162],[-73.0216,-43.7201],[-73.0262,-43.7204],[-73.0352,-43.7339],[-73.0418,-43.7353],[-73.0318,-43.7114],[-72.9662,-43.6831],[-72.9522,-43.6372],[-72.8961,-43.6066],[-72.8879,-43.6251],[-72.8743,-43.6111],[-72.8854,-43.5804],[-72.9123,-43.6062],[-72.9996,-43.5925],[-73.0279,-43.5369],[-73.0522,-43.5279],[-73.0431,-43.5166],[-73.0907,-43.4629],[-73.0916,-43.4349],[-73.0502,-43.3942],[-73.0615,-43.3235],[-72.9805,-43.2682],[-72.874,-43.2379],[-72.914,-43.1287],[-72.8592,-43.0284],[-72.7812,-43.0288],[-72.7517,-43.076],[-72.7262,-43.0759],[-72.7536,-43.0089],[-72.7767,-43.0064],[-72.8174,-42.9517],[-72.811,-42.9333],[-72.7635,-42.9466],[-72.7127,-42.9137],[-72.8354,-42.8342],[-72.8556,-42.7678],[-72.8343,-42.7452],[-72.8432,-42.7087],[-72.8051,-42.7002],[-72.8055,-42.6777],[-72.8323,-42.6662],[-72.8559,-42.6195],[-72.8134,-42.5071],[-72.676,-42.521],[-72.5404,-42.5839],[-72.5227,-42.5709],[-72.5013,-42.5729],[-72.4906,-42.5643],[-72.5005,-42.5506],[-72.5052,-42.5709],[-72.5264,-42.5658],[-72.5205,-42.5466],[-72.6308,-42.5133],[-72.683,-42.466],[-72.7047,-42.4045],[-72.7264,-42.4075],[-72.7665,-42.3772],[-72.7854,-42.3133],[-72.829,-42.3208],[-72.8392,-42.2924],[-72.7366,-42.2236],[-72.6709,-42.2247],[-72.5821,-42.1883],[-72.5161,-42.2417],[-72.5063,-42.3492],[-72.4536,-42.3986],[-72.4399,-42.4878],[-72.4233,-42.4793],[-72.3971,-42.469],[-72.4193,-42.4437],[-72.4151,-42.3785],[-72.4571,-42.3439],[-72.4705,-42.3003],[-72.4471,-42.269],[-72.394,-42.2493],[-72.4478,-42.2558],[-72.4609,-42.2013],[-72.4439,-42.165],[-72.3617,-42.1687],[-72.4511,-42.1623],[-72.465,-42.1438],[-72.4677,-42.0789],[-72.4277,-41.9773],[-72.4934,-41.9691],[-72.5351,-42.0429],[-72.5897,-42.0402],[-72.5996,-42.0062],[-72.615,-42.0426],[-72.6434,-42.0369],[-72.6323,-42.0122],[-72.6834,-42.002],[-72.6896,-42.0304],[-72.7197,-42.0036],[-72.8128,-41.9734],[-72.8071,-41.9386],[-72.8782,-41.914],[-72.8216,-41.8916],[-72.7874,-41.834],[-72.7025,-41.7885],[-72.6495,-41.7311],[-72.6033,-41.736],[-72.588,-41.7474],[-72.5759,-41.7342],[-72.5645,-41.7447],[-72.5093,-41.7227],[-72.4656,-41.7249],[-72.3952,-41.7005],[-72.3277,-41.6481],[-72.3109,-41.658],[-72.2844,-41.6444],[-72.3157,-41.6531],[-72.3268,-41.6216],[-72.3123,-41.5501],[-72.2784,-41.5031],[-72.3153,-41.4934],[-72.3044,-41.4542],[-72.2758,-41.3918],[-72.3117,-41.3766],[-72.3304,-41.4077],[-72.3214,-41.4242],[-72.3118,-41.4082],[-72.3,-41.415],[-72.326,-41.4515],[-72.3244,-41.5],[-72.3861,-41.6604],[-72.5699,-41.7146],[-72.6489,-41.6949],[-72.6691,-41.6158],[-72.6933,-41.6141],[-72.7839,-41.5124],[-72.8194,-41.4939],[-72.8513,-41.5092],[-72.861,-41.4893],[-72.8864,-41.4999],[-72.9392,-41.4729],[-73.0007,-41.513],[-73.0404,-41.5184],[-73.0317,-41.5615],[-73.0969,-41.5904],[-73.065,-41.6127],[-73.0865,-41.6202],[-73.0543,-41.6445],[-73.0667,-41.667],[-73.05,-41.6825],[-73.0379,-41.7043],[-73.0611,-41.7215],[-73.0966,-41.7033],[-73.1165,-41.753],[-73.1499,-41.7501],[-73.158,-41.715],[-73.1689,-41.7458],[-73.1274,-41.7618],[-73.1241,-41.779],[-73.1572,-41.8083],[-73.1905,-41.7963],[-73.1577,-41.7976],[-73.1371,-41.7672],[-73.153,-41.7631],[-73.1575,-41.7749],[-73.1789,-41.776],[-73.1876,-41.7824],[-73.1827,-41.7575],[-73.1884,-41.7473],[-73.2471,-41.714],[-73.262,-41.7304],[-73.2389,-41.775],[-73.2559,-41.788],[-73.406,-41.7658],[-73.3487,-41.8118],[-73.391,-41.8064],[-73.4207,-41.7828],[-73.4811,-41.7992],[-73.5403,-41.7734],[-73.7604,-41.7454]]],[[[-73.4352,-43.0637],[-73.4707,-43.0426],[-73.4472,-43.0463],[-73.4352,-43.0637]]],[[[-73.2412,-42.6616],[-73.3114,-42.6522],[-73.3582,-42.6316],[-73.3431,-42.6224],[-73.2353,-42.6336],[-73.2412,-42.6616]]],[[[-73.2658,-42.6122],[-73.329,-42.5974],[-73.2976,-42.5866],[-73.2622,-42.5973],[-73.2658,-42.6122]]],[[[-73.2221,-42.5601],[-73.1962,-42.6174],[-73.2104,-42.6297],[-73.216,-42.5901],[-73.2211,-42.6166],[-73.243,-42.6136],[-73.2221,-42.5601]]],[[[-73.2931,-42.4623],[-73.2497,-42.4808],[-73.2639,-42.5142],[-73.2931,-42.4623]]],[[[-73.3767,-42.4898],[-73.3617,-42.4516],[-73.3179,-42.453],[-73.3,-42.4721],[-73.3767,-42.4898]]],[[[-73.4615,-42.4354],[-73.4351,-42.4222],[-73.4228,-42.4493],[-73.4338,-42.434],[-73.4615,-42.4354]]],[[[-73.2914,-42.3891],[-73.2867,-42.4269],[-73.3296,-42.4376],[-73.3456,-42.4225],[-73.3077,-42.4228],[-73.3113,-42.3995],[-73.2914,-42.3891]]],[[[-73.4365,-42.408],[-73.4601,-42.3789],[-73.4373,-42.3698],[-73.4128,-42.3943],[-73.4365,-42.408]]],[[[-73.1107,-42.375],[-73.1197,-42.3947],[-73.1534,-42.3978],[-73.1107,-42.375]]],[[[-73.217,-42.3393],[-73.2678,-42.3351],[-73.2646,-42.3189],[-73.217,-42.3393]]],[[[-73.1954,-42.3191],[-73.2077,-42.3279],[-73.2167,-42.3055],[-73.1954,-42.3191]]],[[[-73.2888,-42.3175],[-73.3126,-42.3055],[-73.2762,-42.2848],[-73.233,-42.31],[-73.2888,-42.3175]]],[[[-73.1241,-42.2961],[-73.1276,-42.2768],[-73.1028,-42.2802],[-73.1233,-42.269],[-73.1356,-42.2774],[-73.1106,-42.2581],[-73.0671,-42.2687],[-73.0605,-42.2982],[-73.1315,-42.3419],[-73.174,-42.2692],[-73.1365,-42.2887],[-73.1436,-42.3013],[-73.1241,-42.2961]]],[[[-73.2632,-42.2747],[-73.2219,-42.2778],[-73.2059,-42.2829],[-73.187,-42.3029],[-73.2182,-42.303],[-73.2029,-42.289],[-73.2158,-42.2957],[-73.2632,-42.2747]]],[[[-73.1698,-42.2476],[-73.1442,-42.2743],[-73.187,-42.2453],[-73.1698,-42.2476]]],[[[-73.3798,-42.1137],[-73.3479,-42.1773],[-73.3871,-42.1841],[-73.4122,-42.1536],[-73.4614,-42.1394],[-73.3886,-42.1052],[-73.3798,-42.1137]]],[[[-73.0671,-41.8994],[-73.1442,-41.9139],[-73.1602,-41.9061],[-73.1167,-41.8968],[-73.1365,-41.8928],[-73.1614,-41.8778],[-73.1829,-41.8718],[-73.1758,-41.8717],[-73.1627,-41.8717],[-73.1273,-41.8933],[-73.1391,-41.8824],[-73.1313,-41.8829],[-73.1055,-41.9036],[-73.0671,-41.8994]]],[[[-73.3283,-41.8185],[-73.3427,-41.7987],[-73.3209,-41.8182],[-73.3477,-41.8328],[-73.3283,-41.8185]]],[[[-73.2424,-41.8009],[-73.2327,-41.7716],[-73.2458,-41.7198],[-73.2293,-41.7371],[-73.1898,-41.7566],[-73.19,-41.7825],[-73.1838,-41.7843],[-73.1769,-41.7764],[-73.158,-41.7761],[-73.1602,-41.7912],[-73.2424,-41.8009]]],[[[-72.9488,-42.7985],[-72.9374,-42.7846],[-72.9515,-42.8099],[-73.0317,-42.719],[-73.0187,-42.6937],[-72.9765,-42.7389],[-72.9443,-42.7173],[-72.9238,-42.7238],[-72.9208,-42.7861],[-72.9703,-42.7522],[-72.9488,-42.7985]]],[[[-73.0521,-42.7213],[-73.0646,-42.7514],[-73.0726,-42.7163],[-73.0521,-42.7213]]],[[[-72.8636,-42.6767],[-72.8539,-42.6604],[-72.8209,-42.6748],[-72.8336,-42.7052],[-72.8636,-42.6767]]],[[[-73.0788,-42.654],[-73.0767,-42.6811],[-73.0931,-42.6628],[-73.0788,-42.654]]],[[[-73.0065,-42.6515],[-73.0668,-42.6158],[-73.0377,-42.599],[-73.0052,-42.6028],[-73.0065,-42.6515]]],[[[-72.5554,-42.0788],[-72.5581,-42.1012],[-72.5312,-42.0727],[-72.4797,-42.0906],[-72.4899,-42.1691],[-72.5522,-42.1362],[-72.6091,-42.1329],[-72.5766,-42.0819],[-72.5554,-42.0788]]],[[[-72.4613,-41.9855],[-72.484,-42.0705],[-72.5132,-42.0542],[-72.4613,-41.9855]]],[[[-72.9114,-41.8663],[-72.8935,-41.8972],[-72.935,-41.8761],[-72.9114,-41.8663]]],[[[-73.1229,-41.8151],[-73.0843,-41.8346],[-73.0993,-41.853],[-73.1229,-41.8151]]],[[[-73.0472,-41.8211],[-73.0978,-41.7725],[-73.0662,-41.7741],[-73.0874,-41.7654],[-73.0758,-41.7459],[-73.0894,-41.7527],[-73.0553,-41.7327],[-72.9899,-41.8278],[-72.9959,-41.8625],[-73.0314,-41.8628],[-73.1155,-41.8065],[-73.0735,-41.8189],[-73.0938,-41.7904],[-73.0472,-41.8211]]],[[[-72.9639,-41.6945],[-72.9555,-41.7246],[-72.9862,-41.7211],[-73.0015,-41.7057],[-72.9892,-41.6575],[-72.9027,-41.6781],[-72.8867,-41.698],[-72.9235,-41.6925],[-72.9091,-41.7099],[-72.9292,-41.7113],[-72.9639,-41.6945]]],[[[-73.005,-41.5946],[-73.021,-41.5624],[-72.99,-41.553],[-72.96,-41.58],[-73.005,-41.5946]]]]}},{"type":"Feature","properties":{"territorio":"CIRCUNSCRIPCION SENATORIAL 14","n_comunas":10},"geometry":{"type":"MultiPolygon","coordinates":[[[[-75.5021,-48.768],[-75.601,-48.7498],[-75.5909,-48.6492],[-75.4525,-48.7007],[-75.4474,-48.6791],[-75.3583,-48.6518],[-75.2512,-48.5853],[-75.2499,-48.6191],[-75.3442,-48.6849],[-75.3598,-48.7146],[-75.4232,-48.7365],[-75.3959,-48.6991],[-75.4268,-48.7352],[-75.5021,-48.768]]],[[[-75.239,-48.6174],[-75.2117,-48.694],[-75.2303,-48.687],[-75.2917,-48.7236],[-75.3269,-48.7171],[-75.2788,-48.688],[-75.3408,-48.7143],[-75.3109,-48.6672],[-75.239,-48.6174]]],[[[-75.2575,-48.4985],[-75.3166,-48.5213],[-75.249,-48.5155],[-75.2213,-48.5559],[-75.2314,-48.5861],[-75.267,-48.5636],[-75.2574,-48.5823],[-75.325,-48.6252],[-75.4632,-48.6814],[-75.5357,-48.6585],[-75.5624,-48.6414],[-75.5376,-48.6187],[-75.4051,-48.6303],[-75.4357,-48.6245],[-75.3286,-48.5602],[-75.4409,-48.6179],[-75.4904,-48.6117],[-75.3248,-48.5269],[-75.4929,-48.6078],[-75.5759,-48.5955],[-75.6043,-48.5396],[-75.578,-48.5252],[-75.599,-48.4503],[-75.5523,-48.4542],[-75.5447,-48.4147],[-75.4657,-48.4497],[-75.4725,-48.4678],[-75.3936,-48.436],[-75.4432,-48.4392],[-75.3515,-48.4065],[-75.3696,-48.4458],[-75.3445,-48.4625],[-75.3878,-48.4854],[-75.4048,-48.4782],[-75.4181,-48.507],[-75.34,-48.4628],[-75.3385,-48.4179],[-75.2897,-48.4069],[-75.3071,-48.4699],[-75.3423,-48.4757],[-75.2968,-48.498],[-75.2907,-48.4285],[-75.2539,-48.4211],[-75.2414,-48.4348],[-75.274,-48.4751],[-75.2575,-48.4985]]],[[[-74.6288,-48.2171],[-74.609,-48.2413],[-74.6283,-48.2737],[-74.5461,-48.3406],[-74.5486,-48.4074],[-74.5817,-48.3923],[-74.6448,-48.4116],[-74.5966,-48.4169],[-74.5536,-48.4596],[-74.5655,-48.5369],[-74.5315,-48.571],[-74.5562,-48.5863],[-74.5284,-48.5775],[-74.4734,-48.6265],[-74.4569,-48.609],[-74.4879,-48.5923],[-74.4875,-48.5657],[-74.4664,-48.5815],[-74.4622,-48.5593],[-74.4367,-48.5848],[-74.4283,-48.6308],[-74.4503,-48.6686],[-74.5475,-48.6918],[-74.5895,-48.6583],[-74.645,-48.6574],[-74.6729,-48.6106],[-74.6819,-48.6283],[-74.7204,-48.6321],[-74.8414,-48.6067],[-74.8843,-48.6172],[-74.889,-48.5535],[-74.9045,-48.608],[-74.959,-48.5716],[-74.9387,-48.564],[-74.9611,-48.5557],[-74.952,-48.4897],[-74.9709,-48.4781],[-74.8443,-48.3916],[-74.8222,-48.4132],[-74.7937,-48.3776],[-74.7619,-48.3834],[-74.7582,-48.5242],[-74.7435,-48.4586],[-74.7142,-48.4785],[-74.7069,-48.5434],[-74.7027,-48.4938],[-74.656,-48.4425],[-74.6697,-48.4164],[-74.6924,-48.4248],[-74.7314,-48.3968],[-74.7034,-48.4067],[-74.7601,-48.3465],[-74.7668,-48.2873],[-74.757,-48.2547],[-74.7224,-48.2487],[-74.7294,-48.2206],[-74.6962,-48.2167],[-74.7154,-48.1516],[-74.6774,-48.1216],[-74.6349,-48.1754],[-74.6539,-48.1896],[-74.6585,-48.1562],[-74.6543,-48.1898],[-74.6803,-48.19],[-74.6465,-48.2163],[-74.6683,-48.2628],[-74.6288,-48.2171]]],[[[-75.2559,-48.0682],[-75.2611,-48.095],[-75.237,-48.0896],[-75.2748,-48.108],[-75.3056,-48.1671],[-75.2834,-48.1326],[-75.2812,-48.1515],[-75.2653,-48.1343],[-75.21,-48.1265],[-75.2544,-48.1889],[-75.2013,-48.1568],[-75.2423,-48.2384],[-75.203,-48.2042],[-75.19,-48.2292],[-75.2142,-48.2459],[-75.1861,-48.2342],[-75.1587,-48.2754],[-75.2004,-48.3024],[-75.1498,-48.2879],[-75.1312,-48.3177],[-75.1464,-48.3343],[-75.1278,-48.3251],[-75.0899,-48.374],[-75.1372,-48.391],[-75.1082,-48.3913],[-75.1551,-48.426],[-75.1247,-48.4222],[-75.0805,-48.3806],[-75.0229,-48.4563],[-75.0266,-48.4738],[-75.0593,-48.4469],[-75.0962,-48.5105],[-75.0673,-48.4773],[-75.0229,-48.48],[-75.0345,-48.5133],[-75.0077,-48.5264],[-75.0057,-48.5908],[-75.1727,-48.6881],[-75.1937,-48.6664],[-75.1737,-48.6479],[-75.1941,-48.6558],[-75.2128,-48.6363],[-75.105,-48.5961],[-75.2169,-48.6227],[-75.2228,-48.5953],[-75.1812,-48.5882],[-75.1631,-48.5661],[-75.2287,-48.5818],[-75.2177,-48.5573],[-75.2378,-48.523],[-75.1862,-48.4957],[-75.2252,-48.5127],[-75.2573,-48.4691],[-75.1987,-48.3977],[-75.1672,-48.3976],[-75.2017,-48.3856],[-75.2244,-48.4129],[-75.2615,-48.3957],[-75.24,-48.3777],[-75.2764,-48.3878],[-75.212,-48.3104],[-75.2411,-48.3372],[-75.263,-48.3292],[-75.2876,-48.3823],[-75.3421,-48.3914],[-75.3594,-48.3777],[-75.4206,-48.4147],[-75.4472,-48.4122],[-75.4311,-48.3929],[-75.4744,-48.407],[-75.4978,-48.3788],[-75.4973,-48.3589],[-75.4504,-48.3392],[-75.3703,-48.3416],[-75.3162,-48.327],[-75.3489,-48.3258],[-75.2992,-48.2613],[-75.3614,-48.3191],[-75.3173,-48.2107],[-75.3762,-48.3248],[-75.4097,-48.3357],[-75.3865,-48.3087],[-75.4363,-48.3252],[-75.3923,-48.3042],[-75.4286,-48.3128],[-75.404,-48.2372],[-75.3589,-48.2137],[-75.3922,-48.2153],[-75.3501,-48.204],[-75.3412,-48.1764],[-75.3785,-48.1991],[-75.3869,-48.1888],[-75.4051,-48.2274],[-75.4528,-48.241],[-75.4842,-48.2152],[-75.4517,-48.1822],[-75.4931,-48.184],[-75.5157,-48.1653],[-75.4991,-48.1502],[-75.5313,-48.0893],[-75.4612,-48.044],[-75.4665,-48.0745],[-75.4439,-48.0437],[-75.4272,-48.0641],[-75.4163,-48.0342],[-75.4174,-48.0561],[-75.3911,-48.0509],[-75.4014,-48.0732],[-75.3769,-48.0443],[-75.4136,-48.1173],[-75.3464,-48.0038],[-75.3232,-47.9972],[-75.286,-48.013],[-75.2742,-48.0408],[-75.281,-48.0622],[-75.3362,-48.0692],[-75.2914,-48.0733],[-75.3227,-48.131],[-75.284,-48.0716],[-75.2559,-48.0682]]],[[[-75.432,-48.309],[-75.4675,-48.2944],[-75.475,-48.3066],[-75.4415,-48.3201],[-75.4814,-48.3283],[-75.4919,-48.2799],[-75.4083,-48.2357],[-75.432,-48.309]]],[[[-74.8934,-48.127],[-74.9027,-48.1473],[-74.88,-48.1381],[-74.8882,-48.1528],[-74.9399,-48.1595],[-74.8903,-48.1635],[-74.8706,-48.1494],[-74.838,-48.1604],[-74.857,-48.1792],[-74.8406,-48.1709],[-74.8382,-48.1933],[-74.8776,-48.2225],[-74.9201,-48.1973],[-74.8811,-48.2306],[-74.8258,-48.2035],[-74.902,-48.2593],[-74.8109,-48.2032],[-74.783,-48.2089],[-74.7924,-48.186],[-74.7369,-48.1709],[-74.7389,-48.2129],[-74.784,-48.2062],[-74.7471,-48.2213],[-74.7583,-48.2392],[-74.7933,-48.2305],[-74.8459,-48.2925],[-74.7919,-48.2363],[-74.7679,-48.2407],[-74.8053,-48.2737],[-74.7763,-48.269],[-74.7999,-48.3117],[-74.7704,-48.306],[-74.7774,-48.3665],[-74.8294,-48.3798],[-74.8223,-48.3462],[-74.9608,-48.4486],[-75.0088,-48.393],[-74.9689,-48.3768],[-75.0102,-48.3887],[-75.0487,-48.3291],[-75.0076,-48.3193],[-75.044,-48.3149],[-75.0606,-48.3355],[-75.1029,-48.2761],[-75.0605,-48.2603],[-75.0455,-48.2823],[-75.0383,-48.2561],[-75,-48.2531],[-75.0489,-48.2476],[-75.11,-48.2634],[-75.0899,-48.2443],[-75.0278,-48.2429],[-75.0545,-48.2317],[-75.0893,-48.2431],[-75.0429,-48.2027],[-75.1054,-48.2453],[-75.1283,-48.2307],[-75.1012,-48.2046],[-75.1413,-48.2261],[-75.1083,-48.1815],[-75.147,-48.1993],[-75.1523,-48.1871],[-75.0699,-48.151],[-75.1504,-48.1806],[-75.1608,-48.1579],[-75.1097,-48.1386],[-75.1602,-48.151],[-75.1538,-48.1118],[-75.1732,-48.1262],[-75.2137,-48.0753],[-75.1735,-48.0664],[-75.1232,-48.086],[-75.0729,-48.0774],[-75.095,-48.1066],[-75.0365,-48.094],[-74.9355,-48.1197],[-75.0481,-48.0795],[-74.9774,-48.0837],[-74.8934,-48.127]]],[[[-74.7743,-48.1229],[-74.7437,-48.1422],[-74.8237,-48.2075],[-74.8234,-48.161],[-74.7743,-48.1229]]],[[[-75.2818,-48.1316],[-75.2395,-48.1033],[-75.2265,-48.1284],[-75.2818,-48.1316]]],[[[-74.7568,-48.0486],[-74.7339,-48.1165],[-74.7575,-48.0817],[-74.8036,-48.0804],[-74.7568,-48.0486]]],[[[-74.7379,-48.0234],[-74.6937,-48.0621],[-74.715,-48.1],[-74.7414,-48.0756],[-74.7379,-48.0234]]],[[[-75.2104,-48.0501],[-75.1011,-48.011],[-75.0742,-48.0244],[-75.0912,-48.0321],[-75.1043,-48.0444],[-75.1173,-48.0482],[-75.1284,-48.0583],[-75.1529,-48.0467],[-75.1058,-48.0306],[-75.2104,-48.0501]]],[[[-74.8289,-48.0838],[-75,-48.0351],[-74.8996,-48.0938],[-74.8338,-48.1025],[-74.8529,-48.1214],[-74.8299,-48.1008],[-74.7942,-48.1004],[-74.7847,-48.1281],[-74.8285,-48.1587],[-74.878,-48.1146],[-74.9909,-48.0637],[-75.0875,-48.0672],[-75.0812,-48.0443],[-75.1162,-48.0607],[-75.1012,-48.0508],[-75.1038,-48.0459],[-75.0887,-48.0324],[-75.0737,-48.0268],[-75.0674,-48.028],[-75.0764,-48.04],[-75.0479,-48.0233],[-75.0555,-47.9982],[-75.0271,-48],[-75.0408,-47.9895],[-75.0188,-47.9759],[-74.9783,-47.9842],[-74.988,-48.0022],[-74.9524,-47.997],[-74.9305,-48.0136],[-74.9704,-47.9824],[-75.0148,-47.9721],[-75.0494,-47.9858],[-75.077,-47.9792],[-75.0576,-47.9973],[-75.2181,-48.0303],[-75.2236,-48.0114],[-75.2001,-48],[-75.0817,-47.9781],[-75.1036,-47.9746],[-75.11,-47.9532],[-75.0904,-47.9473],[-75.1171,-47.9542],[-75.1181,-47.962],[-75.1335,-47.9653],[-75.1077,-47.9611],[-75.1132,-47.9736],[-75.1629,-47.9713],[-75.1803,-47.9868],[-75.2027,-47.9844],[-75.2001,-47.9657],[-75.1653,-47.9568],[-75.1666,-47.9474],[-75.1101,-47.9252],[-75.1297,-47.9418],[-75.0652,-47.9324],[-75.0154,-47.8971],[-74.9349,-47.97],[-74.9115,-47.9717],[-74.929,-47.985],[-74.9036,-47.9773],[-74.8409,-48.0061],[-74.7691,-48.0114],[-74.7567,-48.0432],[-74.8289,-48.0838]]],[[[-75.4745,-48.0378],[-75.4458,-48.0178],[-75.4272,-48.0339],[-75.4745,-48.0378]]],[[[-75.0907,-48.0073],[-75.0578,-47.9985],[-75.0729,-48.0137],[-75.0907,-48.0073]]],[[[-74.7448,-47.9022],[-74.6775,-47.972],[-74.6992,-48.0529],[-74.7402,-48.0133],[-74.6983,-48.0221],[-74.7432,-47.9959],[-74.7627,-47.9286],[-74.7448,-47.9022]]],[[[-75.2064,-47.9504],[-75.2089,-47.9626],[-75.2447,-47.9719],[-75.244,-47.9564],[-75.2064,-47.9504]]],[[[-75.064,-47.8776],[-75.0504,-47.8889],[-75.0859,-47.9168],[-75.1751,-47.9436],[-75.1983,-47.9566],[-75.1999,-47.9494],[-75.2139,-47.9482],[-75.0681,-47.8942],[-75.064,-47.8776]]],[[[-74.984,-47.8684],[-74.9415,-47.9065],[-74.9523,-47.947],[-75.0018,-47.9057],[-74.984,-47.8684]]],[[[-74.6437,-47.9172],[-74.6629,-47.8831],[-74.6254,-47.9014],[-74.6437,-47.9172]]],[[[-74.7804,-47.914],[-74.8425,-47.9394],[-74.7869,-47.9295],[-74.7651,-47.9785],[-74.7809,-47.9966],[-74.923,-47.9683],[-74.9493,-47.9462],[-74.9268,-47.9172],[-74.8851,-47.9368],[-74.8966,-47.9255],[-74.8569,-47.9293],[-74.9243,-47.9096],[-74.93,-47.8877],[-74.8874,-47.8964],[-74.9326,-47.877],[-74.8939,-47.8671],[-74.9154,-47.8529],[-74.901,-47.8402],[-74.8673,-47.8464],[-74.8778,-47.8695],[-74.8632,-47.8446],[-74.8372,-47.8537],[-74.8656,-47.8303],[-74.8215,-47.8486],[-74.8668,-47.8251],[-74.8455,-47.7904],[-74.8223,-47.8079],[-74.8044,-47.811],[-74.819,-47.7934],[-74.763,-47.8105],[-74.7631,-47.8962],[-74.774,-47.9074],[-74.8219,-47.8829],[-74.7804,-47.914]]],[[[-75.2116,-47.9136],[-75.159,-47.8659],[-75.1725,-47.896],[-75.2116,-47.9136]]],[[[-75.0545,-47.864],[-75.1589,-47.9075],[-75.1555,-47.8795],[-75.1246,-47.8793],[-75.1194,-47.853],[-75.1017,-47.8759],[-75.0908,-47.8527],[-75.0545,-47.864]]],[[[-75.0226,-47.8376],[-75.0042,-47.8528],[-75.0289,-47.9032],[-75.0458,-47.8688],[-75.0226,-47.8376]]],[[[-74.9874,-47.8456],[-74.974,-47.8392],[-74.9611,-47.8697],[-74.9874,-47.8456]]],[[[-74.6251,-47.8825],[-74.6757,-47.855],[-74.6832,-47.8848],[-74.7007,-47.8191],[-74.6414,-47.7943],[-74.6024,-47.8717],[-74.6251,-47.8825]]],[[[-74.9286,-47.8157],[-74.9117,-47.8345],[-74.9372,-47.8507],[-74.952,-47.8413],[-74.9286,-47.8157]]],[[[-74.9676,-47.8266],[-74.941,-47.8187],[-74.9597,-47.8389],[-74.9676,-47.8266]]],[[[-75.0221,-47.8145],[-75.0044,-47.8033],[-75.0032,-47.8178],[-75.0221,-47.8145]]],[[[-74.9755,-47.802],[-74.9753,-47.7823],[-74.9595,-47.7911],[-74.9755,-47.802]]],[[[-74.6913,-47.7751],[-74.6708,-47.7699],[-74.6479,-47.7763],[-74.6792,-47.7913],[-74.6913,-47.7751]]],[[[-75.0193,-47.7806],[-74.9917,-47.7759],[-75.0453,-47.814],[-75.1664,-47.8393],[-75.1648,-47.8237],[-75.2002,-47.8288],[-75.2158,-47.7803],[-75.288,-47.7576],[-75.3462,-47.7899],[-75.3296,-47.7624],[-75.356,-47.7316],[-75.2609,-47.7131],[-75.265,-47.7576],[-75.2252,-47.7227],[-75.1669,-47.739],[-75.1352,-47.7053],[-75.1246,-47.715],[-75.0958,-47.697],[-75.1273,-47.683],[-75.0788,-47.6645],[-75.0897,-47.6918],[-75.0677,-47.6952],[-75.0416,-47.7467],[-75.1349,-47.7804],[-75.0544,-47.7599],[-75.0516,-47.7736],[-75.0373,-47.7594],[-75.0193,-47.7806]]],[[[-74.8817,-47.7289],[-74.8802,-47.7492],[-74.8681,-47.7325],[-74.8518,-47.7568],[-74.8888,-47.7693],[-74.8943,-47.7512],[-74.8986,-47.7703],[-74.9296,-47.7775],[-75.024,-47.7416],[-75.0589,-47.6846],[-75.0328,-47.6685],[-74.9728,-47.6792],[-74.9759,-47.6951],[-74.932,-47.7426],[-74.9675,-47.6929],[-74.9544,-47.6799],[-74.9155,-47.6915],[-74.8939,-47.7474],[-74.8817,-47.7289]]],[[[-75.1519,-46.7762],[-75.2272,-46.7287],[-75.2127,-46.7119],[-75.1455,-46.7352],[-75.1231,-46.775],[-75.1519,-46.7762]]],[[[-75.2046,-46.6834],[-75.1373,-46.7018],[-75.1314,-46.7341],[-75.2172,-46.6964],[-75.2046,-46.6834]]],[[[-75.259,-46.7123],[-75.2462,-46.6976],[-75.219,-46.7184],[-75.259,-46.7123]]],[[[-75.2851,-46.6997],[-75.27,-46.6954],[-75.2638,-46.7107],[-75.2851,-46.6997]]],[[[-75.3444,-46.6908],[-75.3181,-46.6908],[-75.317,-46.7069],[-75.3572,-46.6952],[-75.3438,-46.6828],[-75.302,-46.684],[-75.3444,-46.6908]]],[[[-75.2936,-46.6955],[-75.269,-46.6798],[-75.2501,-46.6896],[-75.2936,-46.6955]]],[[[-75.2222,-46.6927],[-75.245,-46.6746],[-75.2192,-46.6788],[-75.2222,-46.6927]]],[[[-74.9764,-46.1784],[-74.9668,-46.1612],[-74.9598,-46.1823],[-74.9764,-46.1784]]],[[[-75.0366,-46.1812],[-74.9966,-46.151],[-74.9923,-46.18],[-75.0366,-46.1812]]],[[[-74.7073,-45.8136],[-74.6911,-45.8044],[-74.6762,-45.8071],[-74.7073,-45.8136]]],[[[-74.9749,-45.786],[-74.963,-45.8009],[-74.9834,-45.8104],[-74.9936,-45.7959],[-74.9749,-45.786]]],[[[-74.8162,-45.7028],[-74.8028,-45.6936],[-74.7944,-45.7029],[-74.8162,-45.7028]]],[[[-74.8663,-45.6713],[-74.8517,-45.6953],[-74.8835,-45.6907],[-74.8615,-45.6916],[-74.8663,-45.6713]]],[[[-74.8286,-45.6214],[-74.7592,-45.6462],[-74.7238,-45.7182],[-74.8563,-45.6578],[-74.8348,-45.5938],[-74.7659,-45.6255],[-74.8286,-45.6214]]],[[[-74.9068,-45.6177],[-74.8998,-45.6565],[-74.9353,-45.6283],[-74.9113,-45.632],[-74.9068,-45.6177]]],[[[-75.1539,-44.8654],[-75.2049,-44.8109],[-75.1377,-44.7629],[-75.096,-44.7733],[-75.0647,-44.8273],[-75.0173,-44.8425],[-75.0407,-44.8709],[-75.0298,-44.9022],[-75.1163,-44.9292],[-75.1595,-44.9274],[-75.1539,-44.8654]]],[[[-74.8059,-44.5438],[-74.7798,-44.5435],[-74.7329,-44.5529],[-74.7126,-44.5859],[-74.7147,-44.6219],[-74.7348,-44.6303],[-74.7153,-44.6549],[-74.7815,-44.674],[-74.8239,-44.5759],[-74.8059,-44.5438]]],[[[-74.2679,-48.5123],[-74.388,-48.5704],[-74.3906,-48.5413],[-74.3647,-48.5537],[-74.2679,-48.5123]]],[[[-74.4469,-48.4634],[-74.4401,-48.4916],[-74.4578,-48.4933],[-74.4743,-48.4748],[-74.4469,-48.4634]]],[[[-74.4404,-48.3926],[-74.4651,-48.3725],[-74.2365,-48.4703],[-74.2713,-48.5043],[-74.3545,-48.5381],[-74.412,-48.5133],[-74.397,-48.4591],[-74.4516,-48.4333],[-74.461,-48.4041],[-74.4404,-48.3926]]],[[[-74.2867,-48.4309],[-74.2373,-48.4471],[-74.2623,-48.421],[-74.3837,-48.3901],[-74.4464,-48.3542],[-74.3796,-48.3318],[-74.2173,-48.4163],[-74.3688,-48.3314],[-74.2785,-48.2721],[-74.2609,-48.2862],[-74.2763,-48.289],[-74.2353,-48.3003],[-74.2487,-48.3319],[-74.2152,-48.3909],[-74.1406,-48.4275],[-74.2249,-48.4692],[-74.2867,-48.4309]]],[[[-74.2713,-48.26],[-74.3259,-48.2331],[-74.3089,-48.2159],[-74.2576,-48.2472],[-74.2748,-48.2435],[-74.2713,-48.26]]],[[[-74.4742,-48.2025],[-74.5317,-48.2735],[-74.5529,-48.1733],[-74.5273,-48.1594],[-74.4854,-48.1685],[-74.5259,-48.1576],[-74.5252,-48.1399],[-74.5482,-48.1594],[-74.5518,-48.1374],[-74.4699,-48.1437],[-74.5524,-48.105],[-74.4805,-48.1195],[-74.3098,-48.2545],[-74.3379,-48.2934],[-74.4589,-48.3437],[-74.5156,-48.2777],[-74.4864,-48.2308],[-74.4205,-48.184],[-74.4742,-48.2025]]],[[[-74.5004,-48.1001],[-74.4713,-48.0973],[-74.4639,-48.1168],[-74.5004,-48.1001]]],[[[-74.5446,-47.8917],[-74.5081,-47.9165],[-74.6018,-47.9632],[-74.6088,-47.9071],[-74.5446,-47.8917]]],[[[-74.5272,-47.878],[-74.6071,-47.849],[-74.6193,-47.8147],[-74.6183,-47.801],[-74.5394,-47.7997],[-74.5134,-47.8225],[-74.5272,-47.878]]],[[[-74.4682,-47.8085],[-74.4359,-47.7772],[-74.3848,-47.7619],[-74.3392,-47.7896],[-74.4779,-47.8844],[-74.4682,-47.8085]]],[[[-74.2783,-47.6085],[-74.362,-47.65],[-74.3641,-47.6342],[-74.3321,-47.6322],[-74.3561,-47.6277],[-74.3422,-47.5961],[-74.3507,-47.5622],[-74.2783,-47.6085]]],[[[-74.4282,-47.1863],[-74.4445,-47.1814],[-74.4241,-47.1712],[-74.4282,-47.1863]]],[[[-74.2658,-47.0793],[-74.4283,-47.1686],[-74.4491,-47.0745],[-74.3711,-47.0389],[-74.2981,-47.0277],[-74.2476,-47.0428],[-74.2658,-47.0793]]],[[[-74.6083,-46.9182],[-74.5732,-46.9148],[-74.5924,-46.9429],[-74.6083,-46.9182]]],[[[-74.3872,-46.8826],[-74.3365,-46.8558],[-74.357,-46.8941],[-74.3872,-46.8826]]],[[[-74.3098,-46.7835],[-74.263,-46.7752],[-74.2479,-46.7925],[-74.3098,-46.7835]]],[[[-74.34,-45.7703],[-74.3305,-45.7898],[-74.3778,-45.8056],[-74.4328,-45.7954],[-74.34,-45.7703]]],[[[-74.5421,-45.8138],[-74.5776,-45.7928],[-74.5427,-45.7689],[-74.5584,-45.7647],[-74.4878,-45.7406],[-74.4662,-45.8108],[-74.5421,-45.8138]]],[[[-74.5134,-45.7084],[-74.4953,-45.7207],[-74.5056,-45.7396],[-74.5497,-45.748],[-74.5134,-45.7084]]],[[[-74.4587,-45.6643],[-74.4458,-45.6858],[-74.4857,-45.7205],[-74.4935,-45.6821],[-74.4587,-45.6643]]],[[[-74.6407,-45.7634],[-74.6781,-45.7307],[-74.6653,-45.6667],[-74.5885,-45.5944],[-74.5259,-45.5762],[-74.508,-45.6052],[-74.5526,-45.656],[-74.5308,-45.6742],[-74.5437,-45.7136],[-74.5797,-45.7589],[-74.6224,-45.7661],[-74.6012,-45.7325],[-74.6407,-45.7634]]],[[[-74.4982,-45.6281],[-74.4737,-45.6559],[-74.5117,-45.6843],[-74.5199,-45.656],[-74.4982,-45.6281]]],[[[-74.1933,-45.6889],[-74.2986,-45.6956],[-74.3186,-45.6799],[-74.3118,-45.698],[-74.3426,-45.6757],[-74.3205,-45.7024],[-74.3719,-45.7077],[-74.4228,-45.6927],[-74.3877,-45.7115],[-74.2892,-45.715],[-74.3058,-45.7376],[-74.3812,-45.7403],[-74.3394,-45.7503],[-74.3651,-45.7748],[-74.4492,-45.7837],[-74.4877,-45.7294],[-74.4506,-45.7361],[-74.4632,-45.708],[-74.4253,-45.6905],[-74.4554,-45.6561],[-74.4396,-45.6481],[-74.4853,-45.6108],[-74.4273,-45.6147],[-74.4172,-45.5909],[-74.4514,-45.5957],[-74.4612,-45.5697],[-74.4299,-45.4872],[-74.3901,-45.4467],[-74.3659,-45.4501],[-74.377,-45.463],[-74.3387,-45.4557],[-74.2706,-45.4824],[-74.1769,-45.6209],[-74.1869,-45.6688],[-74.2077,-45.6696],[-74.1933,-45.6889]]],[[[-74.5448,-45.5172],[-74.5211,-45.509],[-74.4988,-45.4475],[-74.4295,-45.437],[-74.4079,-45.4446],[-74.47,-45.5239],[-74.4591,-45.5938],[-74.4839,-45.6023],[-74.4976,-45.5714],[-74.5449,-45.5436],[-74.5266,-45.5206],[-74.5448,-45.5172]]],[[[-74.2788,-45.3281],[-74.2588,-45.3362],[-74.2341,-45.4004],[-74.2791,-45.3748],[-74.3063,-45.323],[-74.2893,-45.3326],[-74.2788,-45.3281]]],[[[-74.5053,-45.303],[-74.4037,-45.2823],[-74.3643,-45.2885],[-74.3182,-45.3251],[-74.3182,-45.3125],[-74.2682,-45.4145],[-74.3394,-45.4267],[-74.4598,-45.3803],[-74.5158,-45.3372],[-74.5053,-45.303]]],[[[-74.6228,-45.3268],[-74.6021,-45.3149],[-74.5701,-45.3458],[-74.6228,-45.3268]]],[[[-74.5891,-45.2672],[-74.5526,-45.2813],[-74.5465,-45.2921],[-74.5617,-45.3092],[-74.5918,-45.2974],[-74.565,-45.2981],[-74.5916,-45.2797],[-74.5535,-45.2902],[-74.5891,-45.2672]]],[[[-74.4518,-45.2542],[-74.4355,-45.2639],[-74.4523,-45.2706],[-74.4694,-45.2632],[-74.4518,-45.2542]]],[[[-74.1893,-45.2829],[-74.2101,-45.3563],[-74.2615,-45.3118],[-74.2374,-45.2685],[-74.2562,-45.2158],[-74.2763,-45.2426],[-74.2937,-45.2365],[-74.2692,-45.2649],[-74.2761,-45.29],[-74.3187,-45.2521],[-74.2769,-45.3124],[-74.288,-45.3285],[-74.3807,-45.271],[-74.3988,-45.2442],[-74.3893,-45.16],[-74.3375,-45.1627],[-74.3032,-45.1909],[-74.2526,-45.2002],[-74.2413,-45.2211],[-74.1944,-45.2228],[-74.191,-45.2749],[-74.2341,-45.2714],[-74.1893,-45.2829]]],[[[-74.496,-45.1552],[-74.4861,-45.2153],[-74.5442,-45.2321],[-74.5715,-45.2044],[-74.496,-45.1552]]],[[[-74.3797,-45.0742],[-74.3125,-45.1436],[-74.2991,-45.1028],[-74.2611,-45.0943],[-74.2511,-45.168],[-74.3739,-45.1431],[-74.4187,-45.1138],[-74.4141,-45.0536],[-74.383,-45.0705],[-74.3748,-45.0411],[-74.2779,-45.0728],[-74.3004,-45.0995],[-74.2952,-45.0819],[-74.333,-45.086],[-74.3208,-45.1261],[-74.3465,-45.0804],[-74.3454,-45.0947],[-74.3797,-45.0742]]],[[[-74.6543,-44.9414],[-74.6379,-44.9332],[-74.6166,-44.9554],[-74.6543,-44.9414]]],[[[-74.4575,-44.898],[-74.4291,-44.8915],[-74.3727,-44.9169],[-74.3284,-44.9171],[-74.3066,-44.8934],[-74.2984,-44.9203],[-74.3206,-44.9432],[-74.3955,-44.963],[-74.455,-44.9258],[-74.4575,-44.898]]],[[[-74.2706,-44.8678],[-74.2571,-44.8972],[-74.2939,-44.9147],[-74.2976,-44.8876],[-74.2706,-44.8678]]],[[[-74.3617,-44.908],[-74.331,-44.868],[-74.3216,-44.9035],[-74.3617,-44.908]]],[[[-74.3832,-44.8783],[-74.3565,-44.8698],[-74.3741,-44.9043],[-74.3832,-44.8783]]],[[[-74.4303,-44.8844],[-74.4148,-44.8773],[-74.4049,-44.8963],[-74.4303,-44.8844]]],[[[-74.5347,-44.742],[-74.4934,-44.7145],[-74.4602,-44.7255],[-74.461,-44.7104],[-74.428,-44.7144],[-74.3973,-44.7751],[-74.3336,-44.7983],[-74.299,-44.8407],[-74.3834,-44.8602],[-74.4218,-44.8313],[-74.4489,-44.8418],[-74.5347,-44.742]]],[[[-74.6751,-44.6757],[-74.6692,-44.6511],[-74.6333,-44.6598],[-74.6437,-44.6278],[-74.6158,-44.6067],[-74.4574,-44.6317],[-74.4443,-44.6548],[-74.4624,-44.6606],[-74.4343,-44.6918],[-74.5554,-44.6936],[-74.5949,-44.6795],[-74.6109,-44.6925],[-74.6751,-44.6757]]],[[[-74.3868,-44.5445],[-74.517,-44.5156],[-74.5592,-44.4787],[-74.537,-44.4397],[-74.4886,-44.4178],[-74.4027,-44.4307],[-74.4123,-44.4694],[-74.3561,-44.4081],[-74.3007,-44.3887],[-74.2464,-44.4041],[-74.2019,-44.4681],[-74.2215,-44.4899],[-74.2856,-44.486],[-74.33,-44.5065],[-74.444,-44.482],[-74.3807,-44.5041],[-74.3868,-44.5445]]],[[[-74.4032,-44.3823],[-74.3857,-44.3918],[-74.4017,-44.399],[-74.4214,-44.3948],[-74.4051,-44.3537],[-74.3692,-44.3888],[-74.4032,-44.3823]]],[[[-74.3065,-44.3416],[-74.2545,-44.3493],[-74.2442,-44.3728],[-74.3583,-44.3862],[-74.3798,-44.3476],[-74.318,-44.3258],[-74.3065,-44.3416]]],[[[-74.2942,-44.3162],[-74.2538,-44.3193],[-74.3003,-44.331],[-74.2942,-44.3162]]],[[[-74.3441,-44.3037],[-74.4191,-44.2524],[-74.316,-44.2251],[-74.2426,-44.2666],[-74.2378,-44.3086],[-74.3441,-44.3037]]],[[[-74.2875,-44.1942],[-74.2548,-44.2004],[-74.2185,-44.2357],[-74.3207,-44.2012],[-74.2875,-44.1942]]],[[[-74.3626,-44.2061],[-74.3257,-44.199],[-74.3268,-44.2126],[-74.3626,-44.2061]]],[[[-74.268,-44.1316],[-74.2317,-44.1633],[-74.3547,-44.1846],[-74.3408,-44.1654],[-74.3047,-44.1687],[-74.3597,-44.1359],[-74.3393,-44.129],[-74.268,-44.1316]]],[[[-74.3657,-44.16],[-74.3633,-44.1401],[-74.3424,-44.161],[-74.3657,-44.16]]],[[[-74.2724,-44.117],[-74.3444,-44.1206],[-74.345,-44.0915],[-74.1786,-44.1231],[-74.1953,-44.1378],[-74.2724,-44.117]]],[[[-74.1752,-48.3541],[-74.1161,-48.3506],[-74.0626,-48.3979],[-74.0047,-48.3935],[-73.9858,-48.4116],[-73.9955,-48.4972],[-74.1487,-48.4399],[-74.1318,-48.4265],[-74.1993,-48.3913],[-74.1752,-48.3541]]],[[[-74.0256,-47.8611],[-74.0486,-47.8639],[-73.9672,-47.8304],[-74.0027,-47.83],[-74.0284,-47.8165],[-74.0144,-47.8087],[-73.9825,-47.8276],[-73.9575,-47.8184],[-73.8542,-47.8702],[-73.8064,-47.8408],[-73.747,-47.8574],[-73.7745,-47.9278],[-73.8198,-47.9424],[-73.8611,-47.9275],[-73.8904,-47.9371],[-73.8601,-47.8908],[-73.9511,-47.9255],[-73.9568,-47.9428],[-74.0884,-47.927],[-74.1279,-47.9488],[-74.2608,-47.9637],[-74.2963,-47.9523],[-74.3402,-47.9014],[-74.3209,-47.9239],[-74.4673,-47.8904],[-74.426,-47.8609],[-74.3489,-47.8897],[-74.42,-47.8555],[-74.3286,-47.8088],[-74.1551,-47.8871],[-74.3125,-47.8024],[-74.2365,-47.7788],[-74.1784,-47.7942],[-74.191,-47.7788],[-74.0775,-47.8167],[-73.987,-47.8341],[-74.142,-47.8822],[-74.0661,-47.8639],[-74.0482,-47.9281],[-74.0183,-47.8861],[-74.0379,-47.8742],[-74.0256,-47.8611]]],[[[-74.0892,-47.7752],[-74.0282,-47.7821],[-74.0299,-47.8153],[-74.1403,-47.7828],[-74.0892,-47.7752]]],[[[-74.1128,-47.6311],[-74.072,-47.6381],[-74.0968,-47.6472],[-74.1222,-47.6412],[-74.1128,-47.6311]]],[[[-74.1997,-47.5973],[-74.1808,-47.5877],[-74.162,-47.5945],[-74.1997,-47.5973]]],[[[-74.2264,-47.1535],[-74.1841,-47.1339],[-74.1711,-47.1728],[-74.2264,-47.1535]]],[[[-73.9393,-46.1283],[-73.9143,-46.0941],[-73.8698,-46.1184],[-73.9393,-46.1283]]],[[[-73.9775,-45.9465],[-73.9471,-45.9874],[-73.9612,-46.014],[-73.9815,-45.9971],[-73.9775,-45.9465]]],[[[-74.0476,-45.8701],[-74.0323,-45.8824],[-74.0597,-45.9065],[-74.1317,-45.8885],[-74.0476,-45.8701]]],[[[-74.0009,-45.8427],[-74.0318,-45.8552],[-74.0302,-45.812],[-74.0384,-45.8357],[-74.0943,-45.7995],[-74.0626,-45.7693],[-74.0348,-45.7678],[-74.0259,-45.7367],[-73.8726,-45.7489],[-73.9553,-45.7878],[-73.9265,-45.7977],[-73.9316,-45.8695],[-73.9597,-45.9216],[-73.9947,-45.9332],[-74.0175,-45.8682],[-74.0009,-45.8427]]],[[[-74.0937,-45.782],[-74.0876,-45.7611],[-74.0715,-45.7708],[-74.0937,-45.782]]],[[[-74.2148,-45.7759],[-74.2015,-45.7477],[-74.1307,-45.7527],[-74.1135,-45.8026],[-74.182,-45.7884],[-74.179,-45.8062],[-74.2644,-45.8227],[-74.3106,-45.794],[-74.3228,-45.7529],[-74.2935,-45.7479],[-74.2808,-45.714],[-74.2518,-45.7066],[-74.2116,-45.7153],[-74.1899,-45.7438],[-74.2168,-45.7471],[-74.2217,-45.733],[-74.2248,-45.7489],[-74.2872,-45.7564],[-74.2228,-45.7517],[-74.2148,-45.7759]]],[[[-73.9565,-45.7362],[-74.0354,-45.7237],[-74.0983,-45.5993],[-74.0558,-45.5607],[-73.9838,-45.535],[-73.9594,-45.5499],[-73.9728,-45.5569],[-73.9464,-45.5499],[-73.8884,-45.5729],[-73.8588,-45.6116],[-73.8795,-45.7101],[-73.907,-45.707],[-73.9565,-45.7362]]],[[[-74.2074,-45.4867],[-74.159,-45.5659],[-74.2272,-45.4933],[-74.2254,-45.4794],[-74.2074,-45.4867]]],[[[-73.7764,-45.4683],[-73.8374,-45.5744],[-73.9064,-45.552],[-73.8796,-45.5339],[-73.8812,-45.5099],[-73.9042,-45.5428],[-73.9826,-45.5273],[-73.9228,-45.511],[-73.9427,-45.5091],[-73.9845,-45.5242],[-74.0453,-45.5184],[-74.0316,-45.5357],[-74.1025,-45.5573],[-74.073,-45.5692],[-74.111,-45.5875],[-74.1231,-45.5634],[-74.1037,-45.5504],[-74.1203,-45.544],[-74.1014,-45.5189],[-74.0649,-45.5231],[-74.0968,-45.5164],[-74.0997,-45.4953],[-74.063,-45.4555],[-73.9598,-45.4593],[-74.0614,-45.4488],[-74.0316,-45.4253],[-73.9233,-45.4547],[-73.9537,-45.469],[-73.8623,-45.4653],[-73.8619,-45.4838],[-73.8313,-45.4526],[-73.8072,-45.4633],[-73.7868,-45.4524],[-73.7764,-45.4683]]],[[[-74.1139,-45.4183],[-74.1047,-45.4015],[-74.091,-45.4407],[-74.1139,-45.4183]]],[[[-74.1624,-45.4075],[-74.1236,-45.3958],[-74.1436,-45.4284],[-74.1624,-45.4075]]],[[[-73.9779,-45.3842],[-73.8661,-45.3863],[-73.7934,-45.3696],[-73.7873,-45.4132],[-73.8775,-45.4517],[-73.9057,-45.4532],[-73.924,-45.4297],[-74.0387,-45.4153],[-73.9929,-45.4025],[-74.0072,-45.3998],[-73.9779,-45.3842]]],[[[-73.9911,-45.3847],[-74.024,-45.4101],[-74.0774,-45.3876],[-74.0769,-45.3443],[-74.0582,-45.3428],[-73.9727,-45.3804],[-73.9911,-45.3847]]],[[[-74.1735,-45.3219],[-74.1249,-45.3632],[-74.2038,-45.3847],[-74.2153,-45.3701],[-74.1735,-45.3219]]],[[[-73.8326,-45.3719],[-73.86,-45.3667],[-73.8405,-45.3524],[-73.8744,-45.3542],[-73.882,-45.3711],[-73.9254,-45.3668],[-73.8897,-45.3496],[-73.9816,-45.374],[-74.0001,-45.3552],[-74.0571,-45.3388],[-74.0787,-45.3411],[-74.0941,-45.31],[-74.089,-45.3672],[-74.1083,-45.3283],[-74.132,-45.3267],[-74.1069,-45.3138],[-74.1416,-45.2906],[-74.1547,-45.2359],[-74.0424,-45.206],[-74.0188,-45.207],[-73.9778,-45.2646],[-73.8044,-45.25],[-73.7589,-45.3106],[-73.7554,-45.351],[-73.7986,-45.3675],[-73.8155,-45.3531],[-73.8326,-45.3719]]],[[[-73.6841,-45.1149],[-73.6753,-45.154],[-73.6941,-45.1726],[-73.6724,-45.1633],[-73.6698,-45.177],[-73.7059,-45.1891],[-73.6765,-45.2002],[-73.7204,-45.2327],[-73.6879,-45.2565],[-73.6869,-45.2867],[-73.7346,-45.2798],[-73.7577,-45.3024],[-73.7595,-45.2791],[-73.8098,-45.2367],[-73.9759,-45.256],[-74.0067,-45.2097],[-73.9802,-45.1949],[-73.9124,-45.1989],[-73.866,-45.2105],[-73.8448,-45.2064],[-73.9589,-45.1891],[-73.9816,-45.191],[-74.0083,-45.2034],[-74.0714,-45.1773],[-74.0393,-45.1355],[-74.0677,-45.1381],[-74.0878,-45.1692],[-74.1322,-45.1622],[-74.1512,-45.0511],[-74.1485,-45.1616],[-74.1687,-45.1789],[-74.2121,-45.1726],[-74.2343,-45.0766],[-74.1884,-45.0578],[-74.1771,-45.0326],[-74.1004,-45.0294],[-74.0951,-45.0481],[-74.0936,-45.0327],[-74.0588,-45.0309],[-74.0377,-45.0446],[-74.0296,-45.0288],[-73.9536,-45.0285],[-73.9046,-44.9951],[-73.831,-45.0023],[-73.851,-44.9903],[-73.8167,-44.9975],[-73.8109,-44.9827],[-73.7953,-45.0262],[-73.7498,-45.0425],[-73.7804,-45.041],[-73.7374,-45.0476],[-73.7178,-45.0753],[-73.732,-45.0529],[-73.7081,-45.0578],[-73.6841,-45.1149]]],[[[-74.0832,-44.9551],[-74.0214,-44.9982],[-74.1444,-45.0109],[-74.1899,-45.0006],[-74.2098,-45.0241],[-74.2655,-45.0375],[-74.368,-45.0196],[-74.3835,-44.9892],[-74.3626,-44.9934],[-74.2544,-44.9305],[-74.2033,-44.877],[-74.1427,-44.8623],[-74.0896,-44.8671],[-74.0846,-44.8807],[-74.0849,-44.8674],[-74.046,-44.8941],[-73.953,-44.8947],[-73.8941,-44.967],[-74.0127,-44.9911],[-74.0832,-44.9551]]],[[[-74.2171,-44.8609],[-74.2454,-44.8662],[-74.2327,-44.851],[-74.2171,-44.8609]]],[[[-74.1025,-44.8047],[-73.9935,-44.7704],[-73.9233,-44.8003],[-73.9293,-44.8336],[-73.9706,-44.8385],[-73.9607,-44.8496],[-73.991,-44.8604],[-74.1887,-44.8206],[-74.1659,-44.8032],[-74.1025,-44.8047]]],[[[-73.9727,-44.7415],[-73.9513,-44.7399],[-73.9469,-44.7509],[-73.9727,-44.7415]]],[[[-73.9295,-44.7474],[-73.9186,-44.7369],[-73.9107,-44.7482],[-73.9295,-44.7474]]],[[[-73.9566,-44.659],[-73.9865,-44.6764],[-73.9811,-44.7192],[-74.0713,-44.7632],[-74.1875,-44.7779],[-74.2342,-44.807],[-74.336,-44.7768],[-74.3651,-44.7459],[-74.3496,-44.712],[-74.2195,-44.719],[-74.2297,-44.7276],[-74.1471,-44.7423],[-74.0888,-44.733],[-74.1789,-44.733],[-74.2155,-44.7173],[-74.1972,-44.7138],[-74.2756,-44.6952],[-74.3818,-44.7047],[-74.4061,-44.6466],[-74.3351,-44.6326],[-74.4032,-44.6439],[-74.404,-44.6192],[-74.2831,-44.6301],[-74.2947,-44.5999],[-74.1125,-44.5907],[-73.9286,-44.6109],[-73.8724,-44.6452],[-73.8661,-44.6596],[-73.8907,-44.6591],[-73.8398,-44.7005],[-73.9717,-44.7088],[-73.98,-44.6803],[-73.9566,-44.659]]],[[[-73.9066,-44.5643],[-73.8837,-44.6246],[-73.9537,-44.5975],[-73.9898,-44.5963],[-73.9066,-44.5643]]],[[[-74.2168,-44.4996],[-74.1859,-44.4681],[-74.1166,-44.5562],[-74.3126,-44.5759],[-74.3599,-44.5407],[-74.3657,-44.5062],[-74.3385,-44.5092],[-74.3008,-44.5015],[-74.2838,-44.4901],[-74.2168,-44.4996]]],[[[-74.0926,-44.5435],[-74.1215,-44.5164],[-74.121,-44.4905],[-73.9745,-44.5051],[-74.1144,-44.5071],[-74.0837,-44.5177],[-73.9581,-44.5155],[-73.972,-44.5026],[-73.9473,-44.4994],[-73.975,-44.4798],[-74.1284,-44.4711],[-74.1425,-44.4519],[-74.0775,-44.4676],[-74.16,-44.4422],[-74.1831,-44.4201],[-74.1662,-44.4149],[-74.0785,-44.4495],[-73.9743,-44.4646],[-73.9923,-44.443],[-73.9721,-44.447],[-73.9172,-44.5067],[-73.922,-44.5397],[-74.0333,-44.5603],[-74.0926,-44.5435]]],[[[-73.9093,-44.447],[-73.9243,-44.4536],[-73.9687,-44.4189],[-74.053,-44.3917],[-74.0797,-44.2975],[-74.0087,-44.3555],[-74.0124,-44.3412],[-73.9571,-44.3384],[-73.9604,-44.3593],[-73.93,-44.3423],[-73.888,-44.3546],[-73.9143,-44.3721],[-73.9093,-44.447]]],[[[-74.1463,-44.3017],[-74.1167,-44.3161],[-74.0737,-44.4175],[-74.1899,-44.3752],[-74.1463,-44.3017]]],[[[-73.8804,-44.3207],[-73.8726,-44.3173],[-73.8857,-44.3418],[-73.9448,-44.3244],[-73.9566,-44.3079],[-73.9744,-44.2693],[-73.938,-44.2575],[-73.8804,-44.3207]]],[[[-73.8526,-44.2867],[-73.8884,-44.2918],[-73.9133,-44.2746],[-73.9323,-44.2522],[-73.8985,-44.2455],[-73.8408,-44.2602],[-73.8526,-44.2867]]],[[[-74.1136,-44.3067],[-74.1624,-44.2931],[-74.2004,-44.2488],[-74.163,-44.2653],[-74.1383,-44.2279],[-74.1002,-44.2578],[-74.1136,-44.3067]]],[[[-73.9359,-44.2396],[-73.969,-44.2609],[-74.0444,-44.2336],[-73.9886,-44.2584],[-73.9646,-44.3114],[-73.9458,-44.3232],[-73.9945,-44.3385],[-74.0219,-44.3261],[-73.9741,-44.3251],[-74.0274,-44.3197],[-74.0586,-44.2966],[-74.0618,-44.2472],[-74.1052,-44.2039],[-74.0633,-44.1679],[-74.0488,-44.1921],[-73.982,-44.2272],[-74.0139,-44.1921],[-74.0443,-44.189],[-74.045,-44.1552],[-74.0663,-44.1669],[-74.0183,-44.1366],[-73.9711,-44.1953],[-73.9324,-44.197],[-73.9311,-44.2102],[-73.9201,-44.1955],[-73.8786,-44.1994],[-73.854,-44.2232],[-73.8593,-44.2376],[-73.9359,-44.2396]]],[[[-74.1845,-44.1877],[-74.14,-44.1902],[-74.1275,-44.213],[-74.1762,-44.2077],[-74.1845,-44.1877]]],[[[-73.8513,-44.1591],[-73.8503,-44.1805],[-73.8395,-44.1655],[-73.8135,-44.1815],[-73.8415,-44.1583],[-73.8225,-44.1661],[-73.8265,-44.1492],[-73.8027,-44.1798],[-73.8103,-44.193],[-73.8405,-44.2032],[-73.899,-44.1849],[-73.958,-44.189],[-73.9955,-44.1439],[-73.9243,-44.0954],[-73.8715,-44.1118],[-73.8702,-44.1318],[-73.8629,-44.1168],[-73.84,-44.1206],[-73.8438,-44.1431],[-73.8955,-44.1733],[-73.8513,-44.1591]]],[[[-74.1221,-44.179],[-74.1546,-44.1716],[-74.0804,-44.1104],[-74.0484,-44.1138],[-74.0587,-44.1331],[-74.1221,-44.179]]],[[[-74.1643,-44.142],[-74.1405,-44.107],[-74.1291,-44.1144],[-74.1643,-44.142]]],[[[-74.0488,-44.099],[-74.0439,-44.0844],[-74.0286,-44.0964],[-74.0488,-44.099]]],[[[-74.3005,-44.0678],[-74.1675,-44.0856],[-74.2023,-44.0978],[-74.3417,-44.0749],[-74.3005,-44.0678]]],[[[-74.0621,-44.0798],[-74.081,-44.0931],[-74.1186,-44.095],[-74.0815,-44.0852],[-74.0875,-44.0747],[-74.1316,-44.0834],[-74.0734,-44.0666],[-74.0621,-44.0798]]],[[[-74.2021,-44.0605],[-74.1113,-44.0425],[-74.1547,-44.069],[-74.2021,-44.0605]]],[[[-74.256,-44.0117],[-74.1718,-44.0269],[-74.2513,-44.041],[-74.2851,-44.026],[-74.256,-44.0117]]],[[[-74.2403,-44.0043],[-74.2216,-43.9862],[-74.1477,-44.0043],[-74.2403,-44.0043]]],[[[-74.0778,-43.9516],[-74.0675,-43.9435],[-74.0597,-43.9539],[-74.0778,-43.9516]]],[[[-73.9148,-43.9111],[-73.9384,-43.9536],[-73.9988,-43.9218],[-74.0055,-43.8895],[-74.0174,-43.9078],[-74.0348,-43.8964],[-74.0545,-43.9082],[-74.1477,-43.8796],[-74.158,-43.8612],[-74.1045,-43.8092],[-74.0566,-43.8049],[-74.04,-43.8169],[-74.0187,-43.8176],[-73.9758,-43.8443],[-73.9212,-43.8448],[-73.8809,-43.8178],[-73.9043,-43.7977],[-73.8407,-43.8063],[-73.8598,-43.7864],[-73.8266,-43.7993],[-73.8562,-43.771],[-73.8089,-43.7921],[-73.7816,-43.8301],[-73.8091,-43.8514],[-73.9422,-43.8514],[-73.9386,-43.8839],[-73.8627,-43.9153],[-73.8878,-43.9238],[-73.9148,-43.9111]]],[[[-74.0168,-43.7977],[-74.0161,-43.8106],[-74.0393,-43.8154],[-74.042,-43.8],[-74.0168,-43.7977]]],[[[-73.6953,-48.8802],[-73.8388,-48.7942],[-73.9837,-48.7036],[-74.0238,-48.7205],[-74.083,-48.6913],[-74.1589,-48.6889],[-74.2429,-48.7178],[-74.2735,-48.7006],[-74.2624,-48.6835],[-74.1937,-48.6656],[-74.1742,-48.6387],[-74.2343,-48.6748],[-74.2544,-48.6278],[-74.2676,-48.6685],[-74.3012,-48.6758],[-74.3331,-48.6501],[-74.3131,-48.6245],[-74.3591,-48.5949],[-74.2359,-48.5163],[-74.1744,-48.5358],[-74.2263,-48.5059],[-74.1446,-48.4663],[-73.9475,-48.5647],[-73.9042,-48.6089],[-73.9166,-48.5755],[-73.8865,-48.5943],[-73.9164,-48.5548],[-74.0018,-48.5146],[-73.9774,-48.4946],[-73.9813,-48.4321],[-73.9505,-48.4156],[-73.8814,-48.4239],[-73.8406,-48.3969],[-73.9056,-48.4128],[-73.9436,-48.3968],[-73.976,-48.4064],[-74.0022,-48.3887],[-74.0583,-48.3866],[-74.1001,-48.3604],[-74.0923,-48.3492],[-74.1994,-48.342],[-74.1469,-48.3174],[-73.906,-48.309],[-74.104,-48.303],[-74.227,-48.3327],[-74.1856,-48.2832],[-74.2636,-48.2338],[-74.2563,-48.1936],[-74.2795,-48.2125],[-74.3691,-48.1868],[-74.4698,-48.086],[-74.3787,-48.0527],[-74.4178,-48.0573],[-74.3591,-48.0007],[-74.3966,-48.0022],[-74.4241,-48.0525],[-74.4694,-48.0797],[-74.4875,-48.0825],[-74.4392,-48.0504],[-74.5426,-48.0903],[-74.6035,-48.0457],[-74.607,-47.9952],[-74.5345,-47.9706],[-74.4895,-47.9281],[-74.2911,-47.9977],[-74.2749,-48.0288],[-74.2991,-48.0112],[-74.3001,-48.0217],[-74.2047,-48.1587],[-74.208,-48.2016],[-74.2289,-48.1988],[-74.216,-48.2549],[-74.1937,-48.1784],[-74.1399,-48.2333],[-74.056,-48.194],[-74.1471,-48.2215],[-74.143,-48.1938],[-74.1833,-48.1727],[-74.1908,-48.1475],[-74.1607,-48.1357],[-74.1933,-48.1377],[-74.2599,-48.0004],[-74.2178,-47.9913],[-74.1986,-48.0192],[-74.1919,-47.987],[-74.066,-47.9668],[-74.0035,-47.9865],[-73.9937,-47.9709],[-73.9752,-47.9774],[-73.9953,-47.9891],[-73.9843,-48.0116],[-74.0531,-47.9798],[-73.9853,-48.0248],[-73.9615,-48.0226],[-73.971,-48.0059],[-73.9102,-48.0397],[-73.8656,-48.0151],[-73.8221,-48.02],[-73.8302,-48.04],[-73.8094,-48.039],[-73.8075,-48.0541],[-73.8349,-48.1087],[-73.8075,-48.0956],[-73.7977,-48.0563],[-73.7341,-48.0413],[-73.7224,-48.022],[-73.7007,-48.042],[-73.7518,-48.0997],[-73.7422,-48.1459],[-73.745,-48.1108],[-73.7139,-48.0879],[-73.6698,-48.0861],[-73.6231,-48.119],[-73.6067,-48.1076],[-73.563,-48.1193],[-73.5303,-48.2269],[-73.4676,-48.2533],[-73.4556,-48.23],[-73.4905,-48.2073],[-73.4408,-48.1662],[-73.3821,-48.1765],[-73.341,-48.2152],[-73.3105,-48.1856],[-73.3732,-48.1419],[-73.4488,-48.124],[-73.5914,-48.0005],[-73.6198,-47.9505],[-73.5968,-47.8865],[-73.6197,-47.8877],[-73.6007,-47.8627],[-73.5125,-47.88],[-73.5016,-47.9259],[-73.4448,-47.9561],[-73.4002,-47.9541],[-73.3969,-47.9704],[-73.3912,-47.9467],[-73.4313,-47.9439],[-73.4929,-47.9079],[-73.4845,-47.8918],[-73.459,-47.8958],[-73.4736,-47.8766],[-73.4425,-47.8441],[-73.4755,-47.8618],[-73.4792,-47.8388],[-73.5395,-47.8183],[-73.5319,-47.7978],[-73.5717,-47.8088],[-73.596,-47.7795],[-73.6429,-47.7796],[-73.6796,-47.7603],[-73.7012,-47.6924],[-73.6365,-47.6246],[-73.6864,-47.6333],[-73.7179,-47.6619],[-73.736,-47.7254],[-73.7123,-47.7415],[-73.7176,-47.7747],[-73.8824,-47.8309],[-73.9326,-47.8066],[-73.9915,-47.8072],[-74.0016,-47.7455],[-74.0202,-47.7675],[-74.1512,-47.7821],[-74.2408,-47.7453],[-74.2372,-47.7603],[-74.3148,-47.7782],[-74.3659,-47.751],[-74.2651,-47.7512],[-74.3191,-47.7268],[-74.4281,-47.7447],[-74.4743,-47.7785],[-74.5053,-47.7676],[-74.4275,-47.7233],[-74.4287,-47.7129],[-74.4069,-47.7045],[-74.4088,-47.6949],[-74.4407,-47.6898],[-74.4803,-47.7138],[-74.4987,-47.7428],[-74.4378,-47.6968],[-74.4082,-47.6986],[-74.5251,-47.7658],[-74.636,-47.7401],[-74.6218,-47.7278],[-74.5827,-47.7455],[-74.6203,-47.7253],[-74.5596,-47.6837],[-74.6453,-47.7315],[-74.6878,-47.7046],[-74.636,-47.6626],[-74.621,-47.6167],[-74.5585,-47.6219],[-74.615,-47.6474],[-74.5273,-47.6263],[-74.5263,-47.6083],[-74.5515,-47.6177],[-74.6038,-47.588],[-74.5619,-47.5412],[-74.4967,-47.5145],[-74.4636,-47.5213],[-74.4852,-47.5555],[-74.4547,-47.6055],[-74.4597,-47.5778],[-74.4391,-47.5727],[-74.4591,-47.5732],[-74.4571,-47.5534],[-74.426,-47.5219],[-74.3668,-47.5436],[-74.3486,-47.606],[-74.4042,-47.6589],[-74.4685,-47.6767],[-74.5214,-47.6615],[-74.4983,-47.6301],[-74.5653,-47.6367],[-74.5213,-47.6433],[-74.5422,-47.6779],[-74.5172,-47.6651],[-74.4904,-47.6842],[-74.4143,-47.6764],[-74.2824,-47.6505],[-74.2814,-47.6337],[-74.2584,-47.7117],[-74.1569,-47.7524],[-74.1419,-47.731],[-74.0648,-47.7268],[-74.1401,-47.7238],[-74.1639,-47.7357],[-74.2141,-47.7229],[-74.2105,-47.708],[-74.2543,-47.6994],[-74.2516,-47.6412],[-74.0915,-47.6558],[-74.0295,-47.6292],[-74.1138,-47.6238],[-74.19,-47.6373],[-74.2531,-47.621],[-74.2163,-47.6253],[-74.2481,-47.6148],[-74.2108,-47.5989],[-74.187,-47.6095],[-74.1086,-47.5932],[-74.0251,-47.6101],[-73.9679,-47.6042],[-73.9456,-47.581],[-74.033,-47.6033],[-74.0976,-47.5879],[-74.0942,-47.5692],[-74.031,-47.5464],[-74.0075,-47.5177],[-73.8985,-47.4925],[-74.0255,-47.5137],[-74.1187,-47.5809],[-74.185,-47.5649],[-74.2562,-47.5893],[-74.2884,-47.5811],[-74.3018,-47.5451],[-74.2792,-47.5122],[-74.1933,-47.4885],[-74.1294,-47.4929],[-74.0584,-47.428],[-74.1399,-47.4861],[-74.2046,-47.4816],[-74.2987,-47.5088],[-74.346,-47.4882],[-74.3719,-47.5023],[-74.3377,-47.4999],[-74.3152,-47.5173],[-74.3271,-47.5313],[-74.4246,-47.4774],[-74.4201,-47.456],[-74.4018,-47.4416],[-74.3081,-47.4523],[-74.2077,-47.3897],[-74.239,-47.3988],[-74.2295,-47.3801],[-74.3128,-47.4435],[-74.3433,-47.4307],[-74.3902,-47.4395],[-74.398,-47.4192],[-74.4104,-47.4323],[-74.4156,-47.3936],[-74.4589,-47.4633],[-74.4886,-47.4133],[-74.483,-47.3977],[-74.458,-47.4066],[-74.4467,-47.3522],[-74.3883,-47.3206],[-74.3798,-47.279],[-74.3599,-47.2883],[-74.3324,-47.272],[-74.2623,-47.1944],[-74.2228,-47.2222],[-74.2035,-47.2084],[-74.2358,-47.2042],[-74.2413,-47.1874],[-74.109,-47.1983],[-74.0224,-47.1593],[-74.008,-47.2218],[-74.0147,-47.1182],[-74.0906,-47.1688],[-74.0772,-47.1538],[-74.0995,-47.146],[-74.142,-47.1656],[-74.143,-47.1307],[-74.1963,-47.1158],[-74.1462,-47.0058],[-74.124,-46.9931],[-74.0697,-47.003],[-74.0491,-47.0494],[-74.0324,-47.0283],[-74.0491,-47.0055],[-73.997,-46.9721],[-73.9802,-46.9584],[-74.0054,-46.9464],[-74.0636,-46.9823],[-74.1703,-46.8767],[-74.1628,-46.8596],[-74.1823,-46.8649],[-74.2581,-46.804],[-74.3473,-46.7832],[-74.3424,-46.7688],[-74.3168,-46.7876],[-74.2546,-46.8003],[-74.2334,-46.792],[-74.2244,-46.7618],[-74.278,-46.7671],[-74.2904,-46.7359],[-74.3017,-46.7704],[-74.3225,-46.7484],[-74.3938,-46.7598],[-74.4764,-46.7317],[-74.4673,-46.7155],[-74.5672,-46.7193],[-74.427,-46.7729],[-74.5,-46.7908],[-74.5752,-46.7735],[-74.6071,-46.7896],[-74.601,-46.8284],[-74.636,-46.8385],[-74.6569,-46.8158],[-74.6916,-46.8137],[-74.6333,-46.841],[-74.5199,-46.8235],[-74.4546,-46.8503],[-74.3863,-46.8477],[-74.4009,-46.9003],[-74.4074,-46.8857],[-74.523,-46.8878],[-74.5914,-46.855],[-74.6329,-46.8752],[-74.6417,-46.8422],[-74.6694,-46.8411],[-74.7538,-46.781],[-74.779,-46.7835],[-74.7923,-46.8099],[-74.8399,-46.7683],[-74.8947,-46.7681],[-74.9106,-46.7444],[-74.9362,-46.7584],[-74.9678,-46.7445],[-74.9691,-46.7225],[-75.0252,-46.6815],[-75.0453,-46.6239],[-74.9191,-46.5068],[-74.9166,-46.454],[-74.8912,-46.4345],[-74.934,-46.4477],[-74.9406,-46.4843],[-74.9982,-46.5348],[-75.0171,-46.5144],[-75.0372,-46.5772],[-75.0554,-46.5692],[-75.1506,-46.6378],[-75.1665,-46.6304],[-75.1564,-46.595],[-75.1828,-46.5693],[-75.165,-46.5996],[-75.1894,-46.5984],[-75.1749,-46.6216],[-75.1911,-46.6367],[-75.2958,-46.6346],[-75.3087,-46.6414],[-75.2832,-46.6589],[-75.3306,-46.6578],[-75.323,-46.674],[-75.358,-46.6229],[-75.3956,-46.655],[-75.4787,-46.6746],[-75.5062,-46.7219],[-75.5407,-46.7151],[-75.5128,-46.7358],[-75.541,-46.7448],[-75.5726,-46.8104],[-75.5287,-46.7778],[-75.4957,-46.7869],[-75.5249,-46.7683],[-75.4792,-46.7141],[-75.4395,-46.7321],[-75.3921,-46.7137],[-75.3205,-46.7255],[-75.3424,-46.7455],[-75.3829,-46.7284],[-75.3679,-46.7495],[-75.4184,-46.8031],[-75.3571,-46.7638],[-75.376,-46.7994],[-75.3423,-46.7787],[-75.3155,-46.7841],[-75.3019,-46.8353],[-75.3824,-46.8782],[-75.3133,-46.8514],[-75.2614,-46.8735],[-75.2944,-46.8428],[-75.2808,-46.8178],[-75.254,-46.8535],[-75.2528,-46.9027],[-75.3919,-46.9596],[-75.4421,-46.9684],[-75.4462,-46.9543],[-75.4914,-46.9547],[-75.4975,-46.906],[-75.5755,-46.8842],[-75.5817,-46.8257],[-75.64,-46.8045],[-75.6305,-46.6537],[-75.5934,-46.6446],[-75.6024,-46.5937],[-75.5862,-46.5822],[-75.5642,-46.5918],[-75.5509,-46.5795],[-75.5118,-46.6003],[-75.5023,-46.5907],[-75.4539,-46.621],[-75.4896,-46.5893],[-75.4848,-46.5695],[-75.446,-46.573],[-75.4261,-46.5953],[-75.421,-46.5853],[-75.5029,-46.5249],[-75.463,-46.5171],[-75.4278,-46.5296],[-75.4143,-46.5168],[-75.3955,-46.5361],[-75.3815,-46.4954],[-75.3218,-46.4992],[-75.3497,-46.4391],[-75.2861,-46.4619],[-75.3362,-46.4316],[-75.3136,-46.4378],[-75.2944,-46.4034],[-75.2478,-46.4086],[-75.2615,-46.3909],[-75.219,-46.3708],[-75.1755,-46.3787],[-75.1868,-46.3668],[-75.1512,-46.3264],[-75.1688,-46.3019],[-75.0131,-46.3733],[-74.9826,-46.3613],[-74.8735,-46.3726],[-75.0361,-46.3531],[-75.0994,-46.3262],[-75.0955,-46.2852],[-75,-46.2898],[-75.0683,-46.2764],[-75.0607,-46.2407],[-74.9994,-46.2151],[-74.8575,-46.3012],[-74.9185,-46.2342],[-74.8788,-46.1888],[-74.9004,-46.1863],[-74.893,-46.1742],[-74.8371,-46.191],[-74.8736,-46.16],[-74.8439,-46.1507],[-74.7862,-46.1688],[-74.734,-46.2273],[-74.7392,-46.189],[-74.644,-46.1756],[-74.7533,-46.1664],[-74.7733,-46.1259],[-74.7371,-46.079],[-74.7502,-46.0543],[-74.6312,-46.0395],[-74.5908,-46.0555],[-74.5512,-46.0504],[-74.5752,-46.0264],[-74.5917,-46.0516],[-74.6234,-46.0314],[-74.7068,-46.0323],[-74.682,-46.002],[-74.6657,-46.006],[-74.6918,-45.9486],[-74.6724,-45.9048],[-74.6976,-45.918],[-74.7081,-45.9637],[-74.7309,-45.9607],[-74.7001,-45.971],[-74.7223,-46.008],[-74.8085,-46.0555],[-74.8502,-46.0337],[-74.8301,-46.0736],[-74.8704,-46.1117],[-75.0146,-46.1128],[-75.0447,-46.0969],[-75.0552,-46.0397],[-75.0006,-46.0394],[-74.9377,-46.0134],[-74.8571,-46.0263],[-74.8083,-45.9971],[-74.8602,-46.0169],[-74.8871,-45.9887],[-74.8712,-46.0184],[-75.0338,-45.9916],[-74.9871,-45.9928],[-74.9652,-45.9563],[-74.9108,-45.9696],[-74.9722,-45.9522],[-75.0001,-45.9647],[-74.9809,-45.9683],[-74.9917,-45.9862],[-75.0567,-45.9712],[-75.0331,-45.9437],[-75.0715,-45.934],[-75.0868,-45.8959],[-75.0578,-45.8671],[-75.0012,-45.8636],[-74.9611,-45.9202],[-74.9457,-45.8876],[-74.9114,-45.9174],[-74.7855,-45.9534],[-74.7712,-45.9497],[-74.9417,-45.8789],[-74.9337,-45.8596],[-74.8431,-45.9023],[-74.8605,-45.8826],[-74.8368,-45.8713],[-74.8346,-45.8878],[-74.8143,-45.8669],[-74.7813,-45.8859],[-74.7507,-45.8725],[-74.7806,-45.8832],[-74.7957,-45.8324],[-74.6846,-45.8162],[-74.6723,-45.8526],[-74.7024,-45.9029],[-74.65,-45.8813],[-74.6278,-45.8309],[-74.5618,-45.8387],[-74.5697,-45.8783],[-74.545,-45.8386],[-74.5235,-45.8395],[-74.4875,-45.8932],[-74.5458,-45.922],[-74.4695,-45.9046],[-74.4549,-45.916],[-74.4849,-45.933],[-74.4818,-45.9578],[-74.4309,-45.9212],[-74.4192,-45.9387],[-74.444,-46.0163],[-74.4706,-46.0232],[-74.4353,-46.0273],[-74.43,-46.0506],[-74.4043,-45.9784],[-74.3841,-45.9941],[-74.3903,-45.955],[-74.3647,-45.9508],[-74.331,-45.9732],[-74.4599,-45.8466],[-74.4074,-45.8468],[-74.3779,-45.87],[-74.4424,-45.8158],[-74.4312,-45.8017],[-74.4089,-45.8217],[-74.3493,-45.7994],[-74.3348,-45.8146],[-74.3397,-45.7948],[-74.3149,-45.8207],[-74.2843,-45.8114],[-74.2978,-45.845],[-74.2683,-45.874],[-74.2645,-45.8338],[-74.2103,-45.8144],[-74.1051,-45.8103],[-74.062,-45.8606],[-74.2565,-45.9022],[-74.1434,-45.8914],[-74.0769,-45.9149],[-74.1635,-45.9458],[-74.0342,-45.9114],[-74.0046,-45.9382],[-74.0111,-45.975],[-74.1048,-46.0154],[-74.1919,-46.0272],[-74.2056,-46.02],[-74.2673,-46.0337],[-74.3046,-46.0096],[-74.2703,-46.0358],[-74.2477,-46.0422],[-74.0571,-46.0173],[-74.0569,-46.1069],[-74.125,-46.1398],[-74.1611,-46.1294],[-74.3053,-46.1406],[-74.3305,-46.1204],[-74.3169,-46.1416],[-74.1756,-46.1366],[-74.1382,-46.1504],[-74.0528,-46.1233],[-74.0131,-46.0974],[-74.0446,-46.0995],[-74.0264,-46.0318],[-74.0429,-46.0061],[-74.0144,-45.9865],[-73.9959,-46.0204],[-73.9481,-46.0267],[-73.939,-46.0781],[-73.9827,-46.1471],[-74.1533,-46.223],[-74.2911,-46.2507],[-74.4056,-46.2046],[-74.4361,-46.153],[-74.4469,-46.1946],[-74.2936,-46.261],[-74.1152,-46.2255],[-73.9992,-46.1829],[-74.0023,-46.2212],[-74.0355,-46.234],[-74.006,-46.2335],[-73.9972,-46.2637],[-73.9877,-46.2319],[-73.9411,-46.2263],[-73.9246,-46.2834],[-73.9687,-46.2769],[-73.9694,-46.2614],[-73.975,-46.2818],[-73.8998,-46.3024],[-73.8686,-46.337],[-73.8557,-46.3278],[-73.8261,-46.3487],[-73.8396,-46.3205],[-73.9091,-46.2807],[-73.9391,-46.2238],[-73.9914,-46.2253],[-73.9513,-46.1443],[-73.8613,-46.1348],[-73.8112,-46.2004],[-73.7257,-46.2323],[-73.7609,-46.3647],[-73.8622,-46.4551],[-73.8444,-46.5251],[-73.8856,-46.4744],[-73.886,-46.5131],[-73.9127,-46.5277],[-73.8586,-46.587],[-73.8061,-46.5754],[-73.7694,-46.4962],[-73.7372,-46.4774],[-73.7602,-46.4701],[-73.721,-46.4144],[-73.7502,-46.4048],[-73.7055,-46.4044],[-73.6002,-46.3136],[-73.5991,-46.3405],[-73.5698,-46.3028],[-73.457,-46.299],[-73.507,-46.282],[-73.5341,-46.296],[-73.5569,-46.2733],[-73.52,-46.234],[-73.5241,-46.2009],[-73.4843,-46.1541],[-73.4339,-46.1545],[-73.4659,-46.1314],[-73.3867,-46.0439],[-73.3338,-46.0283],[-73.3613,-45.998],[-73.3533,-46.0162],[-73.4075,-46.0234],[-73.5225,-46.1425],[-73.5381,-46.1847],[-73.605,-46.2222],[-73.5684,-46.2307],[-73.5777,-46.2589],[-73.6746,-46.3283],[-73.6492,-46.2189],[-73.6124,-46.2216],[-73.6389,-46.1872],[-73.6031,-46.057],[-73.6365,-45.9762],[-73.6017,-45.9483],[-73.5609,-45.9458],[-73.5939,-45.9267],[-73.551,-45.864],[-73.5163,-45.8529],[-73.5316,-45.8256],[-73.3745,-45.697],[-73.2192,-45.6675],[-73.2297,-45.6829],[-73.188,-45.6883],[-73.1317,-45.652],[-73.278,-45.6466],[-73.2741,-45.6024],[-73.2374,-45.5905],[-73.2766,-45.5922],[-73.3,-45.6233],[-73.3689,-45.6406],[-73.4702,-45.7444],[-73.5647,-45.7798],[-73.4763,-45.4457],[-73.4464,-45.4185],[-73.3938,-45.4069],[-73.3848,-45.4863],[-73.3777,-45.3839],[-73.3289,-45.3499],[-73.3002,-45.4108],[-73.3284,-45.3465],[-73.1969,-45.292],[-73.1482,-45.3163],[-73.147,-45.3587],[-73.106,-45.3941],[-73.0161,-45.4248],[-73.0106,-45.4463],[-72.9814,-45.4416],[-72.9915,-45.453],[-72.8807,-45.4769],[-72.8452,-45.4598],[-72.8332,-45.4845],[-72.8253,-45.447],[-72.798,-45.4445],[-72.8157,-45.4584],[-72.7918,-45.4501],[-72.8034,-45.3784],[-72.8737,-45.3894],[-72.9055,-45.4257],[-72.9889,-45.404],[-73.0554,-45.3391],[-73.1031,-45.3242],[-73.1062,-45.2992],[-73.2093,-45.2389],[-73.2726,-45.2464],[-73.3269,-45.2934],[-73.425,-45.2753],[-73.4275,-45.2615],[-73.4443,-45.2645],[-73.4667,-45.2445],[-73.4992,-45.2444],[-73.5072,-45.1942],[-73.4654,-45.2056],[-73.4454,-45.2617],[-73.4276,-45.2512],[-73.4248,-45.1883],[-73.3024,-45.1967],[-73.3034,-45.1726],[-73.3358,-45.1641],[-73.3034,-45.1695],[-73.274,-45.1498],[-73.3209,-45.1018],[-73.2686,-45.0713],[-73.3386,-45.0929],[-73.3631,-45.0666],[-73.3764,-45.0165],[-73.3578,-44.9561],[-73.3074,-44.9471],[-73.2181,-44.9627],[-73.1233,-44.9306],[-73.0957,-44.9505],[-72.9891,-44.8883],[-73.0048,-44.8831],[-72.9717,-44.8584],[-72.9283,-44.8669],[-72.746,-44.7472],[-72.6918,-44.7436],[-72.7174,-44.6636],[-72.6638,-44.623],[-72.6781,-44.5876],[-72.6539,-44.5389],[-72.5816,-44.5032],[-72.543,-44.5274],[-72.6066,-44.4693],[-72.5817,-44.3978],[-72.603,-44.3855],[-72.5602,-44.3636],[-72.5581,-44.326],[-72.5742,-44.3259],[-72.6171,-44.4073],[-72.6459,-44.414],[-72.6376,-44.4475],[-72.6742,-44.5109],[-72.7177,-44.4987],[-72.713,-44.4798],[-72.7451,-44.4644],[-72.7029,-44.4453],[-72.744,-44.4422],[-72.8071,-44.4022],[-72.7649,-44.3816],[-72.9083,-44.3766],[-72.9178,-44.3559],[-72.8918,-44.3077],[-72.853,-44.3015],[-72.8611,-44.2928],[-72.8957,-44.2959],[-72.9091,-44.3215],[-72.9773,-44.2826],[-73.0485,-44.272],[-73.0668,-44.2335],[-73.0866,-44.273],[-73.1829,-44.2481],[-73.1695,-44.2131],[-73.1315,-44.197],[-73.0994,-44.2325],[-73.1142,-44.2124],[-73.0959,-44.174],[-73.1099,-44.1853],[-73.1177,-44.1692],[-73.1091,-44.1476],[-73.0834,-44.1553],[-73.1085,-44.1438],[-73.1009,-44.1247],[-73.1711,-44.2003],[-73.2267,-44.1963],[-73.2251,-44.1784],[-73.2405,-44.1981],[-73.2749,-44.1803],[-73.2755,-44.1541],[-73.2439,-44.1608],[-73.2711,-44.142],[-73.2607,-44.1069],[-73.1778,-44.1522],[-73.2112,-44.1188],[-73.208,-44.0651],[-73.1529,-44.0634],[-73.1274,-44.1057],[-73.0865,-44.083],[-73.123,-44.0362],[-73.1214,-43.9727],[-73.0873,-43.932],[-73.0656,-43.9258],[-73.0604,-43.9436],[-73.0308,-43.9173],[-73.0588,-43.8809],[-73.0286,-43.8743],[-73.0421,-43.8489],[-73.0066,-43.8458],[-72.98,-43.814],[-72.9806,-43.7682],[-72.9553,-43.8317],[-72.9504,-43.83],[-72.9489,-43.8218],[-72.9514,-43.8147],[-72.9463,-43.8131],[-72.9456,-43.8119],[-72.9058,-43.804],[-72.9044,-43.8025],[-72.8934,-43.8003],[-72.8764,-43.7895],[-72.8591,-43.788],[-72.829,-43.8233],[-72.7279,-43.8384],[-72.8156,-43.8077],[-72.8325,-43.7617],[-72.8063,-43.6871],[-72.8162,-43.6534],[-72.839,-43.7703],[-72.9204,-43.7638],[-72.9328,-43.7894],[-72.9436,-43.7509],[-73.0418,-43.7353],[-73.0352,-43.7339],[-73.0262,-43.7204],[-73.0216,-43.7201],[-72.9763,-43.7162],[-72.9669,-43.7167],[-72.9404,-43.6979],[-72.9334,-43.6974],[-72.9102,-43.7117],[-72.9064,-43.7178],[-72.8922,-43.7395],[-72.8823,-43.7417],[-72.8439,-43.7232],[-72.8233,-43.6437],[-72.7919,-43.6488],[-72.7897,-43.6541],[-72.7667,-43.6919],[-72.7892,-43.727],[-72.794,-43.726],[-72.782,-43.7459],[-72.7751,-43.7499],[-72.7701,-43.75],[-72.7675,-43.7519],[-72.7666,-43.7632],[-72.763,-43.7703],[-72.6927,-43.7653],[-72.6866,-43.7699],[-72.6782,-43.774],[-72.654,-43.776],[-72.6537,-43.769],[-72.655,-43.7668],[-72.6539,-43.7597],[-72.6417,-43.7591],[-72.6348,-43.7602],[-72.5882,-43.7616],[-72.5851,-43.7663],[-72.5477,-43.7805],[-72.5419,-43.7843],[-72.5373,-43.7853],[-72.5304,-43.7844],[-72.495,-43.7903],[-72.4906,-43.7883],[-72.4908,-43.7799],[-72.4805,-43.7736],[-72.4832,-43.7574],[-72.4774,-43.7548],[-72.4764,-43.7358],[-72.4225,-43.729],[-72.4169,-43.705],[-72.4074,-43.6947],[-72.3992,-43.6897],[-72.3869,-43.6923],[-72.3382,-43.6739],[-72.3211,-43.6893],[-72.2981,-43.7148],[-72.3082,-43.7335],[-72.3025,-43.7358],[-72.2825,-43.7544],[-72.2755,-43.7565],[-72.3024,-43.772],[-72.2861,-43.7914],[-72.2768,-43.7896],[-72.2424,-43.8078],[-72.2756,-43.8253],[-72.2824,-43.8307],[-72.1936,-43.8421],[-72.195,-43.8661],[-72.1881,-43.8699],[-72.1822,-43.894],[-72.1585,-43.8811],[-72.1525,-43.8806],[-72.1362,-43.8897],[-72.1185,-43.8775],[-72.0801,-43.8979],[-72.0764,-43.9024],[-72.1081,-43.9299],[-72.0972,-43.9465],[-72.0762,-43.9557],[-72.0683,-43.9559],[-72.0641,-43.9508],[-72.061,-43.9428],[-72.043,-43.9364],[-72.0137,-43.966],[-71.9803,-43.9671],[-71.9584,-43.9572],[-71.9718,-43.9346],[-71.9739,-43.9294],[-71.9146,-43.9411],[-71.8584,-43.9287],[-71.827,-43.9511],[-71.8169,-43.9536],[-71.8094,-43.9585],[-71.8147,-43.9627],[-71.822,-44.0109],[-71.8105,-44.0126],[-71.7957,-44.0316],[-71.7965,-44.0427],[-71.7368,-44.0671],[-71.7676,-44.1077],[-71.8497,-44.115],[-71.8463,-44.16],[-71.78,-44.2243],[-71.8066,-44.2278],[-71.8058,-44.2576],[-71.828,-44.2598],[-71.8038,-44.2728],[-71.7905,-44.3235],[-71.8402,-44.3502],[-71.8055,-44.3975],[-71.8147,-44.4174],[-71.7127,-44.3809],[-71.6704,-44.4089],[-71.3891,-44.3861],[-71.3646,-44.3903],[-71.3496,-44.4245],[-71.2428,-44.4171],[-71.1293,-44.4706],[-71.1612,-44.4997],[-71.0946,-44.5294],[-71.0963,-44.5863],[-71.2019,-44.5909],[-71.2347,-44.651],[-71.1945,-44.6852],[-71.2145,-44.7106],[-71.2016,-44.7371],[-71.2674,-44.8076],[-71.3942,-44.791],[-71.4709,-44.7377],[-71.582,-44.7543],[-71.5952,-44.7807],[-71.6637,-44.7892],[-71.686,-44.7644],[-71.7834,-44.7518],[-71.8245,-44.7744],[-71.8159,-44.794],[-71.857,-44.8019],[-71.915,-44.7769],[-71.9333,-44.8023],[-72.0054,-44.7845],[-72.0157,-44.7584],[-72.0629,-44.7572],[-72.0729,-44.7809],[-72.0308,-44.8031],[-72.0616,-44.8397],[-72.0403,-44.8638],[-72.0636,-44.8772],[-72.0397,-44.9016],[-71.9831,-44.9024],[-71.9737,-44.9213],[-71.9471,-44.9214],[-71.9286,-44.9453],[-71.8851,-44.9457],[-71.8816,-44.9601],[-71.8157,-44.9199],[-71.7792,-44.9424],[-71.7547,-44.927],[-71.7404,-44.9618],[-71.703,-44.9542],[-71.6592,-44.9763],[-71.5602,-44.9776],[-71.5415,-45.0001],[-71.5594,-45.0267],[-71.5066,-45.0696],[-71.5276,-45.1036],[-71.4867,-45.1103],[-71.4863,-45.1421],[-71.4144,-45.1592],[-71.4254,-45.1719],[-71.332,-45.2479],[-71.3517,-45.2661],[-71.3203,-45.2924],[-71.3743,-45.3436],[-71.4488,-45.367],[-71.4384,-45.3955],[-71.4956,-45.3853],[-71.5387,-45.3999],[-71.534,-45.4325],[-71.472,-45.4967],[-71.5551,-45.525],[-71.6827,-45.5126],[-71.6833,-45.5275],[-71.7618,-45.5565],[-71.7646,-45.5748],[-71.7262,-45.5776],[-71.7778,-45.6185],[-71.7967,-45.6664],[-71.7724,-45.696],[-71.8016,-45.7204],[-71.741,-45.8072],[-71.7678,-45.8465],[-71.656,-45.8862],[-71.6145,-45.9757],[-71.6459,-45.9824],[-71.6527,-46.0168],[-71.7191,-46.0917],[-71.7561,-46.0952],[-71.7856,-46.1212],[-71.828,-46.1118],[-71.9184,-46.1408],[-71.8629,-46.1962],[-71.7937,-46.1948],[-71.7618,-46.2223],[-71.7262,-46.2907],[-71.759,-46.3489],[-71.7156,-46.4369],[-71.6729,-46.5236],[-71.6456,-46.685],[-71.8332,-46.7968],[-71.9585,-46.816],[-71.9336,-46.8475],[-71.9729,-46.9059],[-71.9602,-46.9766],[-71.8821,-47.0105],[-71.9061,-47.0521],[-71.957,-47.0773],[-71.8651,-47.1276],[-71.8526,-47.1654],[-71.8908,-47.1828],[-71.8807,-47.2061],[-71.8977,-47.2145],[-71.8653,-47.2339],[-72.0207,-47.2002],[-71.9948,-47.2228],[-72.0178,-47.2512],[-71.9997,-47.2964],[-72.05,-47.3415],[-72.1302,-47.3301],[-72.1636,-47.3971],[-72.2011,-47.4187],[-72.2472,-47.4082],[-72.2973,-47.4484],[-72.3452,-47.4584],[-72.2922,-47.5142],[-72.3296,-47.5746],[-72.3125,-47.5943],[-72.3563,-47.6377],[-72.4202,-47.6616],[-72.4155,-47.6904],[-72.4521,-47.7125],[-72.4432,-47.7482],[-72.4661,-47.7398],[-72.486,-47.7603],[-72.5273,-47.7436],[-72.5026,-47.7821],[-72.4704,-47.8162],[-72.5307,-47.9394],[-72.5067,-47.9576],[-72.4282,-47.9693],[-72.4462,-48.065],[-72.4202,-48.0793],[-72.363,-48.0758],[-72.3608,-48.105],[-72.3029,-48.1581],[-72.318,-48.2376],[-72.2307,-48.323],[-72.2829,-48.3635],[-72.3817,-48.3519],[-72.3468,-48.3883],[-72.4097,-48.4171],[-72.3802,-48.4537],[-72.446,-48.5157],[-72.5057,-48.52],[-72.5379,-48.4844],[-72.5893,-48.4929],[-72.5376,-48.6689],[-72.5408,-48.8053],[-72.6392,-48.8653],[-72.6768,-48.8654],[-72.6959,-48.8989],[-72.7571,-48.9177],[-72.7937,-48.9687],[-72.8427,-48.9667],[-72.8616,-48.9456],[-72.9183,-48.9352],[-72.9453,-48.9453],[-72.9567,-48.9791],[-72.9891,-48.9916],[-72.9823,-49.0288],[-73.0146,-49.0337],[-73.0043,-49.0555],[-73.0455,-49.0814],[-73.0833,-49.1453],[-73.2314,-49.1583],[-73.3247,-49.1024],[-73.5174,-48.9868],[-73.6205,-48.9251],[-73.6953,-48.8802]]],[[[-73.8714,-47.965],[-73.8214,-47.9581],[-73.8703,-47.9774],[-73.8714,-47.965]]],[[[-73.8899,-47.9623],[-73.8669,-47.9472],[-73.8629,-47.9605],[-73.8899,-47.9623]]],[[[-73.6828,-47.9912],[-73.6576,-47.9836],[-73.6868,-47.9819],[-73.7373,-47.9439],[-73.6819,-47.9473],[-73.6691,-47.9274],[-73.6872,-47.9399],[-73.7478,-47.9276],[-73.7257,-47.868],[-73.7047,-47.8649],[-73.6416,-47.8821],[-73.619,-47.9227],[-73.6675,-47.9255],[-73.6322,-47.9375],[-73.6226,-47.9678],[-73.667,-47.9957],[-73.6828,-47.9912]]],[[[-73.5873,-47.8119],[-73.6366,-47.8374],[-73.6776,-47.8454],[-73.7113,-47.8259],[-73.6666,-47.8072],[-73.6259,-47.8155],[-73.6137,-47.7963],[-73.5873,-47.8119]]],[[[-73.7143,-46.1491],[-73.6966,-46.1786],[-73.7293,-46.2103],[-73.8187,-46.1594],[-73.7481,-46.1425],[-73.8293,-46.141],[-73.8647,-46.097],[-73.9183,-46.091],[-73.9043,-46.0037],[-73.8669,-45.9966],[-73.8299,-45.9971],[-73.8067,-46.0242],[-73.761,-46.0363],[-73.7679,-46.0707],[-73.7437,-46.0322],[-73.6463,-46.0743],[-73.6791,-46.1557],[-73.7143,-46.1491]]],[[[-73.8002,-46.0028],[-73.7375,-45.8938],[-73.709,-45.9096],[-73.7604,-45.9564],[-73.6791,-45.894],[-73.7051,-45.8778],[-73.8049,-45.8835],[-73.7817,-45.9029],[-73.752,-45.8942],[-73.7838,-45.905],[-73.7902,-45.9321],[-73.8307,-45.9253],[-73.7961,-45.9452],[-73.8081,-45.9698],[-73.8241,-45.986],[-73.8921,-45.9942],[-73.9206,-45.9406],[-73.8659,-45.8569],[-73.8127,-45.8696],[-73.7734,-45.86],[-73.7644,-45.8301],[-73.7797,-45.8535],[-73.8109,-45.8508],[-73.8062,-45.8335],[-73.6971,-45.8081],[-73.6709,-45.8379],[-73.6789,-45.87],[-73.649,-45.8877],[-73.6849,-45.908],[-73.6596,-45.9156],[-73.6607,-46.0263],[-73.6794,-46.0377],[-73.8002,-46.0028]]],[[[-73.823,-45.8201],[-73.832,-45.8081],[-73.8844,-45.8214],[-73.8321,-45.7651],[-73.8427,-45.7814],[-73.8155,-45.7679],[-73.7631,-45.808],[-73.8141,-45.8213],[-73.8246,-45.8487],[-73.8843,-45.8517],[-73.8675,-45.8264],[-73.823,-45.8201]]],[[[-73.8912,-45.7836],[-73.8594,-45.7489],[-73.8472,-45.7643],[-73.8912,-45.7836]]],[[[-73.7948,-45.6712],[-73.772,-45.6915],[-73.7523,-45.6844],[-73.7084,-45.7261],[-73.7067,-45.7651],[-73.734,-45.7722],[-73.7555,-45.7555],[-73.7954,-45.7046],[-73.7948,-45.6712]]],[[[-73.815,-45.6245],[-73.7975,-45.6166],[-73.8089,-45.6587],[-73.815,-45.6245]]],[[[-73.5578,-45.6453],[-73.6013,-45.6221],[-73.603,-45.6383],[-73.6245,-45.6351],[-73.6719,-45.6065],[-73.5792,-45.6854],[-73.5875,-45.7351],[-73.624,-45.7689],[-73.7156,-45.6885],[-73.7934,-45.6662],[-73.7951,-45.605],[-73.7706,-45.6051],[-73.7532,-45.5186],[-73.6714,-45.4351],[-73.5687,-45.4525],[-73.5426,-45.4876],[-73.5522,-45.5177],[-73.5756,-45.5203],[-73.5671,-45.5888],[-73.5903,-45.6017],[-73.5685,-45.6052],[-73.5578,-45.6453]]],[[[-73.7562,-45.4022],[-73.7257,-45.3919],[-73.747,-45.4141],[-73.7562,-45.4022]]],[[[-73.7291,-45.3076],[-73.7069,-45.3117],[-73.7371,-45.3236],[-73.7291,-45.3076]]],[[[-73.7192,-44.9851],[-73.6953,-44.9782],[-73.6733,-44.9907],[-73.6745,-45.0183],[-73.6425,-45.0188],[-73.6655,-45.045],[-73.707,-45.0107],[-73.7006,-45.0311],[-73.723,-45.0299],[-73.7192,-44.9851]]],[[[-73.7919,-44.9818],[-73.7579,-44.9827],[-73.7539,-45.022],[-73.7919,-44.9818]]],[[[-73.6667,-44.9595],[-73.6538,-44.9751],[-73.6697,-44.9805],[-73.6837,-44.9741],[-73.6667,-44.9595]]],[[[-73.691,-44.9014],[-73.6784,-44.8932],[-73.6691,-44.9045],[-73.691,-44.9014]]],[[[-73.7551,-44.8845],[-73.7544,-44.8676],[-73.7291,-44.8908],[-73.7551,-44.8845]]],[[[-73.6592,-44.8791],[-73.6275,-44.864],[-73.6248,-44.8846],[-73.6592,-44.8791]]],[[[-73.7724,-44.9595],[-73.8248,-44.9608],[-73.9174,-44.8653],[-73.875,-44.8652],[-73.8444,-44.8979],[-73.796,-44.8965],[-73.8297,-44.892],[-73.8646,-44.8505],[-73.8344,-44.8408],[-73.9108,-44.8206],[-73.9074,-44.7866],[-73.8655,-44.772],[-73.8271,-44.7739],[-73.7927,-44.8042],[-73.7648,-44.8868],[-73.7247,-44.9087],[-73.7336,-44.9238],[-73.7662,-44.9048],[-73.7417,-44.9409],[-73.7724,-44.9595]]],[[[-73.7036,-44.8753],[-73.705,-44.8612],[-73.7174,-44.871],[-73.7356,-44.8569],[-73.7061,-44.8553],[-73.6738,-44.8705],[-73.7036,-44.8753]]],[[[-73.7596,-44.8306],[-73.7513,-44.804],[-73.7384,-44.8279],[-73.7596,-44.8306]]],[[[-73.7356,-44.7541],[-73.6696,-44.757],[-73.6151,-44.7318],[-73.5815,-44.7461],[-73.5806,-44.7826],[-73.6081,-44.7918],[-73.5939,-44.8281],[-73.6346,-44.8498],[-73.678,-44.8449],[-73.7303,-44.8064],[-73.7356,-44.7541]]],[[[-73.8749,-44.7665],[-73.8525,-44.7611],[-73.8398,-44.7706],[-73.8749,-44.7665]]],[[[-73.8442,-44.7159],[-73.8183,-44.7442],[-73.8973,-44.7451],[-73.9321,-44.7303],[-73.8442,-44.7159]]],[[[-73.584,-44.5924],[-73.5934,-44.6317],[-73.617,-44.6393],[-73.6067,-44.6522],[-73.7167,-44.7299],[-73.6036,-44.6706],[-73.5639,-44.7069],[-73.5891,-44.7306],[-73.587,-44.715],[-73.6073,-44.7127],[-73.6643,-44.7455],[-73.7429,-44.7528],[-73.7724,-44.6912],[-73.7939,-44.695],[-73.8368,-44.6515],[-73.8205,-44.6319],[-73.8757,-44.6029],[-73.8688,-44.5865],[-73.8314,-44.5876],[-73.7927,-44.656],[-73.8091,-44.5716],[-73.7762,-44.5498],[-73.7302,-44.5517],[-73.7307,-44.5289],[-73.728,-44.5455],[-73.6863,-44.5294],[-73.6118,-44.5585],[-73.6311,-44.5818],[-73.6833,-44.5562],[-73.6322,-44.5962],[-73.6027,-44.6049],[-73.584,-44.5924]]],[[[-73.7771,-44.535],[-73.7654,-44.5272],[-73.7474,-44.541],[-73.7771,-44.535]]],[[[-73.7662,-44.5253],[-73.7573,-44.5122],[-73.7494,-44.5272],[-73.7662,-44.5253]]],[[[-73.7553,-44.48],[-73.6961,-44.504],[-73.6951,-44.5237],[-73.7489,-44.5184],[-73.7553,-44.48]]],[[[-73.8803,-44.5246],[-73.8948,-44.4872],[-73.8477,-44.477],[-73.8302,-44.4832],[-73.8349,-44.5128],[-73.8803,-44.5246]]],[[[-73.816,-44.5152],[-73.8318,-44.499],[-73.7941,-44.4807],[-73.7601,-44.4962],[-73.7862,-44.5173],[-73.816,-44.5152]]],[[[-73.8972,-44.4558],[-73.8899,-44.4034],[-73.8232,-44.3729],[-73.8068,-44.4007],[-73.86,-44.4156],[-73.8777,-44.4383],[-73.8204,-44.4108],[-73.8271,-44.4419],[-73.7842,-44.4009],[-73.7528,-44.4518],[-73.8972,-44.4558]]],[[[-73.7911,-44.3777],[-73.7836,-44.3644],[-73.7579,-44.3788],[-73.686,-44.3553],[-73.6448,-44.3777],[-73.6373,-44.3638],[-73.6725,-44.3575],[-73.6533,-44.3399],[-73.6268,-44.3507],[-73.6289,-44.3795],[-73.7166,-44.3883],[-73.6433,-44.4157],[-73.6642,-44.4425],[-73.7188,-44.4299],[-73.7911,-44.3777]]],[[[-73.8679,-44.3574],[-73.833,-44.3712],[-73.8876,-44.3983],[-73.8961,-44.3843],[-73.8679,-44.3574]]],[[[-73.7258,-44.3535],[-73.7116,-44.3298],[-73.7006,-44.3515],[-73.7258,-44.3535]]],[[[-73.6594,-44.3143],[-73.6456,-44.331],[-73.6842,-44.3419],[-73.6951,-44.3239],[-73.6594,-44.3143]]],[[[-73.8446,-44.2956],[-73.8343,-44.3167],[-73.8383,-44.2841],[-73.8062,-44.2614],[-73.7807,-44.2684],[-73.7629,-44.322],[-73.8021,-44.3572],[-73.8749,-44.3419],[-73.8687,-44.3212],[-73.8725,-44.3135],[-73.8884,-44.3042],[-73.8446,-44.2956]]],[[[-73.6843,-44.3048],[-73.7162,-44.3072],[-73.7445,-44.2527],[-73.6959,-44.2534],[-73.6699,-44.2368],[-73.6316,-44.2615],[-73.6843,-44.3048]]],[[[-73.8301,-44.2113],[-73.8011,-44.2303],[-73.8348,-44.2512],[-73.849,-44.2149],[-73.8301,-44.2113]]],[[[-73.7454,-44.2402],[-73.7403,-44.2158],[-73.7253,-44.224],[-73.7454,-44.2402]]],[[[-73.7096,-44.2027],[-73.722,-44.1682],[-73.7021,-44.1582],[-73.6939,-44.1847],[-73.6665,-44.1473],[-73.6525,-44.1989],[-73.7096,-44.2027]]],[[[-73.8437,-44.0878],[-73.9047,-44.0815],[-73.8984,-44.0674],[-73.8948,-44.0781],[-73.8488,-44.0715],[-73.8437,-44.0878]]],[[[-73.6941,-44.0689],[-73.6756,-44.0592],[-73.667,-44.0827],[-73.6941,-44.0689]]],[[[-73.6603,-44.1262],[-73.6361,-44.0918],[-73.6464,-44.0723],[-73.664,-44.0869],[-73.6573,-44.052],[-73.6976,-44.0455],[-73.688,-44.0296],[-73.7103,-44.0357],[-73.7369,-43.9919],[-73.6921,-43.9338],[-73.5976,-44.0025],[-73.65,-44.0331],[-73.5758,-44.0668],[-73.6035,-44.0846],[-73.5837,-44.0815],[-73.5808,-44.1031],[-73.6368,-44.1378],[-73.6603,-44.1262]]],[[[-73.7943,-43.991],[-73.8522,-43.9923],[-73.9204,-43.9625],[-73.9228,-43.9452],[-73.895,-43.9315],[-73.7792,-43.9728],[-73.7943,-43.991]]],[[[-73.6562,-43.933],[-73.6412,-43.9299],[-73.6442,-43.9507],[-73.6562,-43.933]]],[[[-73.8524,-43.9229],[-73.8419,-43.9067],[-73.7659,-43.9042],[-73.754,-43.9149],[-73.786,-43.9481],[-73.8524,-43.9229]]],[[[-73.794,-43.8594],[-73.7782,-43.8552],[-73.7739,-43.8217],[-73.7317,-43.8769],[-73.7365,-43.899],[-73.8468,-43.9031],[-73.8842,-43.886],[-73.8897,-43.8595],[-73.8296,-43.8653],[-73.7965,-43.8433],[-73.794,-43.8594]]],[[[-73.5198,-48.1762],[-73.5078,-48.1571],[-73.4896,-48.1771],[-73.5198,-48.1762]]],[[[-73.6135,-48.0742],[-73.6297,-48.0596],[-73.6143,-48.0395],[-73.545,-48.0735],[-73.5248,-48.1099],[-73.6135,-48.0742]]],[[[-73.5371,-47.859],[-73.5702,-47.8308],[-73.5526,-47.8183],[-73.5091,-47.8351],[-73.4859,-47.8706],[-73.5371,-47.859]]],[[[-73.6281,-47.8412],[-73.594,-47.8335],[-73.5903,-47.8521],[-73.6281,-47.8412]]],[[[-73.5556,-46.2042],[-73.5522,-46.2178],[-73.5858,-46.2151],[-73.5556,-46.2042]]],[[[-73.6489,-45.7997],[-73.6352,-45.7698],[-73.6236,-45.7835],[-73.6489,-45.7997]]],[[[-73.6595,-45.4321],[-73.6481,-45.4238],[-73.6083,-45.4271],[-73.6595,-45.4321]]],[[[-73.5736,-45.4067],[-73.5498,-45.399],[-73.5274,-45.4136],[-73.5736,-45.4067]]],[[[-73.5844,-45.3559],[-73.5812,-45.3263],[-73.5036,-45.317],[-73.4559,-45.3365],[-73.4819,-45.3611],[-73.5844,-45.3559]]],[[[-73.3247,-45.3017],[-73.3804,-45.3354],[-73.4251,-45.3387],[-73.4047,-45.314],[-73.4256,-45.3179],[-73.4264,-45.3026],[-73.374,-45.2971],[-73.3247,-45.3017]]],[[[-73.569,-45.3053],[-73.573,-45.2726],[-73.5426,-45.2409],[-73.4849,-45.2676],[-73.4914,-45.291],[-73.5281,-45.3083],[-73.543,-45.2988],[-73.5358,-45.3161],[-73.5905,-45.3024],[-73.569,-45.3053]]],[[[-73.6487,-45.2621],[-73.606,-45.2457],[-73.63,-45.2817],[-73.6487,-45.2621]]],[[[-73.5354,-45.142],[-73.5115,-45.1388],[-73.5238,-45.1652],[-73.5354,-45.142]]],[[[-73.439,-45.1192],[-73.4206,-45.0755],[-73.3862,-45.0683],[-73.3925,-45.0897],[-73.3684,-45.0863],[-73.3691,-45.1092],[-73.3347,-45.1333],[-73.339,-45.1604],[-73.417,-45.1433],[-73.4256,-45.0948],[-73.439,-45.1192]]],[[[-73.4649,-45.0685],[-73.4408,-45.0427],[-73.4578,-45.104],[-73.4649,-45.0685]]],[[[-73.5491,-45.025],[-73.5235,-45.0135],[-73.5064,-45.0397],[-73.5491,-45.025]]],[[[-73.4676,-45.0433],[-73.4367,-44.9834],[-73.4323,-45.0161],[-73.4676,-45.0433]]],[[[-73.5179,-44.9328],[-73.4969,-44.9228],[-73.507,-44.9542],[-73.5179,-44.9328]]],[[[-72.7735,-44.4506],[-72.7296,-44.5047],[-72.6925,-44.5191],[-72.6909,-44.5424],[-72.8047,-44.6471],[-72.9018,-44.6304],[-72.8977,-44.6149],[-72.9392,-44.6134],[-72.967,-44.584],[-72.9604,-44.6289],[-72.9268,-44.6301],[-72.8765,-44.6641],[-72.7941,-44.6692],[-72.8204,-44.7343],[-72.9539,-44.7893],[-73.0571,-44.8861],[-73.2133,-44.9377],[-73.2636,-44.9304],[-73.2743,-44.9034],[-73.2901,-44.8978],[-73.2893,-44.9194],[-73.3927,-44.8175],[-73.3262,-44.8218],[-73.2767,-44.7911],[-73.2487,-44.8113],[-73.1611,-44.8074],[-73.2633,-44.7792],[-73.2587,-44.7428],[-73.283,-44.7747],[-73.3637,-44.7995],[-73.39,-44.7584],[-73.3511,-44.7364],[-73.3891,-44.7513],[-73.4282,-44.7343],[-73.4301,-44.6514],[-73.4454,-44.6589],[-73.4507,-44.6373],[-73.3879,-44.5674],[-73.3958,-44.5975],[-73.3812,-44.5822],[-73.3505,-44.586],[-73.3762,-44.598],[-73.3503,-44.6044],[-73.3548,-44.6326],[-73.3411,-44.6099],[-73.3078,-44.6021],[-73.2385,-44.6376],[-73.2102,-44.6351],[-73.2338,-44.6033],[-73.2821,-44.5867],[-73.263,-44.582],[-73.2785,-44.5421],[-73.264,-44.5585],[-73.2449,-44.5371],[-73.1819,-44.5525],[-73.1375,-44.5842],[-73.1158,-44.5691],[-73.1246,-44.5456],[-73.223,-44.5237],[-73.2468,-44.5025],[-73.2473,-44.4364],[-73.1585,-44.4005],[-73.1309,-44.4541],[-73.1207,-44.418],[-73.0983,-44.4593],[-73.1176,-44.4175],[-73.0936,-44.4302],[-73.0724,-44.4151],[-73.0351,-44.4823],[-73.0028,-44.496],[-73.0366,-44.4174],[-73.0826,-44.4144],[-73.098,-44.3921],[-73.0892,-44.3741],[-73.0352,-44.3853],[-72.9743,-44.3646],[-72.9402,-44.4247],[-72.9368,-44.3991],[-72.8991,-44.447],[-72.963,-44.5176],[-72.9837,-44.5752],[-72.8679,-44.4273],[-72.817,-44.4513],[-72.7735,-44.4506]]],[[[-73.1386,-44.5505],[-73.1289,-44.5675],[-73.1436,-44.5696],[-73.1386,-44.5505]]],[[[-73.3111,-44.5201],[-73.3349,-44.5425],[-73.3151,-44.5454],[-73.3273,-44.5824],[-73.3575,-44.5717],[-73.3673,-44.5403],[-73.3357,-44.5105],[-73.3111,-44.5201]]],[[[-73.6952,-44.4804],[-73.6748,-44.4751],[-73.6061,-44.5103],[-73.5751,-44.5085],[-73.5882,-44.5343],[-73.6847,-44.5184],[-73.6677,-44.5012],[-73.6422,-44.5097],[-73.6887,-44.4936],[-73.6952,-44.4804]]],[[[-73.5833,-44.4602],[-73.6158,-44.4381],[-73.5978,-44.4236],[-73.5635,-44.4386],[-73.5647,-44.4744],[-73.6143,-44.4942],[-73.6005,-44.482],[-73.6348,-44.4804],[-73.651,-44.4487],[-73.6281,-44.4371],[-73.5833,-44.4602]]],[[[-72.8416,-44.4111],[-72.8221,-44.3975],[-72.8002,-44.4181],[-72.8416,-44.4111]]],[[[-73.2509,-44.3994],[-73.28,-44.3887],[-73.2873,-44.34],[-73.2379,-44.3098],[-73.2193,-44.3326],[-73.2078,-44.3185],[-73.1889,-44.3242],[-73.1541,-44.3835],[-73.1918,-44.3921],[-73.1749,-44.3779],[-73.1957,-44.379],[-73.2509,-44.3994]]],[[[-73.0818,-44.322],[-73.0506,-44.3101],[-72.9941,-44.3182],[-72.98,-44.3545],[-73.0458,-44.3663],[-73.0863,-44.3474],[-73.1088,-44.3824],[-73.1305,-44.3396],[-73.0771,-44.3433],[-73.0818,-44.322]]],[[[-73.5964,-44.3242],[-73.575,-44.3413],[-73.5937,-44.3534],[-73.6109,-44.3342],[-73.5964,-44.3242]]],[[[-73.1466,-44.3199],[-73.146,-44.337],[-73.1667,-44.3047],[-73.1469,-44.3176],[-73.1445,-44.3002],[-73.0867,-44.3188],[-73.1466,-44.3199]]],[[[-73.6383,-44.2943],[-73.6246,-44.2839],[-73.6132,-44.2924],[-73.6383,-44.2943]]],[[[-73.2168,-44.2447],[-73.203,-44.2399],[-73.1962,-44.2563],[-73.2168,-44.2447]]],[[[-73.2337,-44.2347],[-73.2316,-44.2163],[-73.2118,-44.2352],[-73.2337,-44.2347]]],[[[-73.6532,-44.2108],[-73.6149,-44.18],[-73.6194,-44.201],[-73.6532,-44.2108]]],[[[-73.5507,-44.1254],[-73.5402,-44.1474],[-73.5791,-44.159],[-73.5864,-44.1422],[-73.5507,-44.1254]]],[[[-73.5409,-44.1232],[-73.5102,-44.1005],[-73.4815,-44.1145],[-73.4998,-44.1316],[-73.4605,-44.1108],[-73.4438,-44.1273],[-73.4813,-44.1378],[-73.4975,-44.1802],[-73.5174,-44.1783],[-73.5409,-44.1232]]],[[[-73.2657,-44.0844],[-73.2594,-44.0736],[-73.2381,-44.078],[-73.2657,-44.0844]]],[[[-73.5352,-44.0391],[-73.5384,-44.0837],[-73.5626,-44.082],[-73.5535,-44.0617],[-73.5788,-44.0409],[-73.6123,-44.0399],[-73.5769,-44.0183],[-73.5352,-44.0391]]],[[[-73.2326,-44.0494],[-73.2567,-44.019],[-73.2567,-44.0343],[-73.2787,-44.0244],[-73.2621,-44.0118],[-73.238,-44.0194],[-73.2326,-44.0494]]],[[[-73.2644,-43.9721],[-73.2427,-43.9125],[-73.1371,-43.8827],[-73.1153,-43.9016],[-73.1159,-43.9412],[-73.144,-44.0302],[-73.1742,-44.0178],[-73.2101,-44.0345],[-73.1865,-44.019],[-73.2169,-44.0224],[-73.2644,-43.9721]]],[[[-72.9506,-43.8136],[-72.9525,-43.8149],[-72.9499,-43.8221],[-72.9526,-43.8237],[-72.9617,-43.762],[-72.9487,-43.7967],[-72.9275,-43.8003],[-72.9396,-43.8086],[-72.923,-43.8054],[-72.929,-43.8079],[-72.9459,-43.8115],[-72.9475,-43.8132],[-72.9506,-43.8136]]]]}},{"type":"Feature","properties":{"territorio":"CIRCUNSCRIPCION SENATORIAL 15","n_comunas":10},"geometry":{"type":"MultiPolygon","coordinates":[[[[-74.9411,-52.1382],[-74.8979,-52.1187],[-74.9109,-52.1409],[-74.9411,-52.1382]]],[[[-75.058,-51.9223],[-75.0999,-51.9273],[-75.102,-51.8769],[-75.0629,-51.8559],[-75.073,-51.8374],[-75.1076,-51.8409],[-75.1267,-51.8238],[-75.0791,-51.8031],[-75.095,-51.7871],[-75.0658,-51.7479],[-75.0473,-51.7587],[-75.0537,-51.728],[-74.9818,-51.7174],[-74.9547,-51.7463],[-74.9756,-51.7659],[-74.9524,-51.7644],[-74.9491,-51.7809],[-74.9841,-51.7896],[-74.952,-51.7949],[-74.9953,-51.9],[-75.07,-51.9016],[-75.058,-51.9223]]],[[[-75.0904,-51.5005],[-75.0807,-51.5232],[-75.1067,-51.5114],[-75.0904,-51.5005]]],[[[-74.9927,-51.543],[-74.9912,-51.4975],[-74.9091,-51.4664],[-74.9154,-51.5223],[-74.8863,-51.5268],[-74.8925,-51.5492],[-74.9323,-51.5567],[-74.9102,-51.5484],[-74.9204,-51.532],[-74.94,-51.5508],[-74.9305,-51.5247],[-74.9927,-51.543]]],[[[-75.026,-51.3562],[-74.9976,-51.3809],[-75.0093,-51.4082],[-75.0367,-51.3699],[-75.0735,-51.362],[-75.0387,-51.4086],[-75.0592,-51.42],[-75.0778,-51.3954],[-75.0854,-51.4443],[-75.1102,-51.4302],[-75.0923,-51.4473],[-75.1207,-51.4525],[-75.0896,-51.4805],[-75.1184,-51.4737],[-75.1508,-51.4088],[-75.1312,-51.5145],[-75.1475,-51.5675],[-75.171,-51.5676],[-75.163,-51.5923],[-75.222,-51.557],[-75.182,-51.6092],[-75.2123,-51.6285],[-75.262,-51.6141],[-75.3119,-51.6443],[-75.3122,-51.6119],[-75.3491,-51.5877],[-75.3179,-51.5696],[-75.3351,-51.5337],[-75.1959,-51.4861],[-75.2348,-51.4435],[-75.2074,-51.4231],[-75.2208,-51.4014],[-75.1917,-51.3785],[-75.1486,-51.39],[-75.222,-51.3338],[-75.1825,-51.2931],[-75.1571,-51.304],[-75.1586,-51.2762],[-75.1157,-51.25],[-75.0998,-51.2923],[-75.1403,-51.3852],[-75.0811,-51.2949],[-75.0606,-51.3207],[-74.979,-51.3221],[-74.9921,-51.3423],[-74.9765,-51.3625],[-74.9925,-51.3782],[-75.026,-51.3562]]],[[[-74.9537,-51.2642],[-74.9982,-51.2551],[-74.9242,-51.2543],[-74.9684,-51.2348],[-74.9351,-51.2263],[-74.8689,-51.2508],[-74.989,-51.3194],[-74.9987,-51.3049],[-75.0469,-51.3029],[-75.0652,-51.284],[-75.0479,-51.2848],[-75.0507,-51.2618],[-74.9651,-51.2755],[-74.9537,-51.2642]]],[[[-75.0763,-51.1409],[-75.0998,-51.1621],[-75.1199,-51.1417],[-75.104,-51.1353],[-75.0763,-51.1409]]],[[[-74.9887,-50.9746],[-74.9665,-50.9948],[-75.0026,-51.0138],[-75.002,-50.9989],[-75.046,-51.0065],[-75.0631,-50.9946],[-75.0439,-50.9714],[-74.9887,-50.9746]]],[[[-75.0042,-50.942],[-74.962,-50.9634],[-74.9695,-50.9883],[-75.0042,-50.942]]],[[[-74.9442,-50.8051],[-74.9269,-50.8187],[-74.9463,-50.8293],[-74.9442,-50.8051]]],[[[-75.2355,-50.7292],[-75.2354,-50.7409],[-75.2519,-50.7338],[-75.2355,-50.7292]]],[[[-75.0679,-50.7577],[-75.1029,-50.7108],[-75.0644,-50.7064],[-75.0379,-50.729],[-75.0255,-50.6948],[-75.0683,-50.6875],[-75.0481,-50.6553],[-75.0178,-50.667],[-74.997,-50.6499],[-75.0006,-50.6821],[-74.9711,-50.6426],[-74.9675,-50.7119],[-75.0122,-50.7433],[-74.9703,-50.7328],[-74.9869,-50.827],[-75.0162,-50.8095],[-75.0054,-50.7989],[-75.0501,-50.7833],[-75.0347,-50.7558],[-75.0679,-50.7577]]],[[[-75.0608,-50.5061],[-75.1314,-50.5554],[-75.1544,-50.5577],[-75.1718,-50.5375],[-75.152,-50.5687],[-75.2176,-50.5531],[-75.1669,-50.5903],[-75.1983,-50.6117],[-75.2122,-50.5913],[-75.2102,-50.6177],[-75.2793,-50.578],[-75.2615,-50.5439],[-75.2846,-50.5595],[-75.3191,-50.5506],[-75.3232,-50.5733],[-75.2259,-50.636],[-75.2452,-50.6472],[-75.3074,-50.6388],[-75.2997,-50.6546],[-75.2297,-50.6548],[-75.2157,-50.6688],[-75.2798,-50.6927],[-75.2317,-50.7093],[-75.3154,-50.7081],[-75.2454,-50.7265],[-75.2681,-50.7302],[-75.2624,-50.7474],[-75.2354,-50.7449],[-75.2634,-50.7571],[-75.2419,-50.7643],[-75.2672,-50.7957],[-75.3268,-50.8113],[-75.3129,-50.7501],[-75.3207,-50.7838],[-75.3777,-50.7914],[-75.4273,-50.7632],[-75.4273,-50.7387],[-75.3934,-50.737],[-75.4522,-50.7384],[-75.4602,-50.7091],[-75.4008,-50.6885],[-75.3583,-50.7009],[-75.3407,-50.6873],[-75.3639,-50.6982],[-75.3875,-50.6729],[-75.5082,-50.6651],[-75.4852,-50.6437],[-75.398,-50.6434],[-75.4454,-50.6421],[-75.4627,-50.6141],[-75.4244,-50.5925],[-75.3423,-50.63],[-75.396,-50.5971],[-75.3205,-50.5995],[-75.4143,-50.5627],[-75.4337,-50.5236],[-75.4732,-50.5065],[-75.4377,-50.4839],[-75.3993,-50.4944],[-75.4316,-50.4771],[-75.4017,-50.4627],[-75.3409,-50.4722],[-75.3355,-50.513],[-75.3323,-50.4746],[-75.27,-50.4846],[-75.2992,-50.5298],[-75.2508,-50.4872],[-75.2069,-50.5059],[-75.1486,-50.4939],[-75.0608,-50.5061]]],[[[-75.102,-50.4601],[-75.0881,-50.4729],[-75.1253,-50.469],[-75.102,-50.4601]]],[[[-75.0545,-50.4139],[-75.0372,-50.4083],[-75.0491,-50.4217],[-75.0103,-50.4207],[-75.0167,-50.4632],[-75.0787,-50.4785],[-75.0778,-50.458],[-75.1056,-50.4536],[-75.0693,-50.4094],[-75.0545,-50.4139]]],[[[-75.0817,-50.3974],[-75.1135,-50.4085],[-75.0923,-50.4138],[-75.0993,-50.4351],[-75.1559,-50.4763],[-75.2071,-50.4492],[-75.1757,-50.4375],[-75.1517,-50.3926],[-75.0817,-50.3974]]],[[[-74.9614,-50.4257],[-74.9987,-50.4484],[-74.9941,-50.4124],[-74.9735,-50.4104],[-74.9614,-50.4257]]],[[[-75.394,-50.4106],[-75.3676,-50.4279],[-75.396,-50.4317],[-75.394,-50.4106]]],[[[-75.0054,-50.405],[-75.0081,-50.418],[-75.0382,-50.4167],[-75.0054,-50.405]]],[[[-75.3131,-50.3738],[-75.3422,-50.4049],[-75.3845,-50.4141],[-75.3445,-50.3575],[-75.3131,-50.3738]]],[[[-75.4707,-50.4288],[-75.4842,-50.41],[-75.4084,-50.3812],[-75.3783,-50.3401],[-75.3606,-50.3577],[-75.408,-50.4103],[-75.4707,-50.4288]]],[[[-75.0214,-50.3312],[-75.0031,-50.3454],[-75.0402,-50.3512],[-75.0097,-50.3603],[-75.0753,-50.3573],[-75.0373,-50.378],[-74.9692,-50.3655],[-74.9447,-50.3828],[-74.9904,-50.3889],[-74.9649,-50.3969],[-74.9747,-50.4069],[-75.0262,-50.3996],[-75.0584,-50.4101],[-75.0703,-50.3983],[-75.0533,-50.4],[-75.1049,-50.3779],[-75.1304,-50.3885],[-74.9451,-50.2679],[-74.9539,-50.2812],[-74.9175,-50.2711],[-74.8835,-50.3081],[-74.9133,-50.3556],[-74.9774,-50.3559],[-74.9738,-50.3376],[-74.9969,-50.3471],[-75.0214,-50.3312]]],[[[-75.2211,-50.0133],[-75.1427,-50.0145],[-75.0896,-50.0595],[-75.0978,-50.0766],[-75.1316,-50.0761],[-75.1328,-50.1021],[-75.0728,-50.0712],[-75.0886,-50.109],[-75.072,-50.0763],[-75.05,-50.0988],[-75.0637,-50.1288],[-75.0471,-50.1101],[-75.0249,-50.1401],[-75.022,-50.0939],[-74.9955,-50.0961],[-74.9781,-50.0668],[-74.955,-50.0674],[-74.9324,-50.0979],[-74.9906,-50.1563],[-75.0153,-50.1374],[-75.0073,-50.1539],[-75.055,-50.1799],[-75.0232,-50.1767],[-75.0235,-50.1974],[-75.0076,-50.1551],[-74.9876,-50.1613],[-74.9543,-50.1297],[-74.971,-50.1654],[-74.9504,-50.1516],[-74.9336,-50.1053],[-74.911,-50.1322],[-74.9564,-50.1634],[-74.9444,-50.177],[-74.8963,-50.1291],[-74.8936,-50.1901],[-74.8822,-50.147],[-74.8494,-50.1766],[-74.8751,-50.1305],[-74.8056,-50.1552],[-74.8179,-50.1345],[-74.8838,-50.1195],[-74.8331,-50.1207],[-74.8661,-50.1145],[-74.8542,-50.1087],[-74.8273,-50.116],[-74.8498,-50.1036],[-74.8151,-50.1149],[-74.77,-50.148],[-74.796,-50.1457],[-74.7715,-50.1693],[-74.7838,-50.1872],[-74.832,-50.1661],[-74.8124,-50.1818],[-74.8464,-50.1774],[-74.8174,-50.1983],[-74.8804,-50.1899],[-74.8151,-50.2029],[-74.8226,-50.2279],[-74.918,-50.2232],[-74.8974,-50.2017],[-74.9307,-50.2222],[-74.9568,-50.2048],[-74.9727,-50.2108],[-74.9544,-50.2077],[-74.9769,-50.2318],[-74.935,-50.2321],[-74.936,-50.2559],[-75.0018,-50.2751],[-74.9846,-50.2838],[-75.0391,-50.3169],[-75.0641,-50.3097],[-75.0536,-50.3255],[-75.1033,-50.3122],[-75.0734,-50.3409],[-75.1116,-50.34],[-75.1278,-50.3569],[-75.1561,-50.3411],[-75.1341,-50.3737],[-75.1711,-50.3871],[-75.1691,-50.4142],[-75.2253,-50.4571],[-75.2636,-50.432],[-75.2839,-50.4514],[-75.2851,-50.4402],[-75.3402,-50.4393],[-75.2904,-50.3828],[-75.2465,-50.3827],[-75.2788,-50.3757],[-75.2669,-50.3608],[-75.1904,-50.3381],[-75.2126,-50.3279],[-75.1915,-50.293],[-75.2195,-50.33],[-75.2733,-50.3352],[-75.2755,-50.352],[-75.3213,-50.354],[-75.247,-50.3152],[-75.2773,-50.3203],[-75.2844,-50.303],[-75.3019,-50.3201],[-75.3269,-50.3097],[-75.3077,-50.3242],[-75.3444,-50.3505],[-75.375,-50.3412],[-75.3661,-50.32],[-75.3754,-50.3394],[-75.4134,-50.3476],[-75.4183,-50.3736],[-75.455,-50.3793],[-75.4717,-50.3654],[-75.4792,-50.3138],[-75.4418,-50.2954],[-75.4629,-50.2718],[-75.3982,-50.2599],[-75.4422,-50.2395],[-75.4074,-50.2009],[-75.4056,-50.1548],[-75.3684,-50.1434],[-75.2538,-50.1744],[-75.2732,-50.2004],[-75.3207,-50.2071],[-75.3483,-50.1901],[-75.3617,-50.2089],[-75.3283,-50.2287],[-75.2741,-50.2206],[-75.2718,-50.253],[-75.2273,-50.2431],[-75.2056,-50.2696],[-75.175,-50.2517],[-75.1354,-50.2566],[-75.1681,-50.241],[-75.1626,-50.2143],[-75.1478,-50.1844],[-75.0969,-50.1586],[-75.0946,-50.1308],[-75.1129,-50.154],[-75.1422,-50.1222],[-75.1556,-50.1473],[-75.1402,-50.1615],[-75.1322,-50.1381],[-75.1212,-50.1625],[-75.1752,-50.1789],[-75.1912,-50.1459],[-75.2284,-50.1611],[-75.2564,-50.125],[-75.2828,-50.1456],[-75.2969,-50.1262],[-75.3381,-50.1254],[-75.3563,-50.0794],[-75.4034,-50.0747],[-75.3907,-50.0613],[-75.4173,-50.0259],[-75.3671,-50.0001],[-75.377,-50.036],[-75.3472,-50.038],[-75.3635,-50.0239],[-75.3304,-49.9907],[-75.2731,-49.9959],[-75.3118,-50.0369],[-75.2969,-50.0586],[-75.2925,-50.0222],[-75.2687,-50.0262],[-75.2825,-50.054],[-75.2677,-50.0694],[-75.2418,-50.0601],[-75.2211,-50.0133]]],[[[-75.2556,-50.2196],[-75.2249,-50.1952],[-75.1901,-50.205],[-75.198,-50.2345],[-75.1725,-50.2435],[-75.2556,-50.2196]]],[[[-75.1947,-50.1624],[-75.1958,-50.1749],[-75.2252,-50.1685],[-75.1947,-50.1624]]],[[[-75.0672,-50.0297],[-75.0382,-50.0222],[-75.0097,-50.042],[-75.0413,-50.0556],[-75.0484,-50.0915],[-75.0672,-50.0297]]],[[[-75.2758,-50.0168],[-75.2544,-49.9997],[-75.2364,-50.0107],[-75.2615,-50.0491],[-75.2597,-50.0275],[-75.2758,-50.0168]]],[[[-75.078,-50.0054],[-75.0796,-50.0289],[-75.0981,-50.0115],[-75.078,-50.0054]]],[[[-75.0128,-49.9065],[-75.0515,-49.9055],[-75.0051,-49.9022],[-75.0075,-49.927],[-75.0413,-49.9228],[-75.0128,-49.9065]]],[[[-75.0643,-49.8887],[-75.072,-49.9032],[-75.0909,-49.8981],[-75.0643,-49.8887]]],[[[-75.0585,-49.8741],[-75.0697,-49.8886],[-75.1059,-49.879],[-75.0585,-49.8741]]],[[[-75.3854,-49.7622],[-75.3923,-49.8069],[-75.4149,-49.7921],[-75.3854,-49.7622]]],[[[-75.1563,-49.8387],[-75.156,-49.8964],[-75.1698,-49.8743],[-75.2168,-49.873],[-75.2293,-49.8394],[-75.2784,-49.8101],[-75.2422,-49.8818],[-75.2906,-49.8831],[-75.3506,-49.8538],[-75.3799,-49.798],[-75.3514,-49.7574],[-75.3202,-49.7612],[-75.3548,-49.7528],[-75.3557,-49.6875],[-75.3794,-49.7476],[-75.5047,-49.785],[-75.5473,-49.81],[-75.5479,-49.8306],[-75.616,-49.8537],[-75.6021,-49.8197],[-75.6338,-49.7622],[-75.5995,-49.7389],[-75.527,-49.7384],[-75.5124,-49.713],[-75.5282,-49.6973],[-75.5794,-49.6976],[-75.5784,-49.6461],[-75.6093,-49.6387],[-75.5446,-49.5981],[-75.56,-49.5947],[-75.5218,-49.5811],[-75.5067,-49.597],[-75.4992,-49.5574],[-75.4543,-49.6102],[-75.4374,-49.5957],[-75.466,-49.5906],[-75.4446,-49.5686],[-75.3567,-49.619],[-75.3642,-49.5788],[-75.3529,-49.571],[-75.3258,-49.5916],[-75.1563,-49.8387]]],[[[-74.9469,-49.5815],[-74.929,-49.614],[-74.9648,-49.5997],[-74.9454,-49.5735],[-74.9111,-49.591],[-74.9188,-49.611],[-74.9469,-49.5815]]],[[[-75.3782,-49.5804],[-75.3747,-49.5909],[-75.3993,-49.5819],[-75.3782,-49.5804]]],[[[-75.4023,-49.5769],[-75.384,-49.5657],[-75.3751,-49.579],[-75.4023,-49.5769]]],[[[-75.3322,-49.5642],[-75.3115,-49.5359],[-75.3003,-49.5521],[-75.2577,-49.5555],[-75.3109,-49.5893],[-75.3322,-49.5642]]],[[[-75.3895,-49.5448],[-75.397,-49.5248],[-75.3814,-49.5568],[-75.4342,-49.5589],[-75.4276,-49.5298],[-75.3895,-49.5448]]],[[[-75.2828,-49.5344],[-75.273,-49.5441],[-75.3005,-49.5426],[-75.2828,-49.5344]]],[[[-75.3516,-49.5067],[-75.3412,-49.4708],[-75.3197,-49.5168],[-75.3595,-49.5235],[-75.3753,-49.5005],[-75.3516,-49.5067]]],[[[-75.4613,-49.4637],[-75.4443,-49.4477],[-75.428,-49.4595],[-75.4404,-49.5259],[-75.5425,-49.4517],[-75.5223,-49.4296],[-75.487,-49.4503],[-75.4955,-49.4301],[-75.4613,-49.4637]]],[[[-75.4939,-49.4042],[-75.4656,-49.399],[-75.4651,-49.4292],[-75.5016,-49.4263],[-75.5048,-49.409],[-75.5431,-49.4179],[-75.5479,-49.3928],[-75.5135,-49.372],[-75.4939,-49.4042]]],[[[-74.6381,-48.8645],[-74.5676,-48.8381],[-74.5419,-48.7236],[-74.4825,-48.6931],[-74.4613,-48.7051],[-74.4558,-48.7553],[-74.4781,-48.7616],[-74.4594,-48.763],[-74.4647,-48.8729],[-74.5752,-48.9533],[-74.4629,-48.8837],[-74.4502,-48.9118],[-74.4072,-48.9479],[-74.4455,-49.0034],[-74.5159,-49.014],[-74.4505,-49.0176],[-74.4497,-49.0513],[-74.4048,-49.0945],[-74.3993,-49.1213],[-74.415,-49.1291],[-74.4112,-49.1126],[-74.4306,-49.1269],[-74.4008,-49.1678],[-74.3926,-49.248],[-74.4132,-49.2666],[-74.3876,-49.296],[-74.403,-49.3425],[-74.4261,-49.3414],[-74.4124,-49.3745],[-74.4462,-49.4799],[-74.4707,-49.5073],[-74.5299,-49.4897],[-74.5499,-49.5101],[-74.5162,-49.5047],[-74.5172,-49.5313],[-74.4787,-49.5161],[-74.4443,-49.6081],[-74.4988,-49.619],[-74.5048,-49.6025],[-74.5265,-49.6432],[-74.5566,-49.6359],[-74.5126,-49.6745],[-74.5353,-49.6854],[-74.5775,-49.6751],[-74.5343,-49.6898],[-74.5086,-49.6798],[-74.5173,-49.6319],[-74.5069,-49.6219],[-74.4691,-49.6346],[-74.4667,-49.6198],[-74.4278,-49.6311],[-74.3938,-49.672],[-74.3941,-49.7704],[-74.4661,-49.7381],[-74.5442,-49.7363],[-74.4768,-49.7434],[-74.4038,-49.7823],[-74.406,-49.9017],[-74.4274,-49.9066],[-74.4365,-49.8683],[-74.4738,-49.8438],[-74.4337,-49.9178],[-74.4978,-49.9794],[-74.6158,-49.8986],[-74.6105,-49.8716],[-74.6314,-49.8764],[-74.6184,-49.9036],[-74.5119,-49.9867],[-74.6392,-50.059],[-74.6613,-50.0525],[-74.6373,-50.0315],[-74.6548,-50.0358],[-74.6554,-50.0169],[-74.6587,-50.0403],[-74.6882,-50.04],[-74.6385,-49.9881],[-74.7,-50.0358],[-74.7028,-50.015],[-74.7073,-50.0428],[-74.7531,-50.0469],[-74.8073,-50.0247],[-74.7875,-49.9937],[-74.7491,-49.9841],[-74.7904,-49.9895],[-74.8147,-50.0212],[-74.7948,-50.0549],[-74.8269,-50.0426],[-74.8184,-50.0227],[-74.8351,-50.0415],[-74.8677,-50.028],[-74.8585,-50.0059],[-74.8804,-49.9914],[-74.8289,-49.9507],[-74.7147,-49.9088],[-74.6168,-49.9517],[-74.6509,-49.9066],[-74.6627,-49.9248],[-74.7138,-49.8986],[-74.8361,-49.9424],[-74.871,-49.9733],[-74.9131,-49.9354],[-74.8991,-49.88],[-74.8627,-49.8746],[-74.8888,-49.8689],[-74.8654,-49.8472],[-74.7688,-49.8791],[-74.7573,-49.8566],[-74.6112,-49.7938],[-74.778,-49.8588],[-74.8155,-49.8487],[-74.8293,-49.832],[-74.7885,-49.7903],[-74.7998,-49.7769],[-74.7223,-49.7633],[-74.7573,-49.7661],[-74.7103,-49.7189],[-74.7355,-49.7196],[-74.7564,-49.7531],[-74.803,-49.7196],[-74.7715,-49.6935],[-74.7976,-49.6815],[-74.777,-49.6918],[-74.8229,-49.726],[-74.7628,-49.7493],[-74.8117,-49.7751],[-74.8328,-49.815],[-74.8409,-49.7945],[-74.8854,-49.7831],[-74.8862,-49.7425],[-74.8245,-49.7172],[-74.8754,-49.7136],[-74.8867,-49.6626],[-74.901,-49.6919],[-74.9116,-49.6733],[-74.8815,-49.6451],[-74.8066,-49.6776],[-74.8837,-49.6405],[-74.8712,-49.5959],[-74.7593,-49.6335],[-74.7327,-49.6329],[-74.7063,-49.6204],[-74.6754,-49.6329],[-74.7019,-49.6134],[-74.7381,-49.6285],[-74.7705,-49.6162],[-74.7233,-49.5785],[-74.7264,-49.5494],[-74.7286,-49.5781],[-74.7934,-49.6118],[-74.8227,-49.5865],[-74.8696,-49.5849],[-74.8734,-49.5309],[-74.7491,-49.4606],[-74.7234,-49.5155],[-74.699,-49.5158],[-74.7463,-49.4586],[-74.6825,-49.4234],[-74.6043,-49.4293],[-74.6283,-49.4143],[-74.7061,-49.4148],[-74.5824,-49.3072],[-74.7108,-49.4033],[-74.7202,-49.3801],[-74.7481,-49.3824],[-74.7894,-49.3464],[-74.7676,-49.3841],[-74.7348,-49.3876],[-74.7169,-49.4117],[-74.7817,-49.4691],[-74.8035,-49.4701],[-74.7932,-49.4522],[-74.8596,-49.5037],[-74.8568,-49.3885],[-74.8681,-49.5065],[-74.9375,-49.5399],[-74.9159,-49.4696],[-74.9364,-49.4812],[-74.934,-49.4385],[-74.8875,-49.4087],[-74.9416,-49.4172],[-74.951,-49.4927],[-74.9977,-49.4776],[-74.9524,-49.495],[-74.961,-49.5406],[-75.0215,-49.5084],[-74.9622,-49.5488],[-74.9689,-49.5732],[-75.007,-49.5537],[-74.9702,-49.5756],[-74.9774,-49.5932],[-75.0873,-49.5332],[-74.9724,-49.607],[-75.0107,-49.6312],[-74.9793,-49.6305],[-75.0112,-49.6985],[-74.9649,-49.6125],[-74.9241,-49.6239],[-74.973,-49.7065],[-74.9923,-49.7142],[-74.9925,-49.6857],[-75.0147,-49.719],[-74.9944,-49.7341],[-75.0033,-49.7909],[-74.9717,-49.7144],[-74.9524,-49.7131],[-74.9495,-49.7487],[-74.9208,-49.739],[-74.9242,-49.7984],[-74.9562,-49.8018],[-74.9639,-49.8401],[-75.0075,-49.8551],[-74.9731,-49.8658],[-75.029,-49.8888],[-74.9795,-49.8745],[-74.9977,-49.8988],[-75.0582,-49.905],[-75.0189,-49.8155],[-75.0527,-49.8649],[-75.1254,-49.8551],[-75.176,-49.7676],[-75.1222,-49.7484],[-75.187,-49.7567],[-75.2072,-49.7168],[-75.1741,-49.7079],[-75.2106,-49.7144],[-75.2275,-49.6854],[-75.1544,-49.6731],[-75.2335,-49.677],[-75.2082,-49.6575],[-75.2366,-49.6713],[-75.2524,-49.6557],[-75.2358,-49.6449],[-75.1433,-49.6543],[-75.1295,-49.6363],[-75.1635,-49.6488],[-75.233,-49.6397],[-75.1394,-49.5735],[-75.2433,-49.6352],[-75.2422,-49.6097],[-75.2761,-49.6306],[-75.2978,-49.6046],[-75.2538,-49.5671],[-75.1702,-49.5504],[-75.2263,-49.5519],[-75.1426,-49.5036],[-75.2519,-49.5564],[-75.2593,-49.5388],[-75.2363,-49.5341],[-75.3005,-49.5336],[-75.309,-49.5222],[-75.2602,-49.4922],[-75.1857,-49.4757],[-75.2346,-49.4792],[-75.1972,-49.4376],[-75.3131,-49.5153],[-75.326,-49.4926],[-75.3035,-49.4868],[-75.3247,-49.4878],[-75.3385,-49.4638],[-75.2956,-49.4388],[-75.2913,-49.4223],[-75.3714,-49.4531],[-75.31,-49.4388],[-75.3747,-49.4848],[-75.3921,-49.4808],[-75.4003,-49.4533],[-75.3231,-49.4113],[-75.3068,-49.3787],[-75.4012,-49.4425],[-75.435,-49.3844],[-75.423,-49.336],[-75.4509,-49.3469],[-75.4337,-49.3149],[-75.46,-49.2864],[-75.4044,-49.2562],[-75.3466,-49.2447],[-75.3397,-49.2646],[-75.3237,-49.2525],[-75.3334,-49.2799],[-75.4021,-49.3041],[-75.4154,-49.3258],[-75.3449,-49.2903],[-75.3449,-49.3049],[-75.3206,-49.2763],[-75.3034,-49.3023],[-75.3326,-49.3138],[-75.2964,-49.3107],[-75.3083,-49.3395],[-75.2835,-49.3316],[-75.2905,-49.3525],[-75.235,-49.3949],[-75.2505,-49.4052],[-75.2073,-49.4237],[-75.2237,-49.4329],[-75.2013,-49.4206],[-75.1475,-49.4661],[-75.1017,-49.4781],[-75.1961,-49.414],[-75.0802,-49.418],[-74.9522,-49.3942],[-75.069,-49.4126],[-75.2064,-49.4085],[-75.2076,-49.3915],[-75.1419,-49.3899],[-75.2355,-49.3769],[-75.2179,-49.3566],[-75.2418,-49.3662],[-75.2733,-49.3144],[-75.207,-49.3252],[-75.2753,-49.31],[-75.3063,-49.2612],[-75.2402,-49.2642],[-75.3056,-49.2481],[-75.2725,-49.2258],[-75.2121,-49.231],[-75.2165,-49.2779],[-75.1866,-49.2835],[-75.2106,-49.2453],[-75.1092,-49.3623],[-75.0861,-49.3451],[-75.0225,-49.3469],[-75.1065,-49.3428],[-75.1381,-49.2977],[-75.0839,-49.2877],[-75.1098,-49.2761],[-75.1381,-49.2921],[-75.1695,-49.2631],[-75.1707,-49.2514],[-75.0999,-49.2616],[-75.012,-49.3315],[-75.0842,-49.2724],[-75.0844,-49.2482],[-75.0486,-49.2703],[-75.0547,-49.2499],[-75.0326,-49.2391],[-74.9657,-49.2926],[-75.0246,-49.2372],[-74.9729,-49.244],[-75.0384,-49.2209],[-75.0411,-49.208],[-74.9982,-49.2205],[-75.0504,-49.1962],[-75.0633,-49.1696],[-75.0149,-49.1925],[-74.9344,-49.2715],[-74.8662,-49.3027],[-74.8763,-49.352],[-74.8559,-49.3715],[-74.8554,-49.3136],[-74.8314,-49.3203],[-74.859,-49.2865],[-74.8468,-49.2131],[-74.7796,-49.2291],[-74.8458,-49.2056],[-74.8391,-49.175],[-74.8104,-49.1561],[-74.7442,-49.1918],[-74.8142,-49.1437],[-74.7773,-49.1116],[-74.7986,-49.121],[-74.8117,-49.1102],[-74.789,-49.0836],[-74.7223,-49.0896],[-74.7675,-49.0836],[-74.904,-48.9876],[-74.8306,-48.9615],[-74.8142,-48.9822],[-74.8005,-48.9682],[-74.8203,-48.9555],[-74.7912,-48.9428],[-74.7757,-48.9703],[-74.7974,-48.9666],[-74.7465,-49.0129],[-74.7027,-49.0227],[-74.7709,-48.9701],[-74.7645,-48.916],[-74.7716,-48.9315],[-74.9378,-48.9746],[-74.9316,-48.9551],[-74.8741,-48.9342],[-74.9403,-48.949],[-74.9519,-48.9258],[-74.8226,-48.8765],[-74.9574,-48.912],[-74.9804,-48.8862],[-74.8415,-48.8286],[-74.7962,-48.8312],[-74.8307,-48.824],[-74.7941,-48.7987],[-74.8511,-48.8301],[-74.9762,-48.8679],[-75.0147,-48.8195],[-74.9908,-48.7636],[-74.8501,-48.8234],[-74.8689,-48.7879],[-74.8643,-48.8069],[-74.9326,-48.7795],[-74.9074,-48.781],[-74.9253,-48.7639],[-74.8914,-48.7468],[-74.9489,-48.7593],[-74.9367,-48.7748],[-74.9702,-48.7549],[-74.8623,-48.7252],[-74.8062,-48.6966],[-74.8263,-48.6944],[-74.8214,-48.6868],[-74.7794,-48.7038],[-74.7983,-48.6843],[-74.7677,-48.6689],[-74.7386,-48.7027],[-74.7655,-48.737],[-74.8038,-48.7112],[-74.7998,-48.755],[-74.7877,-48.7494],[-74.7515,-48.7752],[-74.7617,-48.7954],[-74.7349,-48.8194],[-74.742,-48.7788],[-74.7726,-48.7411],[-74.7251,-48.7389],[-74.7396,-48.7215],[-74.7327,-48.6959],[-74.752,-48.6766],[-74.6831,-48.6526],[-74.6444,-48.6872],[-74.6175,-48.6835],[-74.5849,-48.7047],[-74.6284,-48.7305],[-74.5802,-48.7095],[-74.5648,-48.7349],[-74.5791,-48.8357],[-74.6381,-48.8645]]],[[[-75.2265,-49.1958],[-75.2151,-49.2099],[-75.2482,-49.1997],[-75.2265,-49.1958]]],[[[-75.0391,-49.2332],[-75.1615,-49.2387],[-75.2125,-49.1992],[-75.1996,-49.1589],[-75.1338,-49.1725],[-75.1313,-49.1982],[-75.0391,-49.2332]]],[[[-75.4037,-49.1755],[-75.3932,-49.1936],[-75.4201,-49.2183],[-75.4037,-49.1755]]],[[[-75.0855,-49.1725],[-75.0463,-49.2182],[-75.1191,-49.1959],[-75.1216,-49.1705],[-75.0855,-49.1725]]],[[[-75.6713,-49.1848],[-75.6708,-49.2009],[-75.6906,-49.1931],[-75.6713,-49.1848]]],[[[-75.3997,-49.1619],[-75.3765,-49.1801],[-75.3962,-49.182],[-75.3997,-49.1619]]],[[[-75.251,-49.1614],[-75.2991,-49.1781],[-75.2909,-49.1552],[-75.2474,-49.1413],[-75.251,-49.1614]]],[[[-75.6458,-49.1608],[-75.634,-49.143],[-75.6194,-49.1592],[-75.6805,-49.1645],[-75.6766,-49.1476],[-75.6458,-49.1608]]],[[[-74.831,-49.1153],[-74.8886,-49.1476],[-74.8293,-49.1211],[-74.8682,-49.2858],[-74.9202,-49.2627],[-74.9094,-49.2398],[-74.9581,-49.2382],[-75.006,-49.1729],[-75.0492,-49.1552],[-75.0401,-49.1392],[-75.0634,-49.1525],[-75.1784,-49.1414],[-75.1401,-49.1123],[-75.0688,-49.1078],[-75.1244,-49.1017],[-75.0942,-49.0848],[-75.2025,-49.1336],[-75.1106,-49.0123],[-75.0966,-49.0293],[-75.1012,-49.0025],[-75.0248,-49.0426],[-75.0941,-48.9974],[-75.0754,-48.9809],[-75.0187,-49.013],[-75.0251,-49.0265],[-74.9523,-49.0367],[-74.9517,-49.0908],[-74.9279,-49.0497],[-74.9438,-48.9994],[-74.8863,-49.0202],[-74.827,-49.0719],[-74.831,-49.1153]]],[[[-75.6185,-49.0868],[-75.6272,-49.1294],[-75.6489,-49.0934],[-75.6185,-49.0868]]],[[[-75.5524,-49.0856],[-75.5447,-49.0733],[-75.5388,-49.0837],[-75.567,-49.1054],[-75.5723,-49.0788],[-75.5524,-49.0856]]],[[[-75.3899,-49.1611],[-75.365,-49.1026],[-75.3275,-49.093],[-75.3487,-49.0942],[-75.3451,-49.0715],[-75.3867,-49.1255],[-75.3936,-49.1569],[-75.3928,-49.1426],[-75.4146,-49.1636],[-75.4534,-49.1411],[-75.4174,-49.1688],[-75.4443,-49.203],[-75.4254,-49.2177],[-75.4531,-49.2391],[-75.568,-49.2129],[-75.5927,-49.2242],[-75.6301,-49.1906],[-75.6042,-49.1611],[-75.5671,-49.1967],[-75.5972,-49.1596],[-75.5749,-49.1159],[-75.4912,-49.0723],[-75.5471,-49.1544],[-75.4971,-49.1006],[-75.4364,-49.1087],[-75.4947,-49.0965],[-75.4857,-49.0813],[-75.4272,-49.0527],[-75.4134,-49.0715],[-75.422,-49.0488],[-75.3532,-49.0264],[-75.4165,-49.0388],[-75.409,-49.0189],[-75.3403,-48.9544],[-75.2816,-48.9333],[-75.2694,-48.9969],[-75.3387,-49.0192],[-75.2727,-49.0086],[-75.2374,-49.0731],[-75.279,-49.1161],[-75.3208,-49.1273],[-75.3052,-49.0887],[-75.3742,-49.1761],[-75.3899,-49.1611]]],[[[-75.606,-49.0541],[-75.6217,-49.0598],[-75.6465,-49.0506],[-75.626,-49.0239],[-75.606,-49.0541]]],[[[-75.6686,-48.9813],[-75.6209,-48.9727],[-75.5051,-49.0031],[-75.4568,-49.0376],[-75.4705,-49.0612],[-75.5209,-49.0723],[-75.5414,-49.0517],[-75.6051,-49.0495],[-75.621,-49.0132],[-75.6813,-49.0204],[-75.6686,-48.9813]]],[[[-74.9791,-49.0119],[-74.9544,-49.0119],[-74.9508,-49.0355],[-75.0702,-48.9758],[-74.9975,-48.9631],[-74.9588,-48.9865],[-74.9791,-49.0119]]],[[[-75.3376,-48.8107],[-75.3972,-48.8753],[-75.3443,-48.8261],[-75.3279,-48.8525],[-75.3599,-48.8847],[-75.3213,-48.8659],[-75.284,-48.9078],[-75.3376,-48.8251],[-75.325,-48.8041],[-75.2229,-48.8439],[-75.1769,-48.9551],[-75.1839,-48.9809],[-75.2029,-48.9852],[-75.1562,-48.9815],[-75.1437,-49.0008],[-75.2109,-49.0587],[-75.2158,-49.0415],[-75.2344,-49.0635],[-75.2583,-49.0186],[-75.2743,-48.9391],[-75.2548,-48.9032],[-75.3261,-48.9423],[-75.3204,-48.9104],[-75.4491,-49.0371],[-75.4904,-48.9966],[-75.5331,-48.986],[-75.5149,-48.9771],[-75.5446,-48.9719],[-75.4858,-48.9668],[-75.446,-48.9384],[-75.4539,-48.959],[-75.4218,-48.9279],[-75.4509,-48.9341],[-75.4353,-48.9079],[-75.46,-48.9071],[-75.4547,-48.9283],[-75.5059,-48.9595],[-75.6129,-48.9221],[-75.6304,-48.934],[-75.6129,-48.9112],[-75.6319,-48.8486],[-75.5998,-48.8516],[-75.5468,-48.8006],[-75.5221,-48.8469],[-75.5378,-48.8041],[-75.4983,-48.8186],[-75.5178,-48.7897],[-75.4946,-48.7814],[-75.4677,-48.8059],[-75.3906,-48.8023],[-75.507,-48.8828],[-75.4527,-48.8708],[-75.4145,-48.8306],[-75.4012,-48.842],[-75.3984,-48.8207],[-75.3499,-48.7947],[-75.3376,-48.8107]]],[[[-75.6524,-48.9113],[-75.635,-48.9219],[-75.6552,-48.9244],[-75.6524,-48.9113]]],[[[-75.0168,-48.9033],[-74.9811,-48.9251],[-75.0404,-48.9097],[-75.0168,-48.9033]]],[[[-75.1144,-48.9091],[-74.9939,-48.9307],[-75.0792,-48.9372],[-75.1213,-48.9568],[-75.106,-48.9661],[-75.1375,-48.995],[-75.1496,-48.9721],[-75.1753,-48.9754],[-75.1731,-48.94],[-75.212,-48.8503],[-75.172,-48.862],[-75.2534,-48.7957],[-75.259,-48.7715],[-75.2291,-48.7671],[-75.0643,-48.8261],[-75.0143,-48.8728],[-75.018,-48.8947],[-75.0583,-48.883],[-75.0387,-48.8978],[-75.0554,-48.904],[-75.1251,-48.8806],[-75.087,-48.8995],[-75.1144,-48.9091]]],[[[-75.5246,-48.7888],[-75.5148,-48.8055],[-75.5393,-48.795],[-75.5246,-48.7888]]],[[[-75.2986,-48.7578],[-75.2488,-48.83],[-75.3348,-48.7802],[-75.2986,-48.7578]]],[[[-75.4636,-48.7906],[-75.4688,-48.7801],[-75.3385,-48.728],[-75.3011,-48.7342],[-75.3688,-48.7776],[-75.4636,-48.7906]]],[[[-75.0976,-48.6734],[-75.0695,-48.6862],[-75.0877,-48.6626],[-75.005,-48.5955],[-74.9909,-48.6723],[-75.0517,-48.8266],[-75.2199,-48.7551],[-75.1866,-48.7661],[-75.2143,-48.7423],[-75.1606,-48.7119],[-75.1,-48.7181],[-75.1423,-48.6981],[-75.0976,-48.6734]]],[[[-74.4977,-52.4795],[-74.4744,-52.488],[-74.4992,-52.5118],[-74.4977,-52.4795]]],[[[-74.56,-52.4859],[-74.56,-52.4669],[-74.5849,-52.4677],[-74.5569,-52.4525],[-74.5086,-52.4682],[-74.5079,-52.488],[-74.56,-52.4859]]],[[[-74.4732,-52.4601],[-74.5515,-52.4149],[-74.5478,-52.4026],[-74.499,-52.4016],[-74.4732,-52.4601]]],[[[-74.669,-52.3472],[-74.6341,-52.3399],[-74.5927,-52.3507],[-74.5841,-52.3804],[-74.6138,-52.3913],[-74.6101,-52.3741],[-74.6393,-52.3962],[-74.6405,-52.381],[-74.6532,-52.3971],[-74.6966,-52.3855],[-74.669,-52.3472]]],[[[-74.5164,-52.3728],[-74.5098,-52.36],[-74.5296,-52.3598],[-74.4945,-52.3392],[-74.5164,-52.3728]]],[[[-74.7753,-52.3646],[-74.7776,-52.3459],[-74.7533,-52.363],[-74.7753,-52.3646]]],[[[-74.4866,-52.2975],[-74.5418,-52.3634],[-74.5287,-52.3209],[-74.4866,-52.2975]]],[[[-74.5897,-52.3367],[-74.607,-52.3186],[-74.5983,-52.3368],[-74.6209,-52.34],[-74.6262,-52.3232],[-74.6001,-52.3097],[-74.571,-52.3252],[-74.5897,-52.3367]]],[[[-74.8767,-52.3084],[-74.8607,-52.2815],[-74.9269,-52.2782],[-74.8929,-52.25],[-74.8431,-52.2906],[-74.8458,-52.3221],[-74.8767,-52.3084]]],[[[-74.557,-52.3151],[-74.5906,-52.3037],[-74.5765,-52.2819],[-74.6026,-52.3075],[-74.618,-52.2944],[-74.5705,-52.2344],[-74.5379,-52.2561],[-74.557,-52.3151]]],[[[-74.6232,-52.2655],[-74.6208,-52.2923],[-74.6402,-52.2895],[-74.6155,-52.3103],[-74.6877,-52.3039],[-74.65,-52.3244],[-74.7098,-52.338],[-74.7745,-52.3206],[-74.7842,-52.3053],[-74.7604,-52.3132],[-74.7556,-52.2918],[-74.7703,-52.3048],[-74.8086,-52.2786],[-74.7685,-52.2776],[-74.8288,-52.2764],[-74.8333,-52.2563],[-74.8628,-52.2632],[-74.9078,-52.2265],[-74.8791,-52.2004],[-74.8403,-52.197],[-74.8471,-52.2162],[-74.796,-52.2219],[-74.7688,-52.25],[-74.705,-52.2707],[-74.6787,-52.2716],[-74.6691,-52.2343],[-74.5951,-52.2065],[-74.591,-52.2424],[-74.6232,-52.2655]]],[[[-74.7132,-52.222],[-74.7361,-52.2466],[-74.6882,-52.2283],[-74.6795,-52.2395],[-74.7045,-52.2606],[-74.739,-52.257],[-74.7661,-52.2446],[-74.7582,-52.2219],[-74.7132,-52.222]]],[[[-74.6303,-52.1924],[-74.6764,-52.1881],[-74.6815,-52.174],[-74.6842,-52.1895],[-74.6552,-52.1923],[-74.6618,-52.2052],[-74.7551,-52.2135],[-74.7509,-52.1848],[-74.7949,-52.1732],[-74.6521,-52.1096],[-74.6231,-52.1172],[-74.6255,-52.1017],[-74.5767,-52.0851],[-74.5504,-52.1096],[-74.5743,-52.1188],[-74.589,-52.1107],[-74.6087,-52.1248],[-74.606,-52.1515],[-74.6122,-52.1366],[-74.6313,-52.1428],[-74.6303,-52.1924]]],[[[-74.5297,-52.1354],[-74.577,-52.1614],[-74.5624,-52.1339],[-74.5297,-52.1354]]],[[[-74.5939,-52.1343],[-74.5925,-52.1193],[-74.5763,-52.1223],[-74.5539,-52.1143],[-74.5939,-52.1343]]],[[[-74.7145,-52.0823],[-74.7315,-52.0827],[-74.7157,-52.0652],[-74.7145,-52.0823]]],[[[-74.5231,-52.058],[-74.4438,-52.0235],[-74.4257,-52.0351],[-74.4549,-52.0585],[-74.5414,-52.0996],[-74.5231,-52.058]]],[[[-74.5493,-52.0419],[-74.5541,-52.064],[-74.5983,-52.0795],[-74.6048,-52.0412],[-74.6187,-52.0862],[-74.663,-52.1049],[-74.6654,-52.0772],[-74.6773,-52.1081],[-74.7086,-52.1163],[-74.6743,-52.0275],[-74.6098,-51.9857],[-74.6025,-52.0102],[-74.5834,-52.0005],[-74.557,-52.0155],[-74.5893,-51.98],[-74.555,-51.9512],[-74.4956,-51.9419],[-74.4999,-51.9666],[-74.4567,-51.9539],[-74.4892,-51.9812],[-74.4539,-51.9877],[-74.4811,-52.017],[-74.5087,-52.0185],[-74.4918,-52.0293],[-74.5329,-52.0523],[-74.5493,-52.0419]]],[[[-74.5834,-51.8398],[-74.5736,-51.8518],[-74.6158,-51.9123],[-74.675,-51.9274],[-74.6476,-51.9446],[-74.6666,-51.9612],[-74.6515,-51.9499],[-74.6305,-51.9587],[-74.7013,-51.9765],[-74.6755,-51.9843],[-74.7171,-52.0097],[-74.6906,-52.0111],[-74.6546,-51.9719],[-74.632,-51.9873],[-74.6727,-52.0216],[-74.7024,-52.0161],[-74.6951,-52.0504],[-74.7304,-52.0666],[-74.7368,-52.1159],[-74.7516,-52.1215],[-74.7496,-52.099],[-74.7651,-52.1163],[-74.7853,-52.1012],[-74.7996,-52.1188],[-74.8132,-52.1003],[-74.8126,-52.1165],[-74.7754,-52.1341],[-74.8523,-52.1661],[-74.8907,-52.1443],[-74.8421,-52.075],[-74.8081,-52.0705],[-74.7448,-52.0324],[-74.7847,-52.0481],[-74.7776,-52.0165],[-74.7891,-52.0428],[-74.8055,-52.0333],[-74.7875,-52.0521],[-74.83,-52.0622],[-74.8079,-51.9805],[-74.7479,-51.9635],[-74.8081,-51.9744],[-74.7242,-51.8336],[-74.6939,-51.8529],[-74.7115,-51.872],[-74.6631,-51.8554],[-74.662,-51.8718],[-74.6862,-51.8687],[-74.6704,-51.8914],[-74.6155,-51.8468],[-74.6161,-51.8838],[-74.5834,-51.8398]]],[[[-74.5066,-51.9146],[-74.4814,-51.9279],[-74.5037,-51.9408],[-74.5225,-51.9311],[-74.5066,-51.9146]]],[[[-74.5829,-51.9061],[-74.5547,-51.8296],[-74.5326,-51.8722],[-74.5799,-51.922],[-74.533,-51.8904],[-74.534,-51.9039],[-74.5639,-51.9327],[-74.6316,-51.9482],[-74.647,-51.9382],[-74.5967,-51.8998],[-74.5829,-51.9061]]],[[[-74.7533,-51.7252],[-74.7999,-51.7572],[-74.7517,-51.7375],[-74.7465,-51.8026],[-74.7682,-51.7939],[-74.7733,-51.8067],[-74.751,-51.8283],[-74.7854,-51.8451],[-74.7632,-51.8444],[-74.791,-51.8632],[-74.7926,-51.9047],[-74.809,-51.9006],[-74.8015,-51.9312],[-74.8249,-51.9208],[-74.8066,-51.9428],[-74.8543,-51.9593],[-74.8061,-51.951],[-74.8181,-51.9846],[-74.8719,-51.981],[-74.8275,-51.992],[-74.8328,-52.0191],[-74.921,-52.0018],[-74.8696,-52.0121],[-74.8489,-52.0357],[-74.892,-52.0513],[-74.855,-52.045],[-74.8666,-52.0868],[-74.9494,-52.1324],[-74.9078,-52.0782],[-74.9186,-52.0573],[-74.953,-52.1307],[-75.002,-52.144],[-74.9962,-52.0984],[-74.9431,-52.103],[-74.9647,-52.0874],[-74.9421,-52.0505],[-74.9763,-52.0872],[-75.0158,-52.0896],[-74.9466,-52.0376],[-75.0224,-52.0725],[-75.01,-52.0441],[-75.0315,-52.0555],[-75.0639,-52.0199],[-75.0412,-51.9864],[-74.9409,-51.9535],[-75.0061,-51.9567],[-75.0095,-51.9397],[-74.9755,-51.8757],[-74.9562,-51.8785],[-74.943,-51.8075],[-74.8902,-51.8535],[-74.9188,-51.8611],[-74.9205,-51.8807],[-74.8834,-51.8649],[-74.933,-51.9277],[-74.8901,-51.8891],[-74.8939,-51.9233],[-74.8679,-51.8723],[-74.8565,-51.9426],[-74.8443,-51.8678],[-74.7945,-51.8621],[-74.8176,-51.8363],[-74.8467,-51.8514],[-74.8558,-51.8307],[-74.8269,-51.8153],[-74.8423,-51.8017],[-74.8563,-51.8166],[-74.8789,-51.7876],[-74.8664,-51.7619],[-74.8298,-51.7786],[-74.8466,-51.7545],[-74.7958,-51.7838],[-74.803,-51.7693],[-74.8821,-51.7105],[-74.8672,-51.6802],[-74.9177,-51.6766],[-74.9329,-51.6588],[-74.9023,-51.6314],[-74.8799,-51.6417],[-74.8507,-51.627],[-74.8293,-51.6418],[-74.8444,-51.6623],[-74.8142,-51.6333],[-74.7656,-51.6558],[-74.7866,-51.6882],[-74.7642,-51.6737],[-74.7779,-51.7109],[-74.7589,-51.7066],[-74.7533,-51.7252]]],[[[-74.7216,-51.7908],[-74.6696,-51.7648],[-74.6651,-51.787],[-74.6588,-51.7647],[-74.6394,-51.7891],[-74.6561,-51.8088],[-74.6244,-51.7889],[-74.6277,-51.8168],[-74.6004,-51.8114],[-74.6413,-51.8517],[-74.6893,-51.8473],[-74.7291,-51.8167],[-74.7216,-51.7908]]],[[[-74.5754,-51.7394],[-74.5561,-51.7206],[-74.545,-51.7462],[-74.5945,-51.7857],[-74.5916,-51.73],[-74.5754,-51.7394]]],[[[-74.7271,-51.7187],[-74.6658,-51.6945],[-74.6984,-51.7144],[-74.6699,-51.7304],[-74.7172,-51.7866],[-74.7271,-51.7187]]],[[[-74.5379,-51.6768],[-74.4614,-51.685],[-74.4308,-51.7096],[-74.5379,-51.6768]]],[[[-74.5997,-51.6107],[-74.5975,-51.5919],[-74.5331,-51.6226],[-74.5997,-51.6107]]],[[[-74.7114,-51.5597],[-74.7093,-51.5753],[-74.744,-51.5643],[-74.7114,-51.5597]]],[[[-74.7464,-51.5526],[-74.7082,-51.5577],[-74.775,-51.5551],[-74.7214,-51.5427],[-74.7464,-51.5526]]],[[[-74.8344,-51.4556],[-74.8596,-51.5137],[-74.8915,-51.4941],[-74.8344,-51.4556]]],[[[-74.8069,-51.4886],[-74.8414,-51.4985],[-74.8267,-51.4568],[-74.7815,-51.4493],[-74.7638,-51.47],[-74.7998,-51.4564],[-74.8069,-51.4886]]],[[[-74.67,-51.4184],[-74.6555,-51.4254],[-74.6783,-51.4384],[-74.67,-51.4184]]],[[[-74.6435,-51.3929],[-74.637,-51.4031],[-74.6604,-51.4015],[-74.6435,-51.3929]]],[[[-74.6739,-51.3313],[-74.6644,-51.3615],[-74.6937,-51.3493],[-74.6664,-51.3892],[-74.6928,-51.4133],[-74.6842,-51.4369],[-74.7503,-51.4438],[-74.7058,-51.3582],[-74.6739,-51.3313]]],[[[-74.5297,-51.3149],[-74.6006,-51.2578],[-74.6707,-51.2436],[-74.6258,-51.2603],[-74.636,-51.2795],[-74.607,-51.2697],[-74.5737,-51.2888],[-74.5636,-51.3058],[-74.59,-51.3266],[-74.5606,-51.3167],[-74.5413,-51.3299],[-74.5798,-51.3536],[-74.5396,-51.3368],[-74.5202,-51.3568],[-74.5476,-51.389],[-74.6131,-51.4076],[-74.6343,-51.3793],[-74.6221,-51.3536],[-74.6395,-51.3638],[-74.6705,-51.3269],[-74.6714,-51.2774],[-74.6861,-51.3178],[-74.7317,-51.2939],[-74.6873,-51.3241],[-74.7216,-51.3745],[-74.7419,-51.3769],[-74.7383,-51.3588],[-74.7693,-51.3812],[-74.7276,-51.3805],[-74.7504,-51.4229],[-74.76,-51.4043],[-74.798,-51.4098],[-74.7791,-51.3906],[-74.8023,-51.4097],[-74.7642,-51.4252],[-74.8088,-51.4501],[-74.8401,-51.4294],[-74.892,-51.4672],[-74.8826,-51.4228],[-74.8903,-51.4571],[-74.9088,-51.4617],[-74.9045,-51.4459],[-74.9293,-51.4663],[-74.9409,-51.4363],[-74.9512,-51.471],[-75.0323,-51.4796],[-75.0175,-51.4545],[-75.0399,-51.4417],[-74.9998,-51.4546],[-74.9871,-51.4376],[-75.0097,-51.4513],[-75.0352,-51.4321],[-74.9346,-51.4077],[-74.7802,-51.3278],[-74.966,-51.3843],[-74.9225,-51.3703],[-74.9807,-51.342],[-74.9204,-51.2843],[-74.9115,-51.3081],[-74.8866,-51.2761],[-74.8609,-51.2761],[-74.8593,-51.2941],[-74.8526,-51.2801],[-74.829,-51.2927],[-74.8426,-51.2719],[-74.794,-51.287],[-74.8499,-51.2624],[-74.8238,-51.2531],[-74.8225,-51.2249],[-74.7726,-51.2464],[-74.8044,-51.2281],[-74.7982,-51.2095],[-74.7245,-51.2267],[-74.7493,-51.2107],[-74.7198,-51.1898],[-74.661,-51.2126],[-74.6135,-51.1881],[-74.5853,-51.1971],[-74.5901,-51.2157],[-74.5501,-51.2135],[-74.4989,-51.2786],[-74.5128,-51.3031],[-74.5387,-51.2625],[-74.5217,-51.2577],[-74.5583,-51.2395],[-74.5297,-51.3149]]],[[[-74.5121,-51.2379],[-74.4812,-51.2545],[-74.4915,-51.2764],[-74.5121,-51.2379]]],[[[-74.9748,-51.2255],[-75.0278,-51.2271],[-75.0102,-51.1998],[-74.9857,-51.2116],[-74.9756,-51.1825],[-74.8441,-51.1635],[-74.8368,-51.1949],[-74.8281,-51.1757],[-74.8013,-51.1871],[-74.8451,-51.2443],[-74.8778,-51.2202],[-74.8623,-51.1963],[-74.88,-51.2127],[-74.9495,-51.2087],[-74.9748,-51.2255]]],[[[-74.7947,-51.2027],[-74.7855,-51.179],[-74.8077,-51.1742],[-74.7784,-51.1689],[-74.7365,-51.1886],[-74.7527,-51.2108],[-74.7947,-51.2027]]],[[[-74.7718,-51.16],[-74.7821,-51.1627],[-74.8117,-51.1502],[-74.7965,-51.1329],[-74.7686,-51.1518],[-74.788,-51.1269],[-74.76,-51.1325],[-74.7718,-51.16]]],[[[-74.7116,-51.1641],[-74.7175,-51.1855],[-74.7364,-51.181],[-74.759,-51.165],[-74.7514,-51.1368],[-74.6728,-51.1508],[-74.6793,-51.1355],[-74.6096,-51.0857],[-74.585,-51.1026],[-74.5605,-51.1811],[-74.5841,-51.1654],[-74.5717,-51.1544],[-74.5967,-51.1712],[-74.624,-51.1486],[-74.651,-51.1999],[-74.7034,-51.1867],[-74.7116,-51.1641]]],[[[-74.9367,-51.1695],[-75.0137,-51.1826],[-75.0017,-51.1246],[-74.9555,-51.0938],[-74.9158,-51.1157],[-74.9305,-51.1234],[-74.9022,-51.1259],[-74.9245,-51.0908],[-74.8816,-51.1111],[-74.863,-51.0979],[-74.829,-51.1067],[-74.8525,-51.1195],[-74.8453,-51.1317],[-74.8177,-51.1165],[-74.8306,-51.1552],[-74.9453,-51.1525],[-74.9367,-51.1695]]],[[[-74.7659,-51.1104],[-74.7525,-51.1194],[-74.7837,-51.1126],[-74.7659,-51.1104]]],[[[-74.9421,-51.0176],[-74.9026,-50.9848],[-74.8652,-50.9812],[-74.8141,-50.9925],[-74.857,-51.0099],[-74.9023,-51.0529],[-74.9635,-51.0711],[-74.9587,-51.0383],[-74.9092,-51.0387],[-74.9498,-51.0227],[-74.9442,-51.0068],[-74.9421,-51.0176]]],[[[-74.7103,-51.0103],[-74.6498,-51.0216],[-74.6945,-51.0284],[-74.7103,-51.0103]]],[[[-74.4676,-50.783],[-74.4458,-50.7721],[-74.4495,-50.8175],[-74.4779,-50.8456],[-74.4695,-50.8187],[-74.4786,-50.8218],[-74.5118,-50.8599],[-74.4866,-50.8417],[-74.4795,-50.8473],[-74.4719,-50.8435],[-74.4614,-50.8481],[-74.4422,-50.8159],[-74.4225,-50.8143],[-74.4233,-50.8336],[-74.3951,-50.8141],[-74.4093,-50.8282],[-74.3723,-50.8858],[-74.3867,-50.9003],[-74.4057,-50.8862],[-74.3909,-50.902],[-74.4273,-50.9428],[-74.38,-50.9107],[-74.3945,-50.9397],[-74.3749,-50.936],[-74.374,-50.9525],[-74.4088,-50.9768],[-74.3718,-50.9648],[-74.3541,-51.0301],[-74.3701,-51.037],[-74.3999,-51.0107],[-74.386,-51.0438],[-74.4069,-51.0484],[-74.3708,-51.0511],[-74.3744,-51.0867],[-74.42,-51.0674],[-74.421,-51.0354],[-74.4592,-50.9943],[-74.5374,-51.0338],[-74.5204,-50.9865],[-74.5464,-51.0364],[-74.5897,-51.0585],[-74.602,-51.033],[-74.5744,-51.0052],[-74.5962,-51.0169],[-74.6083,-51.0347],[-74.606,-51.0732],[-74.6395,-51.1004],[-74.6336,-51.0745],[-74.6887,-51.1191],[-74.7044,-51.1103],[-74.68,-51.0926],[-74.7143,-51.1114],[-74.73,-51.1065],[-74.7102,-51.0994],[-74.7479,-51.1001],[-74.7152,-51.0893],[-74.7677,-51.0711],[-74.6911,-51.0658],[-74.7424,-51.0564],[-74.7462,-51.0336],[-74.6413,-51.0313],[-74.6027,-50.9603],[-74.6564,-51.008],[-74.7283,-51.0088],[-74.7371,-50.9841],[-74.7612,-50.9887],[-74.7333,-51.0066],[-74.7761,-51.0073],[-74.7611,-51.0349],[-74.7969,-51.0848],[-74.8289,-51.066],[-74.7836,-51.0501],[-74.8283,-51.0477],[-74.8569,-51.0666],[-74.8912,-51.0545],[-74.8518,-51.0351],[-74.8624,-51.0245],[-74.8225,-51.0249],[-74.8542,-51.0198],[-74.8018,-50.992],[-74.8254,-50.9774],[-74.7674,-50.9795],[-74.8079,-50.9673],[-74.8737,-50.9758],[-74.811,-50.9588],[-74.8527,-50.944],[-74.9529,-50.9887],[-74.9389,-50.9157],[-74.8528,-50.915],[-74.9143,-50.9066],[-74.9313,-50.8787],[-74.8426,-50.8916],[-74.8815,-50.8718],[-74.7826,-50.9079],[-74.6647,-50.9039],[-74.6797,-50.9374],[-74.6403,-50.9338],[-74.6316,-50.9545],[-74.6363,-50.9259],[-74.6045,-50.9271],[-74.6074,-50.9533],[-74.5921,-50.9014],[-74.5305,-50.9187],[-74.5842,-50.8975],[-74.552,-50.8807],[-74.6192,-50.9007],[-74.5961,-50.8532],[-74.624,-50.8971],[-74.6414,-50.8882],[-74.6226,-50.8401],[-74.6064,-50.8523],[-74.6154,-50.8259],[-74.5673,-50.8386],[-74.5741,-50.8602],[-74.5357,-50.8463],[-74.5192,-50.8125],[-74.5528,-50.8318],[-74.59,-50.8186],[-74.6029,-50.8048],[-74.5725,-50.7925],[-74.6029,-50.7976],[-74.6484,-50.748],[-74.685,-50.7441],[-74.6374,-50.7087],[-74.6007,-50.7154],[-74.5891,-50.7548],[-74.5424,-50.7332],[-74.5374,-50.7696],[-74.5189,-50.7384],[-74.499,-50.7724],[-74.4824,-50.7549],[-74.458,-50.7679],[-74.4676,-50.783]]],[[[-74.7356,-50.7234],[-74.7317,-50.7544],[-74.7945,-50.7375],[-74.7403,-50.7611],[-74.7725,-50.7757],[-74.7343,-50.7655],[-74.7132,-50.781],[-74.7351,-50.7988],[-74.6904,-50.7929],[-74.6975,-50.8268],[-74.7872,-50.8058],[-74.699,-50.8324],[-74.7364,-50.8514],[-74.71,-50.8623],[-74.7211,-50.8874],[-74.6733,-50.8035],[-74.6359,-50.8151],[-74.6899,-50.9045],[-74.8232,-50.8799],[-74.7986,-50.8687],[-74.8485,-50.8768],[-74.8744,-50.8661],[-74.8531,-50.8489],[-74.9145,-50.8703],[-74.938,-50.8457],[-74.9281,-50.831],[-74.8954,-50.839],[-74.9152,-50.8304],[-74.8701,-50.8429],[-74.8854,-50.8306],[-74.8579,-50.8271],[-74.8919,-50.8271],[-74.9126,-50.815],[-74.8747,-50.8171],[-74.9302,-50.8001],[-74.8467,-50.8096],[-74.9465,-50.7898],[-74.9469,-50.7624],[-74.8708,-50.7827],[-74.9307,-50.762],[-74.9134,-50.752],[-74.9482,-50.7498],[-74.9272,-50.7334],[-74.9412,-50.7233],[-74.9102,-50.7115],[-74.894,-50.7259],[-74.8371,-50.7256],[-74.8804,-50.7406],[-74.858,-50.7589],[-74.8269,-50.763],[-74.8557,-50.7535],[-74.8198,-50.7546],[-74.8484,-50.7452],[-74.8079,-50.7327],[-74.9285,-50.6934],[-74.9305,-50.6752],[-74.9218,-50.6921],[-74.8934,-50.6688],[-74.8169,-50.6879],[-74.8134,-50.7144],[-74.7928,-50.6982],[-74.7728,-50.7044],[-74.8416,-50.6599],[-74.8252,-50.6535],[-74.779,-50.6685],[-74.7849,-50.6814],[-74.7701,-50.6728],[-74.7414,-50.6964],[-74.7354,-50.6834],[-74.716,-50.6921],[-74.7302,-50.7186],[-74.7647,-50.7079],[-74.7356,-50.7234]]],[[[-74.6584,-50.7558],[-74.6383,-50.7654],[-74.6611,-50.7699],[-74.6584,-50.7558]]],[[[-74.6648,-50.6875],[-74.6416,-50.7078],[-74.67,-50.7191],[-74.6648,-50.6875]]],[[[-74.6363,-50.6559],[-74.6185,-50.6616],[-74.6047,-50.6423],[-74.6165,-50.6725],[-74.6282,-50.6714],[-74.6363,-50.6559]]],[[[-74.7569,-50.6495],[-74.7766,-50.6667],[-74.8086,-50.6533],[-74.7706,-50.6363],[-74.7569,-50.6495]]],[[[-74.5588,-50.6274],[-74.5903,-50.6539],[-74.6009,-50.6256],[-74.574,-50.6204],[-74.5588,-50.6274]]],[[[-74.568,-50.5922],[-74.5603,-50.6116],[-74.5914,-50.5944],[-74.568,-50.5922]]],[[[-74.4668,-50.5513],[-74.537,-50.6017],[-74.5297,-50.5479],[-74.4798,-50.5326],[-74.4668,-50.5513]]],[[[-74.6869,-50.521],[-74.6161,-50.5081],[-74.5788,-50.5488],[-74.6589,-50.6085],[-74.6808,-50.596],[-74.6505,-50.5653],[-74.6729,-50.573],[-74.6639,-50.544],[-74.6899,-50.5508],[-74.6693,-50.5301],[-74.6869,-50.521]]],[[[-74.8334,-50.5557],[-74.8465,-50.569],[-74.8803,-50.5432],[-74.863,-50.5302],[-74.8334,-50.5557]]],[[[-74.7405,-50.5173],[-74.7149,-50.5018],[-74.7163,-50.5176],[-74.7405,-50.5173]]],[[[-74.6954,-50.485],[-74.7212,-50.4828],[-74.7101,-50.4914],[-74.7515,-50.515],[-74.7893,-50.4838],[-74.7664,-50.4335],[-74.7372,-50.4584],[-74.7338,-50.4093],[-74.7974,-50.4295],[-74.7685,-50.3987],[-74.7476,-50.4115],[-74.7532,-50.3819],[-74.6893,-50.3497],[-74.625,-50.3588],[-74.631,-50.3753],[-74.585,-50.3612],[-74.5393,-50.4046],[-74.5796,-50.4244],[-74.6006,-50.4083],[-74.5899,-50.4287],[-74.6472,-50.4533],[-74.6954,-50.485]]],[[[-74.6478,-50.2746],[-74.5708,-50.2915],[-74.5867,-50.3139],[-74.6185,-50.2903],[-74.611,-50.3125],[-74.6462,-50.3179],[-74.7558,-50.3079],[-74.7148,-50.279],[-74.6366,-50.2983],[-74.6478,-50.2746]]],[[[-74.5666,-50.2611],[-74.5591,-50.2866],[-74.6086,-50.2712],[-74.623,-50.2464],[-74.5666,-50.2611]]],[[[-74.8322,-50.2521],[-74.8714,-50.2926],[-74.9158,-50.2576],[-74.9168,-50.2281],[-74.8322,-50.2521]]],[[[-74.6705,-50.236],[-74.6825,-50.2637],[-74.7426,-50.2522],[-74.7226,-50.2176],[-74.6705,-50.236]]],[[[-74.6645,-50.0863],[-74.7393,-50.1287],[-74.76,-50.0951],[-74.7069,-50.0681],[-74.6645,-50.0863]]],[[[-74.5568,-50.0626],[-74.4343,-50.0155],[-74.3616,-50.064],[-74.3652,-50.084],[-74.4522,-50.0895],[-74.4775,-50.0671],[-74.5569,-50.0692],[-74.5556,-50.087],[-74.6126,-50.101],[-74.5568,-50.0626]]],[[[-74.7243,-50.054],[-74.7494,-50.0657],[-74.7775,-50.0582],[-74.7628,-50.0489],[-74.7243,-50.054]]],[[[-74.8034,-49.0667],[-74.7853,-49.0772],[-74.7999,-49.0849],[-74.8034,-49.0667]]],[[[-74.9882,-48.7367],[-74.9651,-48.6645],[-74.8911,-48.6937],[-74.8508,-48.6901],[-74.9603,-48.6547],[-74.9566,-48.6006],[-74.9293,-48.6413],[-74.9288,-48.6297],[-74.8283,-48.6421],[-74.8054,-48.6286],[-74.7653,-48.656],[-74.8188,-48.6773],[-74.878,-48.7207],[-74.9658,-48.7454],[-74.9882,-48.7367]]],[[[-74.2462,-53.3059],[-74.3004,-53.3208],[-74.3046,-53.2987],[-74.263,-53.2886],[-74.2462,-53.3059]]],[[[-74.2818,-53.3256],[-74.1055,-53.2522],[-74.0559,-53.2693],[-74.0725,-53.2908],[-74.1134,-53.2865],[-74.1125,-53.3334],[-74.1337,-53.3234],[-74.1423,-53.3425],[-74.1551,-53.3322],[-74.1988,-53.3548],[-74.2818,-53.3256]]],[[[-74.3185,-53.195],[-74.337,-53.1942],[-74.3289,-53.1775],[-74.3185,-53.195]]],[[[-74.3158,-53.1772],[-74.2976,-53.1791],[-74.3042,-53.1891],[-74.3158,-53.1772]]],[[[-74.1889,-53.1758],[-74.1749,-53.1842],[-74.2004,-53.1834],[-74.1889,-53.1758]]],[[[-74.267,-53.1468],[-74.2366,-53.1634],[-74.2888,-53.1958],[-74.267,-53.1468]]],[[[-74.3479,-53.1351],[-74.2985,-53.1403],[-74.2879,-53.1637],[-74.3102,-53.1647],[-74.3161,-53.176],[-74.3288,-53.1747],[-74.3453,-53.1834],[-74.3712,-53.1451],[-74.3606,-53.1264],[-74.3479,-53.1351]]],[[[-74.2052,-53.1174],[-74.1533,-53.1444],[-74.199,-53.1414],[-74.2052,-53.1174]]],[[[-74.0921,-52.6898],[-74.1389,-52.7134],[-74.1582,-52.7058],[-74.1157,-52.6829],[-74.1393,-52.6808],[-74.1239,-52.654],[-74.0752,-52.6974],[-74.0921,-52.6898]]],[[[-74.192,-52.6459],[-74.1559,-52.6419],[-74.1355,-52.6602],[-74.1765,-52.6696],[-74.1648,-52.6493],[-74.192,-52.6459]]],[[[-74.0805,-52.5912],[-74.0738,-52.5785],[-74.0474,-52.5829],[-74.0571,-52.5995],[-74.1084,-52.6191],[-74.1873,-52.6032],[-74.1134,-52.5702],[-74.0805,-52.5912]]],[[[-74.3905,-52.5354],[-74.3803,-52.5626],[-74.437,-52.5391],[-74.4288,-52.5291],[-74.3905,-52.5354]]],[[[-74.4167,-52.5156],[-74.396,-52.5293],[-74.4308,-52.5254],[-74.4167,-52.5156]]],[[[-74.31,-52.4245],[-74.2807,-52.4346],[-74.3011,-52.45],[-74.31,-52.4245]]],[[[-74.4842,-52.3451],[-74.4683,-52.3566],[-74.4879,-52.3662],[-74.4842,-52.3451]]],[[[-74.4098,-52.3408],[-74.4057,-52.3583],[-74.44,-52.3478],[-74.4098,-52.3408]]],[[[-74.2538,-52.3266],[-74.2388,-52.3331],[-74.2646,-52.3389],[-74.2538,-52.3266]]],[[[-74.0297,-52.3681],[-74.0042,-52.3902],[-74.0288,-52.4029],[-74.1067,-52.423],[-74.089,-52.411],[-74.1085,-52.4038],[-74.1218,-52.4194],[-74.1558,-52.4149],[-74.1292,-52.3849],[-74.178,-52.4109],[-74.1597,-52.3724],[-74.1796,-52.3692],[-74.1367,-52.3273],[-74.0984,-52.3264],[-74.1281,-52.3207],[-74.2381,-52.3596],[-74.2243,-52.3317],[-74.1304,-52.2976],[-74.1726,-52.3065],[-74.1924,-52.294],[-74.167,-52.2852],[-74.2061,-52.2853],[-74.1699,-52.2808],[-74.2116,-52.2629],[-74.1691,-52.2269],[-74.1175,-52.2479],[-74.0706,-52.2946],[-73.9736,-52.3361],[-73.9482,-52.3633],[-73.9644,-52.387],[-74.0301,-52.3337],[-73.9763,-52.3923],[-74.0297,-52.3681]]],[[[-74.3061,-52.2595],[-74.3,-52.2857],[-74.3404,-52.2974],[-74.3061,-52.2595]]],[[[-74.3939,-52.2713],[-74.337,-52.2501],[-74.3195,-52.2609],[-74.354,-52.2928],[-74.382,-52.2915],[-74.3939,-52.2713]]],[[[-74.2875,-52.2487],[-74.2615,-52.2295],[-74.3151,-52.2409],[-74.2285,-52.212],[-74.2202,-52.237],[-74.2724,-52.2638],[-74.2875,-52.2487]]],[[[-74.4114,-52.2044],[-74.4032,-52.2173],[-74.4285,-52.2186],[-74.4114,-52.2044]]],[[[-74.2622,-52.2031],[-74.3102,-52.2243],[-74.3233,-52.2086],[-74.2976,-52.1923],[-74.2622,-52.2031]]],[[[-74.4076,-52.1494],[-74.3429,-52.1919],[-74.3071,-52.1903],[-74.3216,-52.2064],[-74.3565,-52.2133],[-74.333,-52.1934],[-74.3579,-52.2029],[-74.3707,-52.1845],[-74.4672,-52.2076],[-74.4076,-52.1494]]],[[[-74.2474,-52.1686],[-74.1967,-52.1878],[-74.2448,-52.1996],[-74.4227,-52.1437],[-74.3972,-52.1303],[-74.3251,-52.1401],[-74.3383,-52.1203],[-74.2744,-52.0935],[-74.1824,-52.1296],[-74.0367,-52.2356],[-74.2235,-52.1769],[-74.2241,-52.1523],[-74.3001,-52.1486],[-74.2699,-52.1572],[-74.2875,-52.1778],[-74.2474,-52.1686]]],[[[-74.2117,-52.0804],[-74.2033,-52.0938],[-74.1077,-52.0851],[-74.0247,-52.1325],[-74.1108,-52.1731],[-74.1398,-52.153],[-74.1164,-52.1346],[-74.1627,-52.135],[-74.2366,-52.1004],[-74.2117,-52.0804]]],[[[-74.2978,-52.088],[-74.356,-52.111],[-74.3758,-52.0837],[-74.3557,-52.0537],[-74.2978,-52.088]]],[[[-74.1007,-52.0479],[-74.0756,-52.0612],[-74.0972,-52.0659],[-74.1007,-52.0479]]],[[[-74.3085,-52.0296],[-74.2844,-52.0415],[-74.3208,-52.0536],[-74.3085,-52.0296]]],[[[-74.1852,-52.0313],[-74.171,-52.0421],[-74.2041,-52.0444],[-74.1852,-52.0313]]],[[[-74.3525,-52.0385],[-74.3781,-52.0571],[-74.4101,-52.0356],[-74.3883,-52.0155],[-74.3525,-52.0385]]],[[[-74.2334,-52.0115],[-74.2157,-52.0181],[-74.2403,-52.0301],[-74.2334,-52.0115]]],[[[-74.3229,-52.0143],[-74.3489,-52.0283],[-74.3694,-52.0039],[-74.3504,-51.9997],[-74.3229,-52.0143]]],[[[-74.2921,-51.9906],[-74.2611,-52.0022],[-74.2738,-52.0175],[-74.2921,-51.9906]]],[[[-74.3283,-51.9758],[-74.3001,-52.0005],[-74.3419,-51.99],[-74.3283,-51.9758]]],[[[-74.1612,-51.777],[-74.1553,-51.7642],[-74.0187,-51.8323],[-74.0575,-51.8392],[-74.1277,-51.7811],[-74.1612,-51.777]]],[[[-74.2176,-51.7437],[-74.1862,-51.7506],[-74.2128,-51.7559],[-74.2176,-51.7437]]],[[[-74.25,-51.6695],[-74.2506,-51.6843],[-74.2731,-51.6759],[-74.25,-51.6695]]],[[[-74.1501,-51.6277],[-74.1222,-51.6438],[-74.1501,-51.644],[-74.1501,-51.6277]]],[[[-74.3906,-51.5871],[-74.35,-51.56],[-74.3661,-51.5865],[-74.3906,-51.5871]]],[[[-74.3577,-51.5472],[-74.3721,-51.5741],[-74.4238,-51.5863],[-74.3577,-51.5472]]],[[[-74.3422,-51.411],[-74.3208,-51.4234],[-74.343,-51.433],[-74.3422,-51.411]]],[[[-74.3023,-51.3831],[-74.323,-51.3974],[-74.3855,-51.3807],[-74.3536,-51.3611],[-74.311,-51.3779],[-74.351,-51.3825],[-74.3023,-51.3831]]],[[[-74.1421,-51.363],[-74.1117,-51.3771],[-74.077,-51.4367],[-74.1023,-51.4545],[-74.1401,-51.4016],[-74.1813,-51.4417],[-74.1868,-51.4214],[-74.2069,-51.4248],[-74.1956,-51.411],[-74.2362,-51.4109],[-74.2186,-51.3897],[-74.1829,-51.3927],[-74.1508,-51.3724],[-74.2182,-51.3876],[-74.2515,-51.3672],[-74.2578,-51.3066],[-74.2112,-51.2879],[-74.1313,-51.3196],[-74.112,-51.3617],[-74.1747,-51.3443],[-74.2104,-51.3548],[-74.1955,-51.3736],[-74.161,-51.3671],[-74.1779,-51.3567],[-74.1246,-51.3849],[-74.1421,-51.363]]],[[[-74.2758,-51.3596],[-74.2999,-51.3719],[-74.3248,-51.3573],[-74.2968,-51.3496],[-74.2758,-51.3596]]],[[[-74.3229,-51.3262],[-74.3013,-51.3348],[-74.3351,-51.3346],[-74.3229,-51.3262]]],[[[-74.4871,-51.3079],[-74.4513,-51.3241],[-74.4846,-51.3117],[-74.4836,-51.3376],[-74.4871,-51.3079]]],[[[-74.1523,-51.2789],[-74.141,-51.3111],[-74.1831,-51.2906],[-74.1523,-51.2789]]],[[[-74.4402,-51.2894],[-74.4581,-51.3073],[-74.4865,-51.2843],[-74.4675,-51.2653],[-74.4402,-51.2894]]],[[[-74.5222,-51.2231],[-74.5267,-51.1978],[-74.4972,-51.2148],[-74.4847,-51.1902],[-74.4054,-51.2293],[-74.4025,-51.2566],[-74.4269,-51.2552],[-74.4484,-51.2233],[-74.4628,-51.2333],[-74.4645,-51.215],[-74.4892,-51.2297],[-74.5026,-51.2159],[-74.5222,-51.2231]]],[[[-74.1703,-51.1002],[-74.146,-51.1081],[-74.1459,-51.1611],[-74.1703,-51.1002]]],[[[-74.4176,-51.1166],[-74.3993,-51.0996],[-74.3745,-51.108],[-74.3663,-51.187],[-74.3809,-51.1973],[-74.432,-51.1823],[-74.3862,-51.2033],[-74.394,-51.2261],[-74.4438,-51.1898],[-74.4919,-51.1837],[-74.4801,-51.1585],[-74.5164,-51.1778],[-74.5432,-51.1575],[-74.5569,-51.1674],[-74.5842,-51.1011],[-74.5663,-51.079],[-74.5856,-51.0647],[-74.4672,-51.0073],[-74.4612,-51.0225],[-74.4618,-51.0027],[-74.4239,-51.056],[-74.4641,-51.0744],[-74.4796,-51.0337],[-74.5,-51.0356],[-74.4826,-51.0631],[-74.5102,-51.0836],[-74.4558,-51.0859],[-74.461,-51.0983],[-74.4176,-51.1166]]],[[[-74.1537,-51.0887],[-74.1486,-51.1053],[-74.159,-51.079],[-74.1537,-51.0887]]],[[[-74.3398,-50.932],[-74.3415,-50.9117],[-74.3119,-50.9062],[-74.2148,-51.0686],[-74.2089,-51.137],[-74.1656,-51.2032],[-74.2098,-51.2045],[-74.2417,-51.2565],[-74.3252,-50.9775],[-74.2819,-50.9857],[-74.3398,-50.932]]],[[[-74.3475,-50.8652],[-74.3199,-50.8949],[-74.3444,-50.8897],[-74.3475,-50.8652]]],[[[-74.2976,-50.8483],[-74.2878,-50.8805],[-74.318,-50.8689],[-74.2976,-50.8483]]],[[[-74.1367,-50.7802],[-74.075,-50.854],[-74.136,-50.8445],[-74.1367,-50.7802]]],[[[-74.2464,-50.7864],[-74.2302,-50.8084],[-74.248,-50.8167],[-74.2464,-50.7864]]],[[[-74.4311,-50.7703],[-74.4164,-50.7907],[-74.4474,-50.8062],[-74.4311,-50.7703]]],[[[-74.3827,-50.6392],[-74.3809,-50.6549],[-74.4302,-50.6489],[-74.3215,-50.6731],[-74.2905,-50.6987],[-74.2682,-50.692],[-74.2607,-50.7155],[-74.2948,-50.7007],[-74.2512,-50.7388],[-74.2395,-50.7075],[-74.2068,-50.7068],[-74.1504,-50.7783],[-74.1486,-50.8474],[-74.1828,-50.8491],[-74.1833,-50.8245],[-74.1914,-50.8437],[-74.2362,-50.8498],[-74.2048,-50.812],[-74.2257,-50.7777],[-74.2465,-50.7841],[-74.2425,-50.7511],[-74.2923,-50.8126],[-74.3343,-50.7626],[-74.2859,-50.845],[-74.3395,-50.8474],[-74.4231,-50.7622],[-74.362,-50.731],[-74.4433,-50.7578],[-74.4467,-50.741],[-74.4902,-50.7445],[-74.5106,-50.7283],[-74.4677,-50.7051],[-74.5314,-50.7041],[-74.4709,-50.6741],[-74.4998,-50.6688],[-74.5581,-50.6907],[-74.5494,-50.6805],[-74.5487,-50.6533],[-74.5518,-50.6672],[-74.5594,-50.6538],[-74.5835,-50.6574],[-74.5186,-50.6218],[-74.5273,-50.5988],[-74.4637,-50.5604],[-74.4627,-50.5813],[-74.45,-50.5618],[-74.434,-50.5821],[-74.4424,-50.5532],[-74.3937,-50.5421],[-74.4309,-50.5455],[-74.4613,-50.5269],[-74.3846,-50.5322],[-74.3769,-50.5705],[-74.3797,-50.5416],[-74.3483,-50.5348],[-74.3932,-50.5116],[-74.3845,-50.5254],[-74.4959,-50.5113],[-74.4676,-50.4767],[-74.5179,-50.5155],[-74.5873,-50.5079],[-74.5928,-50.4762],[-74.6303,-50.4948],[-74.6922,-50.4887],[-74.603,-50.4347],[-74.5784,-50.4335],[-74.5804,-50.4272],[-74.5348,-50.4156],[-74.4613,-50.474],[-74.3569,-50.4595],[-74.3047,-50.6256],[-74.2649,-50.619],[-74.2073,-50.6819],[-74.2541,-50.7021],[-74.272,-50.678],[-74.29,-50.6879],[-74.3827,-50.6392]]],[[[-74.425,-50.4037],[-74.4055,-50.4194],[-74.4332,-50.4183],[-74.425,-50.4037]]],[[[-74.4687,-50.3781],[-74.4314,-50.3962],[-74.4482,-50.408],[-74.4687,-50.3781]]],[[[-74.3667,-50.3725],[-74.3527,-50.4046],[-74.3978,-50.3802],[-74.3667,-50.3725]]],[[[-74.4166,-49.5385],[-74.4402,-49.5959],[-74.4668,-49.5363],[-74.4552,-49.5093],[-74.4166,-49.5385]]],[[[-74.2328,-49.5468],[-74.382,-49.6359],[-74.4238,-49.5943],[-74.3988,-49.534],[-74.4393,-49.5132],[-74.382,-49.4106],[-74.3103,-49.4561],[-74.2328,-49.5468]]],[[[-74.4229,-48.9087],[-74.4129,-48.9252],[-74.4343,-48.9202],[-74.4229,-48.9087]]],[[[-73.3943,-53.7685],[-73.357,-53.781],[-73.4049,-53.7795],[-73.3943,-53.7685]]],[[[-73.5002,-53.733],[-73.4798,-53.7486],[-73.5133,-53.7447],[-73.5002,-53.733]]],[[[-73.5097,-53.6968],[-73.4809,-53.7048],[-73.4338,-53.6823],[-73.436,-53.705],[-73.5141,-53.7225],[-73.5097,-53.6968]]],[[[-73.6501,-53.6421],[-73.618,-53.6523],[-73.6556,-53.6846],[-73.6501,-53.6421]]],[[[-73.3785,-53.6444],[-73.3567,-53.6705],[-73.4042,-53.6573],[-73.3785,-53.6444]]],[[[-73.422,-53.641],[-73.4036,-53.6428],[-73.4225,-53.6554],[-73.422,-53.641]]],[[[-73.6078,-53.6265],[-73.6182,-53.6464],[-73.652,-53.6334],[-73.6078,-53.6265]]],[[[-73.5555,-53.6131],[-73.4983,-53.6212],[-73.5824,-53.6487],[-73.5555,-53.6131]]],[[[-73.7433,-53.6134],[-73.7213,-53.6112],[-73.7464,-53.5996],[-73.7284,-53.592],[-73.6835,-53.6161],[-73.711,-53.629],[-73.7433,-53.6134]]],[[[-73.541,-53.5896],[-73.5185,-53.5771],[-73.5109,-53.6007],[-73.541,-53.5896]]],[[[-73.7614,-53.5758],[-73.7299,-53.5895],[-73.7635,-53.5878],[-73.7614,-53.5758]]],[[[-73.5436,-53.5644],[-73.5511,-53.5913],[-73.5761,-53.5846],[-73.5678,-53.5572],[-73.5436,-53.5644]]],[[[-73.7745,-53.5476],[-73.7833,-53.5992],[-73.8548,-53.6063],[-73.8148,-53.5674],[-73.838,-53.5756],[-73.8491,-53.5587],[-73.8817,-53.5652],[-73.8956,-53.5527],[-73.8589,-53.5377],[-73.8082,-53.5534],[-73.8367,-53.5411],[-73.8241,-53.5261],[-73.789,-53.5369],[-73.8164,-53.5238],[-73.7498,-53.518],[-73.6564,-53.5633],[-73.6902,-53.5742],[-73.6529,-53.5915],[-73.6889,-53.6071],[-73.6782,-53.584],[-73.7041,-53.5981],[-73.7329,-53.5716],[-73.767,-53.5692],[-73.7745,-53.5476]]],[[[-73.4802,-53.4985],[-73.5113,-53.4953],[-73.46,-53.5089],[-73.4668,-53.4864],[-73.4422,-53.472],[-73.4243,-53.4817],[-73.3591,-53.5445],[-73.4046,-53.5582],[-73.3274,-53.5767],[-73.361,-53.5824],[-73.3479,-53.5964],[-73.4219,-53.5726],[-73.4219,-53.593],[-73.492,-53.6097],[-73.4774,-53.5777],[-73.523,-53.5454],[-73.5154,-53.5722],[-73.5447,-53.5557],[-73.603,-53.558],[-73.6418,-53.54],[-73.61,-53.5684],[-73.6278,-53.5685],[-73.6698,-53.5405],[-73.6613,-53.5214],[-73.7175,-53.5251],[-73.7489,-53.5068],[-73.7186,-53.5113],[-73.7309,-53.5013],[-73.7077,-53.4959],[-73.7547,-53.5005],[-73.8027,-53.4784],[-73.7611,-53.4735],[-73.819,-53.4393],[-73.7985,-53.4277],[-73.733,-53.4531],[-73.7399,-53.4682],[-73.6978,-53.4945],[-73.6795,-53.4868],[-73.6453,-53.5106],[-73.6437,-53.4984],[-73.5934,-53.515],[-73.606,-53.5016],[-73.4613,-53.5573],[-73.5388,-53.5171],[-73.5408,-53.4987],[-73.655,-53.4713],[-73.6497,-53.4517],[-73.603,-53.4707],[-73.5762,-53.4584],[-73.5199,-53.4709],[-73.4822,-53.4544],[-73.5637,-53.4517],[-73.5928,-53.4359],[-73.6081,-53.4213],[-73.572,-53.4139],[-73.5829,-53.3838],[-73.5436,-53.395],[-73.5442,-53.4162],[-73.5212,-53.4094],[-73.4777,-53.4293],[-73.5146,-53.4042],[-73.4762,-53.39],[-73.3696,-53.4181],[-73.4337,-53.4477],[-73.4802,-53.4985]]],[[[-73.8612,-53.4969],[-73.8318,-53.4984],[-73.8675,-53.4784],[-73.8388,-53.4702],[-73.7722,-53.5138],[-73.8404,-53.5154],[-73.8612,-53.4969]]],[[[-73.697,-53.4233],[-73.7023,-53.4439],[-73.7428,-53.4342],[-73.7429,-53.4105],[-73.697,-53.4233]]],[[[-73.8762,-53.4051],[-73.8141,-53.4076],[-73.8335,-53.4478],[-73.9055,-53.4245],[-73.8762,-53.4051]]],[[[-73.6218,-53.4032],[-73.6263,-53.4276],[-73.6806,-53.4091],[-73.6695,-53.3899],[-73.6218,-53.4032]]],[[[-73.5887,-53.3814],[-73.6153,-53.4015],[-73.6996,-53.3684],[-73.6762,-53.3628],[-73.6356,-53.3894],[-73.6189,-53.3667],[-73.5887,-53.3814]]],[[[-73.8286,-53.3356],[-73.832,-53.3541],[-73.8228,-53.3425],[-73.782,-53.3504],[-73.7875,-53.3723],[-73.8403,-53.3723],[-73.883,-53.3412],[-73.8564,-53.3273],[-73.8286,-53.3356]]],[[[-73.414,-53.342],[-73.3961,-53.3455],[-73.4162,-53.3557],[-73.414,-53.342]]],[[[-73.6689,-53.2472],[-73.6746,-53.2227],[-73.642,-53.2292],[-73.6133,-53.2542],[-73.6398,-53.2397],[-73.6689,-53.2472]]],[[[-73.8384,-53.1968],[-73.9025,-53.1427],[-73.8799,-53.1785],[-73.9021,-53.1856],[-73.9707,-53.1359],[-73.9649,-53.1213],[-73.8894,-53.1063],[-73.8443,-53.1266],[-73.8286,-53.1684],[-73.7714,-53.2124],[-73.7968,-53.2097],[-73.7551,-53.222],[-73.7825,-53.2191],[-73.7729,-53.244],[-73.8405,-53.22],[-73.8384,-53.1968]]],[[[-73.9847,-53.1354],[-73.946,-53.1629],[-73.9716,-53.1748],[-73.9559,-53.1921],[-73.9939,-53.2028],[-74.0292,-53.1701],[-74.0214,-53.1957],[-74.0539,-53.1909],[-74.0714,-53.1557],[-73.9847,-53.1354]]],[[[-73.5173,-53.118],[-73.4862,-53.132],[-73.5154,-53.1496],[-73.5173,-53.118]]],[[[-74.4531,-52.8668],[-74.4761,-52.8527],[-74.4761,-52.8826],[-74.4109,-52.8729],[-74.4112,-52.9011],[-74.408,-52.8836],[-74.397,-52.8966],[-74.3687,-52.8772],[-74.3711,-52.9154],[-74.4115,-52.9286],[-74.3986,-52.9502],[-74.3638,-52.9384],[-74.3226,-52.9815],[-74.3453,-52.94],[-74.3287,-52.9282],[-74.3007,-52.9534],[-74.2556,-52.9598],[-74.2692,-52.9849],[-74.2504,-52.9924],[-74.2451,-52.95],[-74.2161,-52.9865],[-74.2049,-52.9548],[-74.1768,-52.958],[-74.1496,-52.9884],[-74.1686,-53.0035],[-74.1146,-53.0166],[-74.1172,-53.0002],[-74.0926,-53.0057],[-74.1162,-52.9846],[-74.088,-52.9869],[-74.1388,-52.9646],[-74.1394,-52.9397],[-74.1034,-52.9676],[-74.0446,-52.9707],[-74.0596,-52.9944],[-74.0146,-53.0085],[-74.0302,-52.984],[-73.962,-52.99],[-73.9277,-53.0059],[-73.9242,-53.0191],[-73.9682,-53.0116],[-73.9309,-53.0379],[-73.9936,-53.0272],[-73.9018,-53.0706],[-73.9299,-53.04],[-73.8801,-53.018],[-73.7965,-53.0975],[-73.824,-53.0424],[-73.8011,-53.0697],[-73.7359,-53.0713],[-73.7436,-53.0886],[-73.6903,-53.0982],[-73.6278,-53.182],[-73.636,-53.1455],[-73.6091,-53.1592],[-73.6015,-53.1471],[-73.6429,-53.1252],[-73.6508,-53.0885],[-73.6009,-53.0807],[-73.5929,-53.0904],[-73.6282,-53.0967],[-73.5875,-53.1149],[-73.6094,-53.1271],[-73.5601,-53.1102],[-73.5567,-53.1515],[-73.5303,-53.1652],[-73.5478,-53.1925],[-73.5849,-53.1841],[-73.5125,-53.2594],[-73.5289,-53.2829],[-73.507,-53.2711],[-73.4857,-53.2869],[-73.5074,-53.2328],[-73.4726,-53.2525],[-73.429,-53.2498],[-73.4848,-53.2352],[-73.4571,-53.2196],[-73.4875,-53.2312],[-73.5056,-53.2195],[-73.4846,-53.1927],[-73.5173,-53.1824],[-73.4905,-53.1689],[-73.5152,-53.157],[-73.4793,-53.1423],[-73.3922,-53.1795],[-73.4526,-53.1902],[-73.3689,-53.1942],[-73.4377,-53.2127],[-73.4068,-53.2209],[-73.4217,-53.2146],[-73.3676,-53.2045],[-73.3443,-53.2165],[-73.3718,-53.2215],[-73.3144,-53.2367],[-73.3116,-53.2508],[-73.3451,-53.242],[-73.3168,-53.264],[-73.3405,-53.2756],[-73.3673,-53.2557],[-73.4023,-53.2586],[-73.3585,-53.2755],[-73.3802,-53.283],[-73.2899,-53.2678],[-73.2676,-53.2833],[-73.2824,-53.295],[-73.1753,-53.3114],[-73.2296,-53.3343],[-73.1821,-53.3258],[-73.0947,-53.3485],[-73.0946,-53.3739],[-73.2387,-53.3795],[-73.2686,-53.3499],[-73.3049,-53.3656],[-73.4067,-53.3139],[-73.4382,-53.352],[-73.6101,-53.3373],[-73.5837,-53.3224],[-73.61,-53.2962],[-73.5409,-53.3173],[-73.4634,-53.3132],[-73.4766,-53.2986],[-73.5001,-53.3135],[-73.6011,-53.2839],[-73.6077,-53.2419],[-73.5661,-53.2512],[-73.5657,-53.2396],[-73.6098,-53.2293],[-73.6228,-53.1918],[-73.6182,-53.2281],[-73.6593,-53.2142],[-73.714,-53.1448],[-73.7321,-53.1596],[-73.7013,-53.1767],[-73.7026,-53.187],[-73.7606,-53.1864],[-73.7171,-53.1731],[-73.7702,-53.1811],[-73.795,-53.1014],[-73.7913,-53.1302],[-73.8256,-53.1221],[-73.7898,-53.1367],[-73.7956,-53.174],[-73.8828,-53.0626],[-73.8963,-53.1048],[-73.9412,-53.093],[-73.9663,-53.1068],[-74.0494,-53.0778],[-74.0411,-53.068],[-74.1071,-53.0565],[-73.9835,-53.1077],[-74.0318,-53.1332],[-74.0878,-53.1024],[-74.0478,-53.1307],[-74.0733,-53.1381],[-74.1037,-53.0975],[-74.1107,-53.1278],[-74.1376,-53.0857],[-74.1275,-53.1271],[-74.1491,-53.1016],[-74.1703,-53.1019],[-74.1534,-53.1249],[-74.1894,-53.1184],[-74.1946,-53.0774],[-74.2452,-53.0341],[-74.2141,-53.0877],[-74.2296,-53.1426],[-74.2607,-53.1451],[-74.239,-53.1248],[-74.256,-53.1141],[-74.2637,-53.125],[-74.2662,-53.093],[-74.2681,-53.1197],[-74.317,-53.1281],[-74.3359,-53.0903],[-74.2937,-53.0529],[-74.3155,-53.056],[-74.3236,-53.0265],[-74.3299,-53.0647],[-74.3664,-53.082],[-74.3618,-53.0599],[-74.4064,-53.0461],[-74.382,-53.0362],[-74.4197,-53.0067],[-74.3986,-52.9919],[-74.4359,-53.0051],[-74.4521,-52.9572],[-74.4351,-52.9599],[-74.4495,-52.9538],[-74.47,-52.9623],[-74.4501,-53.0105],[-74.4764,-52.9998],[-74.4668,-52.9818],[-74.4932,-52.9896],[-74.5199,-52.9695],[-74.4744,-52.9141],[-74.5199,-52.9161],[-74.5102,-52.9535],[-74.5197,-52.943],[-74.5626,-52.9629],[-74.5861,-52.9476],[-74.6057,-52.912],[-74.5679,-52.8991],[-74.649,-52.8561],[-74.6353,-52.8418],[-74.587,-52.8521],[-74.6154,-52.8681],[-74.5453,-52.8651],[-74.5784,-52.8633],[-74.5842,-52.8324],[-74.6766,-52.826],[-74.6842,-52.8119],[-74.6166,-52.8168],[-74.6568,-52.8103],[-74.6265,-52.7935],[-74.6582,-52.8077],[-74.7071,-52.7951],[-74.6891,-52.7868],[-74.7201,-52.7751],[-74.7293,-52.7321],[-74.6773,-52.7399],[-74.683,-52.7168],[-74.5943,-52.7874],[-74.5808,-52.7714],[-74.5401,-52.7897],[-74.5674,-52.8136],[-74.5023,-52.7983],[-74.4301,-52.8294],[-74.5108,-52.8479],[-74.419,-52.8469],[-74.4531,-52.8668]]],[[[-73.5357,-52.9609],[-73.5769,-53.0017],[-73.5948,-52.9873],[-73.5558,-52.9674],[-73.5869,-52.9647],[-73.5507,-52.9311],[-73.4805,-52.9711],[-73.5357,-52.9609]]],[[[-73.5657,-52.8889],[-73.6243,-52.8522],[-73.6043,-52.8324],[-73.5515,-52.8623],[-73.4246,-52.8921],[-73.4059,-52.8806],[-73.3303,-52.9257],[-73.3721,-52.9119],[-73.3374,-52.9379],[-73.3757,-52.9524],[-73.361,-52.9648],[-73.41,-52.9726],[-73.4968,-52.9459],[-73.469,-52.9225],[-73.4122,-52.9328],[-73.5392,-52.8946],[-73.5409,-52.9153],[-73.6107,-52.8911],[-73.6115,-52.9081],[-73.652,-52.9202],[-73.7025,-52.9065],[-73.7194,-52.9226],[-73.7962,-52.9266],[-73.7708,-52.8996],[-73.729,-52.9146],[-73.7503,-52.877],[-73.7303,-52.8657],[-73.7324,-52.8711],[-73.6871,-52.8768],[-73.7273,-52.868],[-73.7085,-52.8652],[-73.6478,-52.8791],[-73.6903,-52.8623],[-73.6466,-52.859],[-73.5657,-52.8889]]],[[[-73.7762,-52.8867],[-73.8042,-52.9132],[-73.8367,-52.8903],[-73.798,-52.8775],[-73.7762,-52.8867]]],[[[-73.4474,-52.7726],[-73.3997,-52.7954],[-73.4176,-52.8154],[-73.4474,-52.7726]]],[[[-73.4847,-52.7737],[-73.4534,-52.7978],[-73.5141,-52.7827],[-73.4847,-52.7737]]],[[[-73.6324,-52.7859],[-73.6972,-52.7894],[-73.6519,-52.773],[-73.6975,-52.7712],[-73.6546,-52.7564],[-73.6398,-52.7603],[-73.6324,-52.7859]]],[[[-73.6461,-52.7294],[-73.5775,-52.7543],[-73.597,-52.7825],[-73.6461,-52.7294]]],[[[-73.6636,-52.6735],[-73.6524,-52.6835],[-73.6759,-52.6865],[-73.6636,-52.6735]]],[[[-73.6227,-52.6717],[-73.6442,-52.6825],[-73.6585,-52.6689],[-73.6378,-52.6642],[-73.6227,-52.6717]]],[[[-73.7164,-52.5829],[-73.8045,-52.5484],[-73.753,-52.5814],[-73.7799,-52.5926],[-73.7489,-52.5863],[-73.7243,-52.604],[-73.733,-52.5919],[-73.7013,-52.5915],[-73.7163,-52.6442],[-73.7549,-52.6722],[-73.7479,-52.6489],[-73.7721,-52.6404],[-73.7623,-52.6764],[-73.81,-52.7012],[-73.7553,-52.6857],[-73.7658,-52.7018],[-73.8026,-52.7234],[-73.8452,-52.7207],[-73.837,-52.7027],[-73.866,-52.7076],[-73.8366,-52.7282],[-73.9136,-52.7517],[-73.9426,-52.7317],[-73.9369,-52.706],[-73.8673,-52.6744],[-73.8593,-52.6649],[-73.9038,-52.6799],[-73.8176,-52.6002],[-73.9142,-52.668],[-73.9508,-52.6817],[-73.9672,-52.667],[-73.842,-52.5711],[-73.9001,-52.5951],[-73.8811,-52.5783],[-73.9043,-52.5804],[-73.9073,-52.5475],[-73.9055,-52.5865],[-73.9715,-52.6257],[-73.9829,-52.5985],[-73.984,-52.6211],[-73.9692,-52.6271],[-73.988,-52.6437],[-74.0096,-52.6381],[-73.9948,-52.6486],[-74.0497,-52.6395],[-74.0376,-52.6302],[-74.0721,-52.6416],[-74.0252,-52.6148],[-74.0368,-52.5932],[-73.9838,-52.5807],[-73.9977,-52.5583],[-73.959,-52.5611],[-73.9521,-52.5471],[-73.9828,-52.5554],[-73.9985,-52.5332],[-73.8681,-52.4781],[-73.9282,-52.5314],[-73.8687,-52.518],[-73.8831,-52.5508],[-73.8428,-52.5295],[-73.8747,-52.5069],[-73.8127,-52.467],[-73.8272,-52.4414],[-73.7671,-52.4578],[-73.7828,-52.4439],[-73.7575,-52.4397],[-73.7874,-52.4354],[-73.7447,-52.4214],[-73.6841,-52.4428],[-73.6856,-52.4665],[-73.6486,-52.4909],[-73.693,-52.5144],[-73.725,-52.5051],[-73.6927,-52.5294],[-73.7157,-52.5509],[-73.7416,-52.5363],[-73.7164,-52.5829]]],[[[-73.6336,-52.5675],[-73.6587,-52.5832],[-73.688,-52.5652],[-73.6795,-52.5496],[-73.6336,-52.5675]]],[[[-73.6423,-52.5131],[-73.6242,-52.5304],[-73.651,-52.5285],[-73.6423,-52.5131]]],[[[-73.5773,-52.4857],[-73.601,-52.4645],[-73.5718,-52.4699],[-73.5773,-52.4857]]],[[[-73.835,-52.4573],[-73.842,-52.4746],[-73.876,-52.4729],[-73.835,-52.4573]]],[[[-73.8442,-52.4298],[-73.8506,-52.4556],[-73.8685,-52.4502],[-73.9178,-52.4853],[-73.9618,-52.4778],[-73.95,-52.4656],[-73.9825,-52.4704],[-73.8851,-52.4048],[-73.8442,-52.4298]]],[[[-73.9685,-52.4272],[-74.0377,-52.4508],[-74.0826,-52.4438],[-73.9867,-52.417],[-73.9685,-52.4272]]],[[[-73.7177,-52.2974],[-73.7108,-52.3268],[-73.7352,-52.3071],[-73.7177,-52.2974]]],[[[-73.7329,-52.3386],[-73.7492,-52.357],[-73.7212,-52.4228],[-73.761,-52.4062],[-73.7774,-52.4236],[-73.8535,-52.4052],[-73.8821,-52.3835],[-73.8479,-52.3833],[-73.8701,-52.3769],[-73.8475,-52.3572],[-73.7926,-52.3675],[-73.7645,-52.355],[-73.9839,-52.2725],[-74.0208,-52.2264],[-73.983,-52.2379],[-73.9842,-52.2235],[-74.0362,-52.22],[-74.0457,-52.1968],[-74.0779,-52.1912],[-74.0729,-52.1673],[-74.0096,-52.1355],[-74.0007,-52.176],[-73.8947,-52.1953],[-73.7516,-52.2737],[-73.7482,-52.319],[-73.7644,-52.3156],[-73.7813,-52.3435],[-73.7645,-52.3472],[-73.7599,-52.3212],[-73.7329,-52.3386]]],[[[-74.1364,-52.2395],[-74.1225,-52.2296],[-74.1531,-52.2271],[-74.1372,-52.2137],[-74.1723,-52.2212],[-74.2223,-52.2038],[-74.1846,-52.1892],[-74.0267,-52.2437],[-73.9569,-52.3151],[-73.9416,-52.3253],[-73.9695,-52.2898],[-73.9004,-52.3397],[-73.9053,-52.3646],[-74.0536,-52.2968],[-74.0927,-52.256],[-74.1364,-52.2395]]],[[[-73.6773,-52.2516],[-73.6912,-52.2802],[-73.7673,-52.2505],[-73.7638,-52.2333],[-73.7206,-52.249],[-73.7554,-52.2262],[-73.7454,-52.2083],[-73.6773,-52.2516]]],[[[-73.9285,-52.171],[-73.9095,-52.1419],[-73.8087,-52.1821],[-73.7963,-52.2354],[-73.8417,-52.1992],[-73.9285,-52.171]]],[[[-73.9252,-52.1036],[-73.9744,-52.1271],[-74.0339,-52.0796],[-74.0243,-52.0654],[-73.9252,-52.1036]]],[[[-74.271,-51.8104],[-74.2712,-51.8242],[-74.2035,-51.8197],[-74.1934,-51.8524],[-74.1737,-51.8363],[-74.1447,-51.8474],[-74.1395,-51.8844],[-74.1872,-51.8969],[-74.1527,-51.8911],[-74.1382,-51.907],[-74.1279,-51.8839],[-74.1171,-51.8987],[-74.0888,-51.8748],[-74.0545,-51.8838],[-74.0992,-51.9214],[-74.0978,-51.9599],[-74.0942,-51.9202],[-74.0665,-51.9016],[-74.0575,-51.921],[-74.0368,-51.9018],[-73.9683,-51.9553],[-73.9935,-51.9984],[-73.9609,-51.9549],[-73.9364,-51.9742],[-73.9579,-51.9404],[-73.8586,-51.9916],[-73.8447,-52.0182],[-73.7533,-52.0695],[-73.6896,-52.1437],[-73.7153,-52.1542],[-73.6886,-52.1645],[-73.7011,-52.1807],[-73.6723,-52.167],[-73.642,-52.225],[-73.6869,-52.2182],[-73.866,-52.1218],[-73.8651,-52.098],[-73.8209,-52.0937],[-73.835,-52.082],[-73.813,-52.0604],[-73.8437,-52.0478],[-73.8323,-52.032],[-73.8507,-52.0466],[-73.8917,-52.022],[-73.8867,-52.0341],[-73.8265,-52.0588],[-73.876,-52.1043],[-73.9333,-52.0916],[-74.0044,-52.0616],[-73.9942,-52.047],[-74.0302,-52.0536],[-74.0881,-52.0294],[-74.0896,-52.006],[-73.9469,-52.0506],[-74.0814,-51.9966],[-74.0948,-51.9626],[-74.114,-51.9824],[-74.1121,-51.9706],[-74.1614,-51.9648],[-74.1604,-51.9418],[-74.2113,-51.9563],[-74.2536,-51.9389],[-74.2256,-51.9142],[-74.2856,-51.9223],[-74.2714,-51.8937],[-74.2978,-51.909],[-74.3648,-51.8928],[-74.3761,-51.8748],[-74.3528,-51.8734],[-74.4117,-51.8448],[-74.369,-51.8156],[-74.3955,-51.796],[-74.401,-51.8187],[-74.4216,-51.8153],[-74.4329,-51.7803],[-74.4697,-51.7597],[-74.414,-51.7717],[-74.4645,-51.7561],[-74.5055,-51.7078],[-74.3337,-51.7554],[-74.3719,-51.7839],[-74.2875,-51.7643],[-74.3262,-51.7901],[-74.2715,-51.7793],[-74.3013,-51.7937],[-74.3071,-51.8327],[-74.2784,-51.8414],[-74.271,-51.8104]]],[[[-73.7876,-51.8934],[-73.7712,-51.9023],[-73.79,-51.9137],[-73.6887,-51.9757],[-73.746,-52.0245],[-73.8618,-51.9479],[-73.8068,-51.933],[-73.829,-51.9151],[-73.7962,-51.9154],[-73.7876,-51.8934]]],[[[-73.7004,-51.8873],[-73.7094,-51.947],[-73.7986,-51.8533],[-73.7589,-51.8258],[-73.7004,-51.8873]]],[[[-73.9849,-51.8223],[-73.9395,-51.8187],[-73.9033,-51.7847],[-73.7867,-51.8743],[-73.8453,-51.9101],[-73.8299,-51.9185],[-73.8581,-51.91],[-73.8603,-51.8828],[-73.8958,-51.8964],[-73.9571,-51.8915],[-73.9272,-51.8445],[-73.9849,-51.8223]]],[[[-74.023,-51.8181],[-74.0593,-51.7988],[-73.9972,-51.8123],[-74.023,-51.8181]]],[[[-73.9891,-51.8008],[-73.9735,-51.8059],[-74.0023,-51.8072],[-73.9891,-51.8008]]],[[[-73.6091,-51.758],[-73.5931,-51.7868],[-73.6405,-51.8015],[-73.6091,-51.758]]],[[[-73.8206,-51.7325],[-73.8122,-51.7189],[-73.7782,-51.7233],[-73.7452,-51.7742],[-73.7908,-51.7799],[-73.8087,-51.7979],[-73.7734,-51.8015],[-73.7914,-51.8134],[-73.8673,-51.7669],[-73.8716,-51.719],[-73.884,-51.7346],[-73.9228,-51.7028],[-73.9376,-51.6493],[-73.9102,-51.6645],[-73.8891,-51.6542],[-73.8746,-51.6929],[-73.8351,-51.6838],[-73.8227,-51.7109],[-73.8548,-51.7332],[-73.8519,-51.7566],[-73.7968,-51.7363],[-73.8206,-51.7325]]],[[[-74.0156,-51.7035],[-74.0567,-51.7252],[-74.0154,-51.7085],[-74.0049,-51.7277],[-73.9518,-51.7314],[-73.9573,-51.7158],[-73.9253,-51.7377],[-73.9074,-51.7743],[-73.9515,-51.813],[-73.9871,-51.7922],[-74.017,-51.8031],[-74.0417,-51.7843],[-74.0685,-51.7893],[-74.048,-51.7711],[-74.0841,-51.7863],[-74.1543,-51.7497],[-74.1365,-51.7351],[-74.1864,-51.7465],[-74.2472,-51.7207],[-74.1936,-51.7246],[-74.2381,-51.7055],[-74.2286,-51.6753],[-74.1572,-51.6968],[-74.1978,-51.6615],[-74.1649,-51.6695],[-74.1701,-51.6479],[-74.1499,-51.6692],[-74.0821,-51.68],[-74.1334,-51.6668],[-74.1012,-51.648],[-74.151,-51.6138],[-74.0916,-51.6272],[-74.1498,-51.5936],[-74.1119,-51.6018],[-74.1202,-51.5869],[-74.0735,-51.6196],[-74.0889,-51.5956],[-74.0389,-51.5983],[-74.0836,-51.5881],[-74.1073,-51.5655],[-74.0931,-51.5551],[-74.119,-51.5493],[-74.0895,-51.5511],[-74.0972,-51.5376],[-74.0576,-51.5517],[-74.0544,-51.528],[-74.0322,-51.5675],[-74.0836,-51.554],[-74.0266,-51.579],[-74.0217,-51.6406],[-73.9829,-51.6821],[-74.0061,-51.6952],[-73.9722,-51.7015],[-73.9888,-51.7118],[-74.0156,-51.7035]]],[[[-73.8727,-51.6387],[-73.8226,-51.6497],[-73.854,-51.6591],[-73.8727,-51.6387]]],[[[-73.9372,-51.5797],[-73.944,-51.6105],[-73.9587,-51.5913],[-73.9372,-51.5797]]],[[[-73.9649,-51.5698],[-73.957,-51.5375],[-73.9424,-51.5563],[-73.9649,-51.5698]]],[[[-73.929,-51.4808],[-73.9319,-51.4679],[-73.9229,-51.4816],[-73.9267,-51.5025],[-73.9429,-51.5123],[-73.9407,-51.494],[-73.9695,-51.5062],[-73.9744,-51.4869],[-73.952,-51.4744],[-73.9437,-51.4846],[-73.929,-51.4808]]],[[[-73.742,-51.3947],[-73.7475,-51.421],[-73.7798,-51.3907],[-73.7662,-51.3814],[-73.742,-51.3947]]],[[[-73.9132,-51.3663],[-73.9519,-51.3965],[-73.9531,-51.3779],[-73.9132,-51.3663]]],[[[-73.8937,-51.3094],[-73.8817,-51.2764],[-73.8022,-51.2451],[-73.7247,-51.3037],[-73.7308,-51.3778],[-73.8593,-51.3627],[-73.8347,-51.3425],[-73.8696,-51.3531],[-73.8722,-51.3351],[-73.7998,-51.3065],[-73.8707,-51.3283],[-73.8937,-51.3094]]],[[[-74.0947,-51.3182],[-74.1062,-51.2858],[-74.0989,-51.2322],[-74.0519,-51.2196],[-73.9558,-51.2296],[-73.9228,-51.3338],[-73.964,-51.342],[-73.9735,-51.3123],[-73.9668,-51.3488],[-74.0362,-51.3866],[-74.0862,-51.3372],[-74.0685,-51.3111],[-74.0947,-51.3182]]],[[[-73.4909,-49.8169],[-73.5066,-49.8912],[-73.5493,-49.9071],[-73.5606,-49.9421],[-73.4817,-49.9701],[-73.4511,-49.9611],[-73.4356,-50.0099],[-73.4631,-50.0546],[-73.4971,-50.0496],[-73.4756,-50.0895],[-73.5141,-50.1063],[-73.5215,-50.1536],[-73.4632,-50.1846],[-73.4313,-50.1811],[-73.416,-50.2003],[-73.4519,-50.2412],[-73.3626,-50.3011],[-73.4378,-50.3436],[-73.4361,-50.3628],[-73.4169,-50.3817],[-73.3702,-50.3724],[-73.3875,-50.3922],[-73.3583,-50.4287],[-73.3655,-50.4878],[-73.3373,-50.4972],[-73.3645,-50.5186],[-73.3327,-50.5708],[-73.1936,-50.6153],[-73.1456,-50.6509],[-73.1876,-50.7247],[-73.184,-50.7584],[-73.1494,-50.766],[-73.201,-50.8204],[-73.1455,-50.7819],[-73.0962,-50.7727],[-73.0696,-50.7892],[-73.0419,-50.7612],[-73.0031,-50.7636],[-72.9551,-50.741],[-72.8898,-50.6692],[-72.7305,-50.6144],[-72.6926,-50.6491],[-72.6255,-50.6581],[-72.5958,-50.6818],[-72.545,-50.6203],[-72.4896,-50.6007],[-72.4045,-50.6369],[-72.3533,-50.6178],[-72.3378,-50.6494],[-72.2883,-50.6572],[-72.3005,-50.7069],[-72.3367,-50.7189],[-72.3494,-50.7531],[-72.2866,-50.8019],[-72.2468,-50.8782],[-72.2656,-51.0357],[-72.3741,-51.0232],[-72.3762,-51.08],[-72.4085,-51.1076],[-72.3482,-51.204],[-72.303,-51.2018],[-72.2586,-51.2442],[-72.2685,-51.2828],[-72.3715,-51.3367],[-72.3088,-51.366],[-72.3096,-51.4022],[-72.3381,-51.4244],[-72.3271,-51.4679],[-72.3513,-51.4845],[-72.3446,-51.5206],[-72.4048,-51.5135],[-72.3928,-51.5251],[-72.4414,-51.5853],[-72.327,-51.5874],[-72.3191,-51.6254],[-72.2832,-51.6382],[-72.2962,-51.6999],[-72.2296,-51.7029],[-72.1605,-51.726],[-72.1824,-51.7369],[-72.1219,-51.744],[-72.1106,-51.7691],[-72.0765,-51.773],[-71.9481,-51.874],[-71.9319,-51.9202],[-72.0286,-51.9679],[-71.9654,-51.9721],[-71.9225,-52],[-71.6807,-51.9998],[-70.8756,-51.9997],[-69.9955,-52.0007],[-69.4866,-52.1516],[-69.1901,-52.15],[-68.9869,-52.2036],[-68.838,-52.2777],[-68.586,-52.3067],[-68.5735,-52.3252],[-68.4186,-52.3325],[-68.433,-52.3983],[-68.4853,-52.3398],[-68.5642,-52.3444],[-68.6965,-52.3135],[-68.7816,-52.3215],[-68.9243,-52.3039],[-68.9765,-52.2902],[-69.0758,-52.2213],[-69.1707,-52.1945],[-69.2242,-52.1988],[-69.3485,-52.2538],[-69.4658,-52.2741],[-69.4865,-52.3605],[-69.4699,-52.3826],[-69.4922,-52.3951],[-69.4753,-52.396],[-69.5191,-52.3951],[-69.5041,-52.4133],[-69.5465,-52.4089],[-69.5413,-52.4546],[-69.6702,-52.5397],[-69.7817,-52.5353],[-69.855,-52.4876],[-70.022,-52.5585],[-70.1666,-52.5898],[-70.2115,-52.6522],[-70.3188,-52.6408],[-70.3268,-52.659],[-70.55,-52.7247],[-70.5657,-52.7116],[-70.5008,-52.6775],[-70.5156,-52.6596],[-70.5793,-52.6738],[-70.5876,-52.6909],[-70.5542,-52.7003],[-70.5934,-52.7159],[-70.6256,-52.7033],[-70.7015,-52.7356],[-70.6925,-52.7443],[-70.7118,-52.7589],[-70.7031,-52.7426],[-70.7251,-52.748],[-70.7464,-52.7105],[-70.7999,-52.7573],[-70.8005,-52.7754],[-70.8339,-52.7763],[-70.736,-52.7854],[-70.759,-52.8124],[-70.7772,-52.8098],[-70.8156,-52.8235],[-70.7973,-52.8181],[-70.8152,-52.8324],[-70.8035,-52.851],[-70.8367,-52.8589],[-70.846,-52.9099],[-70.8865,-52.9103],[-70.7818,-52.9374],[-70.8254,-52.9615],[-70.8158,-53.0066],[-70.8784,-53.1016],[-70.8537,-53.13],[-70.9376,-53.2047],[-70.9347,-53.3148],[-70.9886,-53.3896],[-70.9116,-53.6326],[-70.9516,-53.6222],[-70.9726,-53.7851],[-71.2292,-53.8862],[-71.3115,-53.896],[-71.4166,-53.8501],[-71.6591,-53.809],[-71.7641,-53.7643],[-71.8526,-53.748],[-71.9239,-53.7023],[-71.8784,-53.6826],[-71.9365,-53.7033],[-71.9425,-53.7197],[-71.9986,-53.6838],[-71.9925,-53.696],[-72.0367,-53.7055],[-72.1491,-53.667],[-72.1951,-53.6201],[-72.3496,-53.545],[-72.3728,-53.4956],[-72.398,-53.5036],[-72.4354,-53.4681],[-72.4777,-53.395],[-72.4624,-53.3715],[-72.4542,-53.3876],[-72.422,-53.3733],[-72.4445,-53.3262],[-72.3077,-53.2537],[-72.1719,-53.2566],[-72.1766,-53.2723],[-72.1202,-53.2529],[-72.0955,-53.3296],[-72.1135,-53.3875],[-72.1574,-53.3872],[-72.1514,-53.4082],[-72.2018,-53.4317],[-72.285,-53.4302],[-72.2197,-53.4503],[-72.179,-53.4401],[-72.0983,-53.4146],[-72.0769,-53.386],[-72.0184,-53.3788],[-72.0447,-53.2854],[-72.0201,-53.2335],[-71.8698,-53.2258],[-71.8254,-53.2744],[-71.8277,-53.3626],[-71.766,-53.4379],[-71.7843,-53.4327],[-71.8093,-53.4689],[-71.907,-53.498],[-71.9161,-53.5156],[-71.9898,-53.5204],[-72.0751,-53.5499],[-72.0946,-53.5417],[-72.1205,-53.5574],[-72.0418,-53.5519],[-72.0391,-53.5403],[-72.0048,-53.5502],[-72.006,-53.5663],[-71.9721,-53.5656],[-71.9034,-53.5337],[-71.8738,-53.5415],[-71.8166,-53.5199],[-71.7477,-53.4462],[-71.7729,-53.409],[-71.7494,-53.3725],[-71.7838,-53.3057],[-71.7477,-53.3154],[-71.7686,-53.2869],[-71.7307,-53.2378],[-71.7414,-53.2098],[-71.6139,-53.2042],[-71.5916,-53.1655],[-71.5437,-53.17],[-71.506,-53.1421],[-71.4177,-53.1428],[-71.341,-53.1134],[-71.2451,-52.9884],[-71.1144,-52.9068],[-71.1408,-52.8363],[-71.1841,-52.8089],[-71.215,-52.8138],[-71.2502,-52.7928],[-71.318,-52.8032],[-71.3744,-52.7999],[-71.3983,-52.7516],[-71.384,-52.7198],[-71.5591,-52.5629],[-71.6369,-52.5773],[-71.9219,-52.5434],[-71.9685,-52.5599],[-72.0287,-52.5466],[-72.0333,-52.5642],[-72.1209,-52.5173],[-72.1379,-52.5448],[-72.1568,-52.5213],[-72.1951,-52.5379],[-72.2126,-52.5298],[-72.2387,-52.5513],[-72.2783,-52.5286],[-72.3219,-52.5324],[-72.3526,-52.547],[-72.3526,-52.5808],[-72.4443,-52.6308],[-72.3997,-52.6286],[-72.4317,-52.6755],[-72.5629,-52.6029],[-72.489,-52.5555],[-72.3817,-52.5569],[-72.4033,-52.5082],[-72.4952,-52.5541],[-72.5224,-52.5451],[-72.5723,-52.5893],[-72.6582,-52.5583],[-72.6089,-52.5232],[-72.7712,-52.5778],[-72.8642,-52.542],[-72.8381,-52.5547],[-72.8716,-52.5541],[-72.8447,-52.5761],[-72.8988,-52.5847],[-72.8565,-52.5998],[-72.8245,-52.5924],[-72.8661,-52.6079],[-72.9296,-52.5879],[-72.8725,-52.6195],[-72.9946,-52.757],[-72.8571,-52.6194],[-72.7863,-52.6219],[-72.8098,-52.6476],[-72.757,-52.6231],[-72.7425,-52.632],[-72.7741,-52.6498],[-72.7395,-52.6369],[-72.6721,-52.6804],[-72.8712,-52.8172],[-72.9393,-52.7925],[-72.9203,-52.8137],[-73.0072,-52.8488],[-73.0122,-52.8573],[-73.0408,-52.8525],[-72.9349,-52.9141],[-72.9755,-52.9413],[-72.94,-53.0032],[-72.9634,-53.0063],[-72.9495,-53.0321],[-72.9852,-53.0733],[-73.0067,-53.0773],[-73.0423,-53.0417],[-73.0258,-53.0736],[-73.1364,-53.1146],[-73.1251,-53.1007],[-73.1824,-53.0628],[-73.1338,-53.0268],[-73.2006,-53.0177],[-73.1781,-53.036],[-73.2125,-53.038],[-73.1835,-53.0463],[-73.1991,-53.0802],[-73.1628,-53.0954],[-73.2144,-53.112],[-73.2411,-53.0867],[-73.249,-53.0989],[-73.3343,-53.0813],[-73.3294,-53.0618],[-73.376,-53.0698],[-73.3412,-53.0458],[-73.3829,-53.0602],[-73.3776,-53.0401],[-73.4146,-53.0423],[-73.4474,-53.0212],[-73.3743,-52.9981],[-73.3233,-53.0162],[-73.2848,-53.0103],[-73.3862,-52.9796],[-73.3362,-52.976],[-73.3205,-52.953],[-73.2851,-52.9697],[-73.2948,-52.9533],[-73.2341,-52.9825],[-73.274,-52.9528],[-73.2308,-52.9502],[-73.2237,-52.9197],[-73.1492,-52.925],[-73.155,-52.9104],[-73.2355,-52.9172],[-73.2654,-52.94],[-73.3081,-52.9207],[-73.2771,-52.8938],[-73.3289,-52.9223],[-73.3638,-52.8751],[-73.4449,-52.8673],[-73.441,-52.8797],[-73.573,-52.812],[-73.5216,-52.7925],[-73.4425,-52.8081],[-73.4222,-52.8203],[-73.4737,-52.8442],[-73.4145,-52.8256],[-73.3844,-52.7953],[-73.3578,-52.8111],[-73.3911,-52.8467],[-73.3584,-52.8163],[-73.314,-52.8335],[-73.2987,-52.8011],[-73.2609,-52.8056],[-73.2478,-52.8294],[-73.2532,-52.8122],[-73.2145,-52.8111],[-73.1933,-52.7877],[-73.2423,-52.8058],[-73.251,-52.7621],[-73.301,-52.7857],[-73.2902,-52.7263],[-73.2692,-52.7282],[-73.2679,-52.7627],[-73.2258,-52.6683],[-73.1645,-52.6774],[-73.1245,-52.6646],[-73.1411,-52.6254],[-73.12,-52.5844],[-73.0625,-52.5882],[-73.1058,-52.5764],[-73.1004,-52.5368],[-73.0241,-52.5292],[-72.9565,-52.5563],[-72.9222,-52.5435],[-72.9316,-52.5548],[-72.8616,-52.5721],[-72.923,-52.5253],[-72.9218,-52.5406],[-73.0074,-52.5233],[-73.0941,-52.5333],[-73.179,-52.456],[-73.1615,-52.5221],[-73.2499,-52.5131],[-73.1836,-52.5393],[-73.1552,-52.5314],[-73.1278,-52.5942],[-73.2159,-52.6344],[-73.2508,-52.6783],[-73.2403,-52.6977],[-73.3052,-52.7049],[-73.3309,-52.6576],[-73.3118,-52.6328],[-73.3356,-52.6348],[-73.3909,-52.56],[-73.3618,-52.613],[-73.4021,-52.5991],[-73.3556,-52.621],[-73.3572,-52.6578],[-73.43,-52.6861],[-73.4133,-52.6611],[-73.4403,-52.6475],[-73.4643,-52.6954],[-73.5246,-52.6711],[-73.5264,-52.6882],[-73.5011,-52.6967],[-73.5045,-52.7167],[-73.5077,-52.6973],[-73.5345,-52.6985],[-73.5748,-52.738],[-73.6535,-52.7253],[-73.6428,-52.7572],[-73.6523,-52.7519],[-73.6933,-52.7616],[-73.6999,-52.7549],[-73.7225,-52.7562],[-73.6313,-52.6782],[-73.6121,-52.6734],[-73.6129,-52.6936],[-73.5498,-52.659],[-73.6239,-52.6615],[-73.6685,-52.6342],[-73.6073,-52.5786],[-73.5604,-52.591],[-73.6211,-52.5513],[-73.524,-52.5883],[-73.5784,-52.5243],[-73.5389,-52.5151],[-73.5565,-52.5034],[-73.5373,-52.4902],[-73.4525,-52.5153],[-73.4673,-52.4892],[-73.5391,-52.4768],[-73.496,-52.4244],[-73.5566,-52.4834],[-73.5603,-52.4692],[-73.5971,-52.4629],[-73.5995,-52.4316],[-73.6087,-52.4621],[-73.6504,-52.4299],[-73.6321,-52.3903],[-73.5687,-52.4043],[-73.5496,-52.3904],[-73.5783,-52.3415],[-73.5333,-52.3424],[-73.5992,-52.2992],[-73.5735,-52.2784],[-73.5895,-52.2563],[-73.5483,-52.2273],[-73.5595,-52.2042],[-73.5987,-52.2082],[-73.5919,-52.158],[-73.626,-52.1754],[-73.7306,-52.0676],[-73.7063,-52.0247],[-73.662,-52.0373],[-73.6687,-52.0663],[-73.5867,-52.1276],[-73.5854,-52.1616],[-73.5448,-52.1426],[-73.5363,-52.1884],[-73.5081,-52.1922],[-73.4857,-52.1831],[-73.4996,-52.1636],[-73.4717,-52.1682],[-73.5199,-52.1404],[-73.4518,-52.133],[-73.3643,-52.2214],[-73.2525,-52.2002],[-73.2194,-52.1471],[-73.2274,-52.1111],[-73.1632,-52.1184],[-73.1537,-52.1409],[-73.1231,-52.1009],[-73,-52.0611],[-73.0126,-52.1493],[-73.1195,-52.1312],[-73.1407,-52.1476],[-73.1166,-52.1386],[-73.0577,-52.1604],[-73.128,-52.2357],[-73.1021,-52.2249],[-73.0877,-52.2393],[-73.0566,-52.1831],[-73.0008,-52.1801],[-72.9484,-52.2041],[-72.9424,-52.2642],[-72.9785,-52.2768],[-72.9941,-52.3059],[-72.9619,-52.279],[-72.8858,-52.2907],[-72.9141,-52.2697],[-72.878,-52.281],[-72.8468,-52.1501],[-72.8031,-52.1079],[-72.8151,-52.0875],[-72.7957,-52.1008],[-72.7381,-52.082],[-72.7639,-52.0576],[-72.8372,-52.0862],[-72.876,-52.141],[-72.8749,-52.189],[-72.9117,-52.2216],[-72.9699,-52.1787],[-72.9783,-52.1476],[-72.9663,-52.0834],[-72.9459,-52.0863],[-72.9571,-52.0459],[-72.9371,-52.0317],[-72.9341,-52.0757],[-72.9109,-52.0826],[-72.8985,-51.98],[-72.8232,-51.9406],[-72.7651,-51.951],[-72.7277,-51.9964],[-72.7126,-52.0916],[-72.6869,-52.0949],[-72.6559,-52.1368],[-72.6511,-52.1062],[-72.6242,-52.1142],[-72.5257,-52.22],[-72.565,-52.2295],[-72.5984,-52.2873],[-72.5768,-52.3036],[-72.5876,-52.331],[-72.6277,-52.3478],[-72.5922,-52.3562],[-72.6235,-52.383],[-72.6838,-52.3458],[-72.7178,-52.3508],[-72.7526,-52.406],[-72.7793,-52.3983],[-72.8069,-52.4052],[-72.7805,-52.4053],[-72.7861,-52.4286],[-72.8175,-52.4317],[-72.851,-52.4056],[-72.8315,-52.442],[-72.918,-52.4826],[-72.9915,-52.49],[-72.9301,-52.5057],[-72.7334,-52.4338],[-72.6179,-52.4598],[-72.6716,-52.437],[-72.6314,-52.4401],[-72.5571,-52.4871],[-72.519,-52.4507],[-72.5459,-52.4618],[-72.6769,-52.4146],[-72.6353,-52.3994],[-72.6232,-52.4179],[-72.5843,-52.4016],[-72.5931,-52.3773],[-72.5605,-52.3883],[-72.5443,-52.365],[-72.5162,-52.3483],[-72.5192,-52.2606],[-72.4896,-52.2546],[-72.4741,-52.2167],[-72.6656,-52.0514],[-72.6619,-51.9542],[-72.6192,-51.9095],[-72.6002,-51.9138],[-72.6067,-51.9563],[-72.5713,-51.9713],[-72.5751,-51.9227],[-72.5319,-51.9483],[-72.4648,-51.9226],[-72.4603,-51.8806],[-72.512,-51.8369],[-72.4526,-51.778],[-72.513,-51.7331],[-72.5141,-51.7031],[-72.6469,-51.6636],[-72.6417,-51.6178],[-72.6873,-51.5642],[-72.6519,-51.6252],[-72.6672,-51.6539],[-72.7058,-51.5693],[-72.7703,-51.5641],[-72.8327,-51.5583],[-72.8669,-51.5365],[-72.9052,-51.5438],[-72.9396,-51.5041],[-72.9927,-51.4883],[-73.0319,-51.4962],[-73.0766,-51.4711],[-73.0877,-51.4159],[-73.177,-51.4663],[-73.2433,-51.4595],[-73.2693,-51.4793],[-73.2058,-51.5113],[-73.1309,-51.4773],[-73.1194,-51.495],[-73.055,-51.4934],[-73.0357,-51.5353],[-73.0948,-51.5886],[-73.1181,-51.5877],[-73.1134,-51.6044],[-73.0336,-51.559],[-72.9985,-51.5104],[-72.9272,-51.5641],[-72.8355,-51.5953],[-72.8236,-51.5731],[-72.7485,-51.6037],[-72.6882,-51.6955],[-72.6439,-51.6801],[-72.6082,-51.7121],[-72.5863,-51.7002],[-72.5312,-51.7173],[-72.5254,-51.7377],[-72.6068,-51.8153],[-72.6415,-51.8294],[-72.7147,-51.813],[-72.7258,-51.8348],[-72.8172,-51.7604],[-72.8882,-51.7493],[-72.8862,-51.7702],[-72.9056,-51.7695],[-72.9202,-51.7406],[-72.9686,-51.7727],[-72.9927,-51.7256],[-73.0459,-51.7146],[-73.0896,-51.6755],[-73.1305,-51.7021],[-73.1483,-51.6695],[-73.1928,-51.6819],[-73.2041,-51.5971],[-73.2317,-51.6243],[-73.2925,-51.5714],[-73.2901,-51.6112],[-73.2247,-51.6464],[-73.2237,-51.6729],[-73.2832,-51.6928],[-73.2254,-51.6808],[-73.1391,-51.7195],[-73.0904,-51.6962],[-73.0397,-51.7261],[-72.9999,-51.7835],[-73.0272,-51.8044],[-73.069,-51.7515],[-73.1219,-51.7534],[-73.1365,-51.7749],[-73.164,-51.7693],[-73.1452,-51.7867],[-73.0733,-51.7547],[-73.0352,-51.8219],[-73.0703,-51.8363],[-73.0751,-51.8626],[-73.1037,-51.8501],[-73.1167,-51.8722],[-73.22,-51.8773],[-73.2108,-51.8919],[-73.0979,-51.8866],[-72.9836,-51.7988],[-72.9132,-51.8499],[-72.9359,-51.8917],[-72.9705,-51.8851],[-73.1234,-51.9385],[-73.1617,-52.0111],[-73.1552,-52.0988],[-73.2288,-52.1009],[-73.2591,-52.0314],[-73.2582,-51.9285],[-73.2842,-51.9006],[-73.2884,-51.9169],[-73.2949,-51.8765],[-73.2619,-51.8834],[-73.2905,-51.8698],[-73.3349,-51.6973],[-73.3996,-51.6381],[-73.3412,-51.7281],[-73.3065,-51.8458],[-73.3175,-51.8855],[-73.2595,-52.1157],[-73.2689,-52.1608],[-73.2992,-52.1608],[-73.3941,-52.1268],[-73.4726,-52.0404],[-73.4736,-52.0746],[-73.5295,-52.0495],[-73.5162,-52.034],[-73.5551,-52.0293],[-73.5933,-51.9282],[-73.5469,-51.935],[-73.6042,-51.9119],[-73.6404,-51.864],[-73.6446,-51.8212],[-73.6292,-51.8078],[-73.598,-51.8142],[-73.5977,-51.7996],[-73.5039,-51.9124],[-73.4919,-51.9433],[-73.528,-51.942],[-73.4729,-51.9561],[-73.3994,-52.0495],[-73.3965,-52.0361],[-73.3706,-52.0429],[-73.4035,-52.0286],[-73.4102,-52.0077],[-73.3696,-52.0165],[-73.4203,-51.9886],[-73.4368,-51.9601],[-73.4188,-51.9582],[-73.4598,-51.9412],[-73.4797,-51.8986],[-73.4194,-51.9009],[-73.4792,-51.8876],[-73.5413,-51.8095],[-73.5,-51.7945],[-73.5473,-51.7981],[-73.594,-51.7512],[-73.5452,-51.7297],[-73.5545,-51.757],[-73.4998,-51.6972],[-73.444,-51.6757],[-73.5487,-51.7141],[-73.5548,-51.6796],[-73.5626,-51.7177],[-73.6107,-51.7196],[-73.634,-51.6838],[-73.6209,-51.6435],[-73.6683,-51.7487],[-73.6989,-51.7504],[-73.682,-51.7856],[-73.7054,-51.7935],[-73.7552,-51.7371],[-73.738,-51.7193],[-73.8075,-51.7006],[-73.7741,-51.6882],[-73.7847,-51.6731],[-73.8097,-51.6834],[-73.7949,-51.6653],[-73.8232,-51.6651],[-73.8115,-51.6509],[-73.772,-51.6603],[-73.7369,-51.6479],[-73.7724,-51.6516],[-73.8281,-51.6263],[-73.8786,-51.6327],[-73.8865,-51.6201],[-73.8612,-51.6185],[-73.8923,-51.6069],[-73.9198,-51.6242],[-73.9097,-51.5705],[-73.8863,-51.588],[-73.8245,-51.5924],[-73.8655,-51.5773],[-73.8542,-51.5446],[-73.7814,-51.549],[-73.8186,-51.5401],[-73.8062,-51.5292],[-73.858,-51.5318],[-73.8682,-51.5483],[-73.9146,-51.539],[-73.8976,-51.5403],[-73.9232,-51.5145],[-73.8834,-51.5103],[-73.9195,-51.5025],[-73.9239,-51.4682],[-73.8727,-51.4765],[-73.9381,-51.4399],[-73.9029,-51.4119],[-73.9594,-51.4144],[-73.9139,-51.4057],[-73.8997,-51.3684],[-73.856,-51.4038],[-73.8086,-51.3925],[-73.749,-51.476],[-73.7369,-51.4427],[-73.6546,-51.5436],[-73.6615,-51.5738],[-73.6339,-51.597],[-73.6532,-51.6046],[-73.6207,-51.6144],[-73.6213,-51.6312],[-73.5845,-51.6183],[-73.5859,-51.601],[-73.6166,-51.5819],[-73.6285,-51.5374],[-73.6638,-51.5168],[-73.6805,-51.4773],[-73.6528,-51.5218],[-73.597,-51.5219],[-73.5774,-51.5433],[-73.5753,-51.5141],[-73.6346,-51.5118],[-73.6357,-51.4604],[-73.5591,-51.4495],[-73.6372,-51.4529],[-73.6791,-51.4305],[-73.7062,-51.3445],[-73.6848,-51.3719],[-73.6859,-51.3528],[-73.7146,-51.3165],[-73.6805,-51.3029],[-73.7747,-51.2472],[-73.7863,-51.2206],[-73.7202,-51.1876],[-73.6895,-51.2763],[-73.663,-51.2799],[-73.6915,-51.2077],[-73.6631,-51.2151],[-73.6404,-51.1985],[-73.6647,-51.2108],[-73.7083,-51.1772],[-73.6732,-51.1409],[-73.7005,-51.1513],[-73.7116,-51.133],[-73.7233,-51.1637],[-73.8247,-51.0635],[-73.7544,-51.1501],[-73.7642,-51.1868],[-73.8092,-51.2053],[-73.8092,-51.1946],[-73.9,-51.2571],[-73.9921,-51.1098],[-74.0171,-51.1439],[-74.0015,-51.2058],[-74.0763,-51.2072],[-74.0713,-51.1899],[-74.1116,-51.1939],[-74.1248,-51.1813],[-74.1299,-51.1066],[-74.106,-51.099],[-74.1405,-51.079],[-74.1278,-51.0544],[-74.1444,-51.0647],[-74.0781,-50.999],[-74.0335,-51.0007],[-74.0758,-50.9816],[-74.0378,-50.9498],[-74.0569,-50.9558],[-74.0664,-50.9375],[-74.081,-50.9697],[-74.1203,-50.9564],[-74.0951,-50.9732],[-74.0952,-50.9897],[-74.1207,-51.0013],[-74.0984,-50.9767],[-74.1231,-50.9894],[-74.1817,-51.0566],[-74.2073,-51.0545],[-74.2114,-50.9891],[-74.2332,-50.9827],[-74.1972,-50.96],[-74.2443,-50.9644],[-74.1946,-50.8886],[-74.0992,-50.8692],[-74.0457,-50.8864],[-73.9547,-50.8861],[-73.9229,-50.9051],[-73.942,-50.8777],[-73.8839,-50.8681],[-73.845,-50.9267],[-73.8703,-50.9388],[-73.762,-50.963],[-73.6985,-50.9573],[-73.6712,-50.9304],[-73.766,-50.9327],[-73.83,-50.8648],[-73.8772,-50.8445],[-73.8337,-50.7989],[-73.8045,-50.7972],[-73.7584,-50.8329],[-73.7169,-50.8274],[-73.7879,-50.7999],[-73.7728,-50.7461],[-73.7983,-50.6832],[-73.7597,-50.6553],[-73.6956,-50.6569],[-73.6404,-50.6335],[-73.6017,-50.6525],[-73.6084,-50.6747],[-73.5932,-50.6534],[-73.5567,-50.6612],[-73.5307,-50.714],[-73.5116,-50.7098],[-73.5326,-50.6655],[-73.499,-50.6813],[-73.353,-50.6841],[-73.5316,-50.6579],[-73.5687,-50.6366],[-73.5589,-50.5925],[-73.58,-50.5983],[-73.5774,-50.6245],[-73.6553,-50.6152],[-73.7456,-50.5435],[-73.6986,-50.4929],[-73.628,-50.503],[-73.5736,-50.4721],[-73.5883,-50.446],[-73.5592,-50.4268],[-73.5496,-50.3768],[-73.6085,-50.4293],[-73.632,-50.4928],[-73.7116,-50.489],[-73.766,-50.5207],[-73.7928,-50.6324],[-73.8305,-50.6786],[-73.8221,-50.7745],[-73.8616,-50.7813],[-73.8774,-50.8022],[-73.9029,-50.7931],[-73.9339,-50.8461],[-74.0104,-50.8222],[-74.0299,-50.8504],[-74.1253,-50.7651],[-74.1029,-50.7642],[-74.0822,-50.7298],[-74.0474,-50.7271],[-74.0522,-50.6907],[-74.0936,-50.7018],[-74.1248,-50.6877],[-74.1071,-50.7072],[-74.1106,-50.7442],[-74.1299,-50.7573],[-74.1425,-50.7443],[-74.1162,-50.7442],[-74.1521,-50.7328],[-74.2276,-50.5868],[-74.2206,-50.5699],[-74.1969,-50.584],[-74.1602,-50.5486],[-74.1001,-50.5783],[-74.0938,-50.6036],[-74.0876,-50.5789],[-74.1317,-50.5416],[-74.1689,-50.5428],[-74.2027,-50.5655],[-74.2313,-50.5578],[-74.2977,-50.4679],[-74.235,-50.4804],[-74.1757,-50.4683],[-74.1812,-50.5099],[-74.1451,-50.5355],[-74.1384,-50.5172],[-74.1025,-50.5287],[-74.1049,-50.5098],[-74.1483,-50.5139],[-74.1636,-50.4801],[-73.9957,-50.5313],[-73.9848,-50.5978],[-73.9706,-50.5324],[-73.8621,-50.5519],[-74.0069,-50.5137],[-74.0145,-50.4547],[-74.0207,-50.4949],[-74.0473,-50.4939],[-74.1579,-50.4323],[-74.0868,-50.4169],[-74.0497,-50.3775],[-73.9683,-50.3789],[-73.9614,-50.36],[-73.9819,-50.3739],[-74.0634,-50.3638],[-74.1006,-50.4119],[-74.1576,-50.4058],[-74.1712,-50.4311],[-74.2136,-50.4127],[-74.2588,-50.4366],[-74.1987,-50.4241],[-74.2,-50.4406],[-74.246,-50.4467],[-74.3084,-50.4255],[-74.2597,-50.4178],[-74.3062,-50.4223],[-74.3251,-50.4055],[-74.2939,-50.3422],[-74.2491,-50.3172],[-74.2443,-50.3308],[-74.1762,-50.3441],[-74.1294,-50.3297],[-74.1763,-50.3389],[-74.25,-50.3157],[-74.2694,-50.3215],[-74.251,-50.3013],[-74.2633,-50.3093],[-74.2722,-50.2944],[-74.281,-50.3107],[-74.2628,-50.2751],[-74.3065,-50.2286],[-74.3244,-50.239],[-74.2942,-50.3032],[-74.3017,-50.3146],[-74.3087,-50.2965],[-74.3489,-50.3863],[-74.3776,-50.3608],[-74.3704,-50.3727],[-74.409,-50.3764],[-74.4738,-50.3492],[-74.4219,-50.3144],[-74.4785,-50.3378],[-74.5462,-50.301],[-74.5234,-50.2803],[-74.4871,-50.2905],[-74.5162,-50.2775],[-74.4633,-50.2654],[-74.5417,-50.2665],[-74.5582,-50.2533],[-74.5346,-50.2283],[-74.5823,-50.2427],[-74.6342,-50.2347],[-74.6211,-50.2096],[-74.5607,-50.1832],[-74.5741,-50.1732],[-74.6405,-50.2212],[-74.6763,-50.2216],[-74.7049,-50.2012],[-74.6821,-50.1615],[-74.5742,-50.1039],[-74.5357,-50.0969],[-74.5195,-50.1129],[-74.5518,-50.1551],[-74.5,-50.1425],[-74.481,-50.1251],[-74.5039,-50.1273],[-74.5231,-50.0789],[-74.4658,-50.081],[-74.4662,-50.108],[-74.4516,-50.1075],[-74.4484,-50.1252],[-74.4476,-50.107],[-74.4637,-50.1065],[-74.4363,-50.0892],[-74.4068,-50.0885],[-74.4072,-50.108],[-74.3962,-50.0892],[-74.356,-50.0916],[-74.3566,-50.1284],[-74.3379,-50.0809],[-74.3041,-50.1033],[-74.3154,-50.1169],[-74.3047,-50.1084],[-74.2596,-50.1301],[-74.2643,-50.1481],[-74.352,-50.1908],[-74.247,-50.1492],[-74.2601,-50.1936],[-74.2451,-50.1842],[-74.2085,-50.2011],[-74.1641,-50.2836],[-74.1628,-50.2441],[-74.0963,-50.2218],[-74.0461,-50.2332],[-74.0527,-50.2571],[-74.0407,-50.2448],[-74.0022,-50.2767],[-73.9316,-50.2885],[-74.07,-50.1951],[-74.1641,-50.2066],[-74.2065,-50.157],[-74.1553,-50.1425],[-74.1654,-50.1155],[-74.1352,-50.0985],[-74.1729,-50.103],[-74.1893,-50.1157],[-74.1657,-50.1314],[-74.2022,-50.1444],[-74.1903,-50.1197],[-74.2383,-50.0904],[-74.231,-50.064],[-74.2486,-50.0786],[-74.2813,-50.0702],[-74.316,-50.0325],[-74.2847,-50.0208],[-74.3207,-50.0271],[-74.3564,-49.9753],[-74.3153,-49.9683],[-74.3466,-49.9535],[-74.3142,-49.9241],[-74.2968,-49.9738],[-74.2702,-49.9478],[-74.2134,-49.9417],[-74.1797,-49.9643],[-74.1892,-49.9869],[-74.1566,-49.9679],[-74.1145,-50.014],[-74.0908,-50.0128],[-74.0856,-49.9945],[-74.0294,-50.0186],[-74.0319,-50.0585],[-74.0165,-50.0228],[-73.9906,-50.0267],[-73.975,-50.074],[-73.9815,-50.0346],[-73.9645,-50.0436],[-73.9213,-50.0229],[-73.8574,-50.0392],[-73.8696,-50.0028],[-73.8873,-50.0135],[-74.0126,-49.9975],[-73.9431,-49.9244],[-73.8018,-49.9147],[-73.8991,-49.9142],[-73.8733,-49.8664],[-73.8137,-49.8305],[-73.8791,-49.8575],[-73.9123,-49.9172],[-73.9757,-49.9073],[-74.0224,-49.9841],[-74.0954,-49.9678],[-74.1238,-49.9089],[-74.162,-49.8945],[-74.1765,-49.9174],[-74.1861,-49.9004],[-74.2429,-49.9133],[-74.2221,-49.8915],[-74.2759,-49.9059],[-74.327,-49.8821],[-74.3204,-49.7845],[-74.3042,-49.8081],[-74.2673,-49.8004],[-74.225,-49.7582],[-74.1668,-49.746],[-74.1438,-49.7665],[-74.1422,-49.749],[-74.0816,-49.7627],[-74.0623,-49.7435],[-74.0242,-49.7746],[-74.0508,-49.7487],[-74.021,-49.7203],[-74.0374,-49.7141],[-74.0593,-49.7389],[-74.1235,-49.7374],[-74.1449,-49.7225],[-74.25,-49.735],[-74.28,-49.7663],[-74.3024,-49.7478],[-74.2878,-49.7061],[-74.3076,-49.6463],[-74.2849,-49.6196],[-74.2287,-49.6134],[-74.2099,-49.5795],[-74.1364,-49.5619],[-74.1507,-49.5914],[-74.0762,-49.5391],[-73.9819,-49.5631],[-74.0054,-49.6343],[-74.0301,-49.645],[-74.0128,-49.6448],[-73.9724,-49.6023],[-73.964,-49.5601],[-73.8962,-49.5517],[-73.8593,-49.6485],[-73.7993,-49.6669],[-73.775,-49.6949],[-73.7889,-49.7117],[-73.7618,-49.6942],[-73.7918,-49.6572],[-73.7032,-49.7229],[-73.6925,-49.8031],[-73.6481,-49.7106],[-73.6792,-49.7187],[-73.726,-49.6984],[-73.7399,-49.6734],[-73.6768,-49.6803],[-73.7252,-49.6749],[-73.7367,-49.6498],[-73.8088,-49.6439],[-73.8609,-49.534],[-73.9077,-49.5129],[-73.9771,-49.5254],[-74.0743,-49.5045],[-74.0555,-49.4441],[-74.0734,-49.4093],[-74.0319,-49.2665],[-73.9754,-49.263],[-73.9212,-49.327],[-73.7937,-49.353],[-73.7777,-49.402],[-73.7786,-49.3555],[-73.9011,-49.3154],[-73.9155,-49.2833],[-73.9182,-49.3125],[-73.9243,-49.2795],[-73.9979,-49.2274],[-74.0316,-49.2155],[-74.083,-49.2436],[-74.1242,-49.1846],[-74.1169,-49.2123],[-74.1537,-49.1976],[-74.1514,-49.2125],[-74.1046,-49.226],[-74.0947,-49.2677],[-74.106,-49.3555],[-74.1469,-49.4171],[-74.1472,-49.5288],[-74.178,-49.5457],[-74.2146,-49.535],[-74.3064,-49.4369],[-74.2861,-49.4127],[-74.3283,-49.4282],[-74.391,-49.3883],[-74.3908,-49.3762],[-74.371,-49.3926],[-74.3837,-49.3603],[-74.344,-49.3221],[-74.3623,-49.1754],[-74.3077,-49.1849],[-74.342,-49.1669],[-74.3696,-49.1069],[-74.344,-49.0538],[-74.3732,-49.0587],[-74.385,-49.0912],[-74.424,-49.0181],[-74.4109,-48.9713],[-74.3959,-48.9801],[-74.3797,-48.9668],[-74.3749,-48.9944],[-74.3573,-48.9818],[-74.3671,-48.9217],[-74.3471,-48.9332],[-74.3242,-48.9174],[-74.29,-48.9357],[-74.3316,-48.9077],[-74.3875,-48.8943],[-74.4042,-48.876],[-74.3972,-48.8579],[-74.3415,-48.8626],[-74.4008,-48.8482],[-74.404,-48.8044],[-74.3271,-48.7451],[-74.3267,-48.7051],[-74.304,-48.7424],[-74.302,-48.7134],[-74.2568,-48.7414],[-74.1537,-48.7003],[-74.0278,-48.7376],[-73.9681,-48.7166],[-73.8388,-48.7942],[-73.6953,-48.8802],[-73.6205,-48.9251],[-73.5174,-48.9868],[-73.3247,-49.1024],[-73.2314,-49.1583],[-73.6167,-49.1583],[-73.6167,-49.7894],[-73.4466,-49.793],[-73.4909,-49.8169]]],[[[-73.0372,-54.4876],[-73.0403,-54.4712],[-73.0824,-54.4994],[-73.0684,-54.4662],[-72.9611,-54.4462],[-72.9874,-54.49],[-73.0372,-54.4876]]],[[[-72.4319,-54.4443],[-72.383,-54.4315],[-72.377,-54.4617],[-72.4233,-54.4573],[-72.4051,-54.443],[-72.4319,-54.4443]]],[[[-72.4464,-54.3682],[-72.429,-54.3843],[-72.4733,-54.3763],[-72.4215,-54.3973],[-72.4613,-54.4136],[-72.4624,-54.4434],[-72.5011,-54.4213],[-72.4761,-54.4033],[-72.5345,-54.3887],[-72.5466,-54.3481],[-72.4934,-54.3686],[-72.5034,-54.3419],[-72.4058,-54.3445],[-72.4214,-54.3194],[-72.2873,-54.3471],[-72.3292,-54.3753],[-72.3696,-54.3492],[-72.3397,-54.3749],[-72.3545,-54.3827],[-72.3914,-54.3844],[-72.4071,-54.361],[-72.4157,-54.3744],[-72.4464,-54.3682]]],[[[-72.6726,-54.3117],[-72.6451,-54.3301],[-72.6967,-54.3238],[-72.6726,-54.3117]]],[[[-72.4943,-54.3049],[-72.4729,-54.296],[-72.5066,-54.301],[-72.4913,-54.2836],[-72.5579,-54.2893],[-72.5132,-54.2638],[-72.4539,-54.2965],[-72.4943,-54.3049]]],[[[-72.4152,-54.2689],[-72.3954,-54.2581],[-72.3535,-54.2714],[-72.3864,-54.2946],[-72.382,-54.2705],[-72.4152,-54.2689]]],[[[-72.6965,-54.2496],[-72.6498,-54.2316],[-72.6471,-54.2682],[-72.6709,-54.2593],[-72.7009,-54.2756],[-72.6965,-54.2496]]],[[[-72.9664,-54.1954],[-72.9347,-54.221],[-73.0076,-54.2355],[-73.0162,-54.2223],[-72.9664,-54.1954]]],[[[-72.2329,-54.1336],[-72.2573,-54.1331],[-72.2989,-54.1478],[-72.2608,-54.1584],[-72.2606,-54.1991],[-72.3372,-54.206],[-72.3027,-54.2341],[-72.3201,-54.2631],[-72.3469,-54.2627],[-72.3551,-54.2426],[-72.3892,-54.2544],[-72.3846,-54.2255],[-72.4077,-54.2204],[-72.4188,-54.2502],[-72.3991,-54.256],[-72.4437,-54.282],[-72.5188,-54.2559],[-72.4987,-54.2333],[-72.4586,-54.2403],[-72.5149,-54.2108],[-72.4984,-54.1935],[-72.4021,-54.186],[-72.3467,-54.1496],[-72.4294,-54.1554],[-72.4252,-54.1277],[-72.3753,-54.1255],[-72.3757,-54.1077],[-72.3448,-54.1041],[-72.3025,-54.1171],[-72.295,-54.0963],[-72.3126,-54.112],[-72.3472,-54.0939],[-72.3932,-54.1107],[-72.4298,-54.0962],[-72.3257,-54.0563],[-72.29,-54.0957],[-72.2752,-54.0835],[-72.2469,-54.1031],[-72.2775,-54.1215],[-72.2469,-54.1122],[-72.2039,-54.1433],[-72.2253,-54.1392],[-72.2281,-54.155],[-72.2329,-54.1336]]],[[[-73.0699,-54.1421],[-73.0956,-54.1824],[-73.1017,-54.1573],[-73.0699,-54.1421]]],[[[-72.8766,-54.147],[-72.8731,-54.1581],[-72.9101,-54.159],[-72.8766,-54.147]]],[[[-72.492,-54.1222],[-72.4875,-54.1488],[-72.5262,-54.1625],[-72.492,-54.1222]]],[[[-73.1567,-54.1466],[-73.1144,-54.1055],[-73.0899,-54.1197],[-73.1291,-54.1471],[-73.1149,-54.1676],[-73.1567,-54.1466]]],[[[-72.5871,-54.1614],[-72.6063,-54.1561],[-72.5913,-54.1426],[-72.6192,-54.1599],[-72.646,-54.146],[-72.6148,-54.1079],[-72.5532,-54.1324],[-72.5871,-54.1614]]],[[[-72.6474,-54.1374],[-72.669,-54.1456],[-72.689,-54.1205],[-72.6546,-54.112],[-72.6474,-54.1374]]],[[[-73.1864,-54.1079],[-73.1668,-54.1326],[-73.1944,-54.1371],[-73.1864,-54.1079]]],[[[-73.289,-54.0327],[-73.2363,-54.0497],[-73.2519,-54.0926],[-73.2337,-54.1038],[-73.1878,-54.063],[-73.1949,-54.1022],[-73.2261,-54.102],[-73.2022,-54.1096],[-73.212,-54.1332],[-73.2855,-54.0867],[-73.2847,-54.1495],[-73.3091,-54.1327],[-73.3646,-54.1366],[-73.3411,-54.1063],[-73.3213,-54.1092],[-73.3603,-54.0686],[-73.4104,-54.0926],[-73.4161,-54.0757],[-73.4774,-54.0865],[-73.423,-54.0282],[-73.3996,-54.0409],[-73.386,-53.9964],[-73.3444,-54.002],[-73.3662,-54.0304],[-73.3137,-54.0124],[-73.3246,-54.0453],[-73.3041,-54.038],[-73.2973,-54.0645],[-73.316,-54.0752],[-73.2781,-54.0795],[-73.289,-54.0327]]],[[[-73.0356,-54.0282],[-73.0182,-54.0331],[-73.0485,-54.0396],[-73.0356,-54.0282]]],[[[-73.0554,-54.0221],[-73.0519,-54.0332],[-73.1222,-54.0372],[-73.0554,-54.0221]]],[[[-72.9895,-53.9662],[-72.952,-53.9718],[-72.9769,-53.984],[-72.9895,-53.9662]]],[[[-73.059,-53.9497],[-73.0803,-53.9697],[-73.0919,-53.9583],[-73.059,-53.9497]]],[[[-72.9712,-53.9379],[-72.956,-53.9499],[-73.0081,-53.9445],[-72.9712,-53.9379]]],[[[-73.2621,-53.9226],[-73.295,-53.9386],[-73.2653,-53.9225],[-73.2411,-53.9178],[-73.1786,-53.931],[-73.1974,-53.9604],[-73.2444,-53.9571],[-73.2135,-53.9398],[-73.2563,-53.9531],[-73.2304,-53.9327],[-73.2787,-53.9455],[-73.2621,-53.9226]]],[[[-73.1466,-53.8999],[-73.1578,-53.9203],[-73.2038,-53.9163],[-73.1466,-53.8999]]],[[[-73.3442,-53.8751],[-73.3272,-53.8627],[-73.281,-53.8771],[-73.2956,-53.8963],[-73.3125,-53.8728],[-73.3442,-53.8751]]],[[[-73.2175,-53.9075],[-73.1908,-53.8953],[-73.2342,-53.8844],[-73.1736,-53.8818],[-73.2086,-53.8705],[-73.1605,-53.8723],[-73.1996,-53.8565],[-73.1662,-53.839],[-73.2427,-53.8644],[-73.2279,-53.8535],[-73.3064,-53.861],[-73.2599,-53.8348],[-73.1764,-53.8302],[-73.3072,-53.8207],[-73.2422,-53.8034],[-73.0734,-53.8272],[-73.0691,-53.8452],[-73.099,-53.8511],[-73.0697,-53.8551],[-73.0789,-53.9053],[-73.096,-53.8877],[-73.1181,-53.9031],[-73.1588,-53.8909],[-73.2175,-53.9075]]],[[[-73.1505,-53.8078],[-73.0831,-53.816],[-73.1838,-53.8116],[-73.1505,-53.8078]]],[[[-73.1347,-53.7669],[-73.1211,-53.7803],[-73.1516,-53.775],[-73.1347,-53.7669]]],[[[-73.0022,-53.4943],[-72.9749,-53.4521],[-72.986,-53.3963],[-72.9286,-53.4201],[-72.9488,-53.4411],[-72.9247,-53.4292],[-72.9033,-53.4402],[-72.9248,-53.4493],[-72.8965,-53.4609],[-72.9316,-53.4901],[-72.9133,-53.5095],[-72.9319,-53.5362],[-72.8946,-53.4936],[-72.8502,-53.5141],[-72.9237,-53.5517],[-72.8491,-53.5318],[-72.8926,-53.5714],[-72.8612,-53.5688],[-72.8905,-53.6273],[-72.8696,-53.6236],[-72.86,-53.6626],[-72.8585,-53.6118],[-72.8112,-53.6095],[-72.8442,-53.5987],[-72.8426,-53.5744],[-72.8039,-53.5608],[-72.8614,-53.4497],[-72.7747,-53.4761],[-72.7759,-53.5051],[-72.7404,-53.4984],[-72.7221,-53.5109],[-72.7404,-53.5433],[-72.7099,-53.5533],[-72.7338,-53.5702],[-72.6698,-53.5973],[-72.7156,-53.6151],[-72.6886,-53.6164],[-72.7033,-53.6291],[-72.6887,-53.6523],[-72.6937,-53.6258],[-72.6714,-53.6254],[-72.6669,-53.6509],[-72.6395,-53.5927],[-72.6776,-53.5438],[-72.6656,-53.5236],[-72.6291,-53.541],[-72.6545,-53.5501],[-72.6409,-53.5592],[-72.6144,-53.5473],[-72.5608,-53.578],[-72.5346,-53.5647],[-72.4611,-53.5783],[-72.4962,-53.5884],[-72.4649,-53.5979],[-72.4824,-53.6074],[-72.4487,-53.6096],[-72.4845,-53.6344],[-72.4242,-53.6116],[-72.3833,-53.64],[-72.625,-53.6722],[-72.6224,-53.7222],[-72.5242,-53.7034],[-72.6118,-53.7149],[-72.5998,-53.6756],[-72.4862,-53.6716],[-72.4738,-53.6863],[-72.4614,-53.6749],[-72.45,-53.6844],[-72.4823,-53.6954],[-72.4371,-53.6988],[-72.4444,-53.7202],[-72.4846,-53.7291],[-72.4557,-53.7257],[-72.4606,-53.7543],[-72.4139,-53.7266],[-72.4296,-53.69],[-72.411,-53.7],[-72.3863,-53.6775],[-72.3444,-53.6858],[-72.3545,-53.717],[-72.3081,-53.7014],[-72.2349,-53.7283],[-72.3537,-53.7555],[-72.2677,-53.7599],[-72.2228,-53.7447],[-72.1599,-53.7762],[-72.1486,-53.7946],[-72.2071,-53.815],[-72.2931,-53.8043],[-72.196,-53.8262],[-72.223,-53.8579],[-72.3127,-53.8496],[-72.3705,-53.8074],[-72.3605,-53.8342],[-72.4602,-53.8227],[-72.4788,-53.8331],[-72.3524,-53.8492],[-72.3712,-53.8662],[-72.3343,-53.925],[-72.3603,-53.9302],[-72.3787,-53.9038],[-72.3948,-53.9116],[-72.4664,-53.8864],[-72.4131,-53.909],[-72.4216,-53.9382],[-72.389,-53.9309],[-72.3625,-53.958],[-72.4384,-53.9591],[-72.4501,-53.9461],[-72.476,-53.9614],[-72.3792,-53.9703],[-72.3829,-54.0008],[-72.3404,-53.9996],[-72.3391,-54.0365],[-72.367,-54.0562],[-72.4123,-54.0349],[-72.4217,-54.0541],[-72.4843,-54.0617],[-72.5049,-54.0363],[-72.4857,-54.0273],[-72.5149,-54.0264],[-72.4702,-53.998],[-72.4957,-53.9537],[-72.4918,-54.0052],[-72.5356,-54.0006],[-72.5443,-53.9836],[-72.5605,-54.0004],[-72.5376,-54.022],[-72.5603,-54.0233],[-72.559,-54.0091],[-72.5985,-54.0186],[-72.5615,-54.0173],[-72.561,-54.0415],[-72.5293,-54.0451],[-72.5544,-54.109],[-72.603,-54.0999],[-72.6013,-54.0845],[-72.6292,-54.0979],[-72.6129,-54.0441],[-72.5883,-54.0363],[-72.6052,-54.0312],[-72.669,-54.0904],[-72.6322,-54.0189],[-72.6899,-54.0726],[-72.6831,-54.0905],[-72.7273,-54.0817],[-72.7157,-54.094],[-72.7494,-54.0999],[-72.7097,-54.1035],[-72.7244,-54.1187],[-72.7611,-54.1214],[-72.8207,-54.0967],[-72.8089,-54.1118],[-72.8441,-54.1117],[-72.8293,-54.129],[-72.8905,-54.1382],[-72.9616,-54.1167],[-72.8798,-54.1152],[-72.927,-54.1083],[-72.8689,-54.0906],[-72.902,-54.0839],[-72.913,-54.1024],[-72.9573,-54.1008],[-72.9367,-54.0872],[-72.9893,-54.1078],[-73.0179,-54.0884],[-73.036,-54.106],[-73.0792,-54.0886],[-73.0394,-54.07],[-72.9034,-54.0668],[-72.83,-54.0786],[-72.787,-54.104],[-72.7859,-54.0787],[-72.9076,-54.0523],[-72.9602,-54.056],[-72.9805,-54.0294],[-72.8218,-54.0583],[-72.8668,-54.0397],[-72.8314,-54.0351],[-72.7593,-54.0638],[-72.7823,-54.0487],[-72.7548,-54.036],[-72.8152,-54.0312],[-72.7898,-54.0189],[-72.8665,-54.0203],[-72.7883,-53.9929],[-72.8496,-53.9934],[-72.8775,-53.9737],[-72.8081,-53.9543],[-72.6944,-53.9828],[-72.7647,-53.9577],[-72.7661,-53.9402],[-72.7712,-53.9528],[-72.8059,-53.9427],[-72.7175,-53.8902],[-72.6659,-53.8819],[-72.6576,-53.8931],[-72.6534,-53.8735],[-72.6733,-53.8649],[-72.6886,-53.8829],[-72.7065,-53.857],[-72.7048,-53.878],[-72.7961,-53.9171],[-72.7972,-53.8879],[-72.7598,-53.8783],[-72.7848,-53.8717],[-72.7197,-53.8473],[-72.757,-53.8547],[-72.7545,-53.8346],[-72.8395,-53.8855],[-72.8035,-53.896],[-72.804,-53.925],[-72.9083,-53.9606],[-72.9259,-53.9393],[-72.865,-53.9303],[-72.8994,-53.9189],[-72.7315,-53.7609],[-72.7639,-53.7654],[-72.8059,-53.8045],[-72.8347,-53.7613],[-72.8551,-53.787],[-72.8342,-53.7875],[-72.8339,-53.8069],[-72.8935,-53.8105],[-72.8392,-53.8153],[-72.9092,-53.8991],[-72.9656,-53.9004],[-72.9451,-53.8668],[-73.0124,-53.9102],[-73.0417,-53.91],[-73.0476,-53.8798],[-72.9992,-53.8641],[-73.0444,-53.8769],[-73.0408,-53.8666],[-72.9688,-53.8586],[-73.018,-53.8504],[-72.9086,-53.8392],[-73.0151,-53.8342],[-73.0032,-53.8138],[-73.0623,-53.8233],[-73.0203,-53.7992],[-72.937,-53.8029],[-72.9929,-53.7897],[-72.898,-53.7728],[-72.8694,-53.7486],[-72.9086,-53.7671],[-72.9779,-53.764],[-72.9671,-53.7751],[-73.015,-53.7913],[-73.1007,-53.7864],[-73.0905,-53.7427],[-73.0109,-53.7556],[-73.0665,-53.7381],[-73.0599,-53.7208],[-73.0264,-53.7276],[-73.0697,-53.7139],[-73.0858,-53.7266],[-73.094,-53.7143],[-73.0679,-53.711],[-73.0265,-53.7157],[-72.8866,-53.7457],[-72.8154,-53.7462],[-72.8442,-53.7375],[-72.8165,-53.7021],[-72.8448,-53.702],[-72.8542,-53.7319],[-72.8501,-53.7098],[-72.8769,-53.7061],[-72.8687,-53.734],[-73.1797,-53.6797],[-73.092,-53.6665],[-73.0525,-53.6763],[-73.0411,-53.658],[-73.025,-53.6724],[-72.9541,-53.6697],[-72.9288,-53.6233],[-72.9455,-53.6326],[-72.9739,-53.6127],[-72.9672,-53.6463],[-73.0097,-53.6505],[-72.9975,-53.6302],[-73.097,-53.6514],[-72.9994,-53.5844],[-73.0161,-53.5674],[-73.0506,-53.5912],[-73.0961,-53.5724],[-73.0421,-53.599],[-73.0804,-53.6065],[-73.1115,-53.6438],[-73.1963,-53.6417],[-73.1365,-53.6133],[-73.1597,-53.6051],[-73.2359,-53.6398],[-73.2302,-53.6211],[-73.2496,-53.6289],[-73.2821,-53.5946],[-73.2377,-53.5938],[-73.2735,-53.5851],[-73.2179,-53.5738],[-73.2078,-53.5627],[-73.2269,-53.5595],[-73.1894,-53.5639],[-73.2273,-53.5511],[-73.2439,-53.5579],[-73.2229,-53.5637],[-73.2795,-53.5736],[-73.3245,-53.5633],[-73.4328,-53.4671],[-73.4021,-53.4656],[-73.3948,-53.4802],[-73.3837,-53.4637],[-73.2964,-53.4758],[-73.2681,-53.4995],[-73.2244,-53.5042],[-73.2513,-53.5167],[-73.2282,-53.5349],[-73.2189,-53.5103],[-73.1812,-53.5071],[-73.2202,-53.4955],[-73.1883,-53.4789],[-73.1638,-53.5013],[-73.1419,-53.4914],[-73.0343,-53.5345],[-73.1287,-53.4887],[-73.1233,-53.4614],[-73.097,-53.4601],[-73.133,-53.4561],[-73.1119,-53.4403],[-73.1611,-53.4242],[-73.1188,-53.4087],[-73.1718,-53.401],[-73.0398,-53.3751],[-73.0408,-53.393],[-73.0213,-53.3803],[-73.001,-53.3912],[-73.0472,-53.4309],[-73.0412,-53.4543],[-73.0102,-53.4368],[-73.0166,-53.4162],[-72.9973,-53.4197],[-73.0022,-53.4943]]],[[[-73.1463,-53.733],[-73.2213,-53.7484],[-73.1657,-53.6875],[-73.1597,-53.7191],[-73.1844,-53.7306],[-73.1463,-53.733]]],[[[-73.2307,-53.6849],[-73.2417,-53.7098],[-73.2069,-53.6818],[-73.1698,-53.6875],[-73.2042,-53.7141],[-73.2389,-53.7301],[-73.2877,-53.725],[-73.2146,-53.7149],[-73.1989,-53.6953],[-73.2413,-53.7146],[-73.2812,-53.7099],[-73.2307,-53.6849]]],[[[-73.23,-53.6685],[-73.2313,-53.6798],[-73.2938,-53.6782],[-73.23,-53.6685]]],[[[-73.2784,-53.6413],[-73.2519,-53.6622],[-73.3121,-53.6611],[-73.2784,-53.6413]]],[[[-73.3173,-53.6486],[-73.3327,-53.6628],[-73.3646,-53.6461],[-73.3447,-53.6363],[-73.3173,-53.6486]]],[[[-72.4087,-53.6183],[-72.4304,-53.5648],[-72.4123,-53.5616],[-72.4105,-53.578],[-72.3845,-53.5703],[-72.2983,-53.6038],[-72.3201,-53.6258],[-72.2617,-53.6298],[-72.2504,-53.6545],[-72.2835,-53.6733],[-72.366,-53.653],[-72.4087,-53.6183]]],[[[-73.427,-53.6238],[-73.4231,-53.6136],[-73.4635,-53.6201],[-73.4071,-53.5889],[-73.3032,-53.6147],[-73.2797,-53.6407],[-73.3215,-53.6412],[-73.3729,-53.6059],[-73.351,-53.6378],[-73.3919,-53.6207],[-73.4768,-53.6432],[-73.4735,-53.6253],[-73.427,-53.6238]]],[[[-73.3141,-53.5739],[-73.2968,-53.5728],[-73.2864,-53.5838],[-73.3141,-53.5739]]],[[[-73.3562,-53.5538],[-73.3413,-53.5683],[-73.373,-53.5564],[-73.3562,-53.5538]]],[[[-73.3026,-53.4488],[-73.2853,-53.4703],[-73.32,-53.4617],[-73.3026,-53.4488]]],[[[-73.2288,-53.4626],[-73.2336,-53.4772],[-73.2856,-53.4567],[-73.2792,-53.4415],[-73.2288,-53.4626]]],[[[-73.3846,-53.4526],[-73.3571,-53.4482],[-73.3767,-53.4452],[-73.3684,-53.4268],[-73.3216,-53.4414],[-73.3386,-53.4613],[-73.3846,-53.4526]]],[[[-73.1723,-53.4044],[-73.1445,-53.4089],[-73.1976,-53.4244],[-73.1723,-53.4044]]],[[[-73.2716,-53.3852],[-73.3099,-53.37],[-73.2311,-53.3877],[-73.2394,-53.4126],[-73.2934,-53.3989],[-73.2716,-53.3852]]],[[[-73.2538,-53.3743],[-73.2417,-53.3821],[-73.2698,-53.3786],[-73.2538,-53.3743]]],[[[-73.3241,-53.3695],[-73.313,-53.3837],[-73.3832,-53.37],[-73.3558,-53.3591],[-73.3241,-53.3695]]],[[[-73.2767,-53.3635],[-73.2572,-53.3738],[-73.3015,-53.3662],[-73.2767,-53.3635]]],[[[-73.3954,-53.3584],[-73.3859,-53.3486],[-73.3491,-53.356],[-73.3432,-53.3613],[-73.3596,-53.3548],[-73.3954,-53.3584]]],[[[-72.5083,-53.3089],[-72.4916,-53.3372],[-72.5233,-53.3188],[-72.5083,-53.3089]]],[[[-72.4708,-53.2014],[-72.4599,-53.2181],[-72.493,-53.2053],[-72.4708,-53.2014]]],[[[-73.2401,-53.149],[-73.3151,-53.1403],[-73.2818,-53.1388],[-73.2964,-53.126],[-73.2401,-53.149]]],[[[-71.8597,-53.0025],[-71.9087,-53.0031],[-71.9781,-53.0976],[-72.023,-53.1084],[-72.0044,-53.1193],[-72.0348,-53.137],[-72.1311,-53.1452],[-72.2172,-53.0717],[-72.2476,-53.0571],[-72.2784,-53.0648],[-72.316,-53.0415],[-72.3575,-53.0386],[-72.2455,-53.0858],[-72.2365,-53.0989],[-72.2896,-53.0941],[-72.2324,-53.1073],[-72.2355,-53.1259],[-72.402,-53.0411],[-72.3929,-53.0576],[-72.4176,-53.0698],[-72.4993,-53.0687],[-72.5597,-53.0846],[-72.6036,-53.0739],[-72.5649,-53.0917],[-72.4984,-53.0743],[-72.4427,-53.0934],[-72.3896,-53.0838],[-72.3273,-53.1194],[-72.3504,-53.1349],[-72.2707,-53.1594],[-72.2738,-53.1402],[-72.2455,-53.1451],[-72.2545,-53.1581],[-72.2041,-53.196],[-72.2772,-53.2148],[-72.2944,-53.1964],[-72.3334,-53.2039],[-72.3695,-53.1816],[-72.4041,-53.2028],[-72.3598,-53.1981],[-72.3183,-53.2239],[-72.3589,-53.2406],[-72.4272,-53.2287],[-72.443,-53.192],[-72.4874,-53.2012],[-72.5217,-53.1893],[-72.4577,-53.2393],[-72.5408,-53.2188],[-72.5445,-53.1802],[-72.5453,-53.2015],[-72.6183,-53.1954],[-72.5656,-53.2076],[-72.5247,-53.2402],[-72.4209,-53.2594],[-72.4828,-53.3093],[-72.5343,-53.2673],[-72.5577,-53.2723],[-72.5347,-53.2719],[-72.5356,-53.3216],[-72.5071,-53.3508],[-72.5408,-53.3772],[-72.6096,-53.3802],[-72.6441,-53.3453],[-72.6756,-53.3459],[-72.6298,-53.3895],[-72.5809,-53.4007],[-72.6161,-53.4379],[-72.556,-53.3943],[-72.52,-53.4023],[-72.3904,-53.535],[-72.5568,-53.5388],[-72.5341,-53.4988],[-72.5766,-53.52],[-72.5845,-53.4965],[-72.6523,-53.4859],[-72.6034,-53.4642],[-72.6564,-53.4801],[-72.676,-53.4627],[-72.7249,-53.4594],[-72.764,-53.4248],[-72.7619,-53.398],[-72.7903,-53.4368],[-72.816,-53.4211],[-72.8024,-53.3757],[-72.8165,-53.3969],[-72.9076,-53.3842],[-72.8771,-53.3536],[-72.9355,-53.3646],[-73.0481,-53.2825],[-73.0394,-53.3087],[-73.0663,-53.2874],[-73.1712,-53.2675],[-73.1612,-53.2379],[-73.1945,-53.2557],[-73.2597,-53.2089],[-73.2173,-53.2284],[-73.2058,-53.2182],[-73.3133,-53.1661],[-73.2977,-53.1556],[-73.2513,-53.1691],[-73.2603,-53.1807],[-73.1619,-53.1829],[-73.1221,-53.211],[-73.0879,-53.1757],[-73.0414,-53.1752],[-73.0228,-53.1987],[-73.0121,-53.1705],[-72.9783,-53.1903],[-72.9663,-53.1869],[-72.9699,-53.202],[-72.9578,-53.1855],[-72.9654,-53.1743],[-72.9382,-53.1731],[-72.9049,-53.1895],[-72.9245,-53.2116],[-72.8846,-53.1975],[-72.8493,-53.2267],[-72.8267,-53.2153],[-72.7524,-53.2434],[-72.7525,-53.262],[-72.7722,-53.2592],[-72.7517,-53.3139],[-72.7407,-53.2963],[-72.7192,-53.301],[-72.7357,-53.2634],[-72.6825,-53.2601],[-72.8537,-53.19],[-72.8164,-53.1936],[-72.8108,-53.1814],[-72.7188,-53.2076],[-72.7533,-53.1879],[-72.7476,-53.1649],[-72.8047,-53.1644],[-72.7737,-53.1579],[-72.7869,-53.1477],[-72.7041,-53.1698],[-72.7171,-53.1554],[-72.6602,-53.1664],[-72.6605,-53.1556],[-72.7139,-53.1453],[-72.7326,-53.11],[-72.7386,-53.1383],[-72.7856,-53.1365],[-72.7937,-53.1176],[-72.8457,-53.1574],[-72.9208,-53.1308],[-72.9414,-53.1055],[-72.9724,-53.1099],[-72.9613,-53.0981],[-72.93,-53.1059],[-72.8492,-53.0361],[-72.9191,-53.0522],[-72.9458,-53.0165],[-72.9147,-53.0038],[-72.963,-52.9394],[-72.9012,-52.9212],[-73.0081,-52.8545],[-72.9728,-52.8498],[-72.9491,-52.8374],[-72.9054,-52.8444],[-72.7834,-52.7851],[-72.8199,-52.8214],[-72.8013,-52.8248],[-72.682,-52.7234],[-72.6509,-52.7585],[-72.6277,-52.7483],[-72.6017,-52.771],[-72.6117,-52.807],[-72.7153,-52.868],[-72.7168,-52.9031],[-72.6947,-52.9071],[-72.6799,-52.8645],[-72.5763,-52.8037],[-72.5228,-52.8136],[-72.5493,-52.8156],[-72.5767,-52.8378],[-72.5467,-52.8368],[-72.5891,-52.8624],[-72.4808,-52.8258],[-72.4392,-52.8856],[-72.4208,-52.8801],[-72.4427,-52.86],[-72.4321,-52.8205],[-72.2982,-52.759],[-72.2533,-52.7131],[-72.2034,-52.7041],[-72.165,-52.6483],[-72.1311,-52.6704],[-72.0899,-52.6564],[-72.0499,-52.6829],[-72.0046,-52.6698],[-71.9995,-52.6464],[-71.9679,-52.647],[-71.9181,-52.6869],[-71.7757,-52.7031],[-71.6672,-52.6966],[-71.5271,-52.6513],[-71.469,-52.6565],[-71.3961,-52.7218],[-71.4025,-52.7459],[-71.4309,-52.74],[-71.3886,-52.7966],[-71.4098,-52.8334],[-71.4839,-52.836],[-71.5722,-52.8887],[-71.6717,-52.9145],[-71.8597,-53.0025]]],[[[-72.9206,-52.8254],[-72.9013,-52.816],[-72.8875,-52.8279],[-72.9206,-52.8254]]],[[[-72.5154,-52.7776],[-72.5135,-52.804],[-72.5371,-52.7815],[-72.5154,-52.7776]]],[[[-72.4915,-52.751],[-72.4056,-52.7217],[-72.3705,-52.7344],[-72.38,-52.7618],[-72.4639,-52.7903],[-72.4915,-52.751]]],[[[-72.53,-52.7467],[-72.5755,-52.7662],[-72.5774,-52.74],[-72.5507,-52.7332],[-72.53,-52.7467]]],[[[-73.3195,-52.7405],[-73.3335,-52.7301],[-73.3784,-52.7612],[-73.4097,-52.7551],[-73.3387,-52.7291],[-73.3317,-52.7175],[-73.3708,-52.738],[-73.3207,-52.7017],[-73.3195,-52.7405]]],[[[-73.3388,-52.6795],[-73.3939,-52.6996],[-73.3282,-52.6943],[-73.4164,-52.7377],[-73.3986,-52.7183],[-73.4262,-52.728],[-73.4286,-52.7109],[-73.3455,-52.6626],[-73.3388,-52.6795]]],[[[-72.6554,-52.6367],[-72.6621,-52.6076],[-72.5818,-52.6341],[-72.6554,-52.6367]]],[[[-72.6412,-52.5709],[-72.6222,-52.584],[-72.6747,-52.588],[-72.6412,-52.5709]]],[[[-73.2976,-52.1685],[-73.2849,-52.1863],[-73.3174,-52.1753],[-73.2976,-52.1685]]],[[[-72.8947,-51.873],[-72.8843,-51.8977],[-72.9493,-51.9478],[-72.9977,-52.0545],[-73.111,-52.0868],[-73.1316,-52.0317],[-73.0856,-51.9509],[-72.9869,-51.9016],[-72.9247,-51.9054],[-72.8947,-51.873]]],[[[-72.7075,-51.8804],[-72.722,-51.9073],[-72.7304,-51.8824],[-72.7075,-51.8804]]],[[[-72.9612,-51.7787],[-72.9112,-51.8047],[-72.9592,-51.7942],[-72.9612,-51.7787]]],[[[-70.1427,-55.3412],[-70.1298,-55.3659],[-70.1631,-55.359],[-70.1427,-55.3412]]],[[[-70.1262,-55.2818],[-70.128,-55.2883],[-70.0872,-55.2883],[-70.0436,-55.3051],[-70.0937,-55.2934],[-70.1442,-55.3051],[-70.2119,-55.281],[-70.1788,-55.2736],[-70.1262,-55.2818]]],[[[-70.6249,-55.1589],[-70.675,-55.1757],[-70.6652,-55.1887],[-70.7021,-55.1843],[-70.7163,-55.172],[-70.678,-55.1581],[-70.6875,-55.1476],[-70.6326,-55.136],[-70.6249,-55.1589]]],[[[-70.8947,-55.1042],[-70.9049,-55.1333],[-70.9199,-55.1127],[-70.8947,-55.1042]]],[[[-70.8212,-55.1048],[-70.8207,-55.128],[-70.8416,-55.1223],[-70.8212,-55.1048]]],[[[-70.6307,-55.0079],[-70.5919,-55.0088],[-70.6113,-55.031],[-70.6618,-55.0317],[-70.7135,-54.9992],[-70.7592,-55.0152],[-70.7335,-55.0304],[-70.7474,-55.0474],[-70.7119,-55.0174],[-70.6032,-55.0633],[-70.5027,-55.0335],[-70.5125,-55.0439],[-70.4742,-55.0528],[-70.5337,-55.0584],[-70.4815,-55.0681],[-70.5116,-55.0844],[-70.4218,-55.0607],[-70.4131,-55.0826],[-70.4026,-55.0602],[-70.3212,-55.0493],[-70.3485,-55.0687],[-70.2946,-55.063],[-70.297,-55.0845],[-70.4007,-55.1021],[-70.309,-55.0972],[-70.3391,-55.1148],[-70.2662,-55.1181],[-70.2892,-55.1451],[-70.3264,-55.1266],[-70.3197,-55.1469],[-70.354,-55.1465],[-70.3852,-55.1105],[-70.441,-55.1068],[-70.4039,-55.1315],[-70.4604,-55.1125],[-70.4428,-55.1316],[-70.4749,-55.1373],[-70.4653,-55.156],[-70.4471,-55.1472],[-70.3604,-55.1716],[-70.4102,-55.1692],[-70.3737,-55.1856],[-70.3994,-55.1985],[-70.4461,-55.181],[-70.4702,-55.1886],[-70.482,-55.2262],[-70.5132,-55.2203],[-70.5076,-55.172],[-70.5756,-55.1706],[-70.577,-55.1912],[-70.5193,-55.2072],[-70.5545,-55.2206],[-70.5999,-55.1931],[-70.5775,-55.1383],[-70.5397,-55.1464],[-70.5684,-55.1266],[-70.5343,-55.1176],[-70.5528,-55.1034],[-70.5979,-55.1188],[-70.5931,-55.0698],[-70.6791,-55.0632],[-70.6058,-55.0775],[-70.6038,-55.0997],[-70.6124,-55.1101],[-70.6078,-55.0958],[-70.6737,-55.0862],[-70.6697,-55.1293],[-70.7175,-55.118],[-70.7032,-55.1069],[-70.7316,-55.1124],[-70.7111,-55.1398],[-70.7734,-55.1184],[-70.729,-55.0761],[-70.7654,-55.0523],[-70.802,-55.0761],[-70.8401,-55.0712],[-70.8341,-55.0995],[-70.882,-55.0564],[-70.9026,-55.059],[-70.898,-55.085],[-70.9119,-55.0757],[-70.9498,-55.0911],[-70.956,-55.0738],[-70.9931,-55.0713],[-70.9668,-55.0475],[-71.0106,-55.0663],[-71.0288,-55.0587],[-71.0122,-55.037],[-70.972,-55.0318],[-71.0223,-55.0186],[-70.9761,-54.9973],[-71.0275,-54.9781],[-71.0002,-54.9569],[-70.9366,-54.9528],[-70.9365,-54.969],[-70.862,-54.927],[-70.8901,-54.978],[-70.8643,-54.9905],[-70.853,-54.9635],[-70.8053,-54.9838],[-70.7913,-54.9297],[-70.7176,-54.9669],[-70.7629,-54.981],[-70.6932,-54.9792],[-70.6816,-54.9647],[-70.6588,-54.9946],[-70.6351,-54.9776],[-70.5779,-54.988],[-70.5677,-54.9724],[-70.6047,-54.9722],[-70.6154,-54.9486],[-70.4946,-54.9085],[-70.3675,-54.8996],[-70.3048,-54.913],[-70.3114,-54.9285],[-70.4524,-54.9612],[-70.4569,-54.9485],[-70.4955,-54.9526],[-70.4899,-54.9715],[-70.5319,-54.9797],[-70.4924,-55.002],[-70.6307,-55.0079]]],[[[-70.1271,-55.0335],[-70.1599,-55.0456],[-70.176,-55.0305],[-70.1513,-55.0288],[-70.1271,-55.0335]]],[[[-70.3724,-55.0398],[-70.4581,-55.0532],[-70.4463,-55.0333],[-70.3726,-55.0182],[-70.3724,-55.0398]]],[[[-70.5706,-55.0078],[-70.4963,-55.0169],[-70.598,-55.0401],[-70.5706,-55.0078]]],[[[-70.2669,-54.9993],[-70.2827,-55.0207],[-70.3317,-55.0162],[-70.2942,-54.9938],[-70.2669,-54.9993]]],[[[-71.1811,-54.9921],[-71.2033,-54.9825],[-71.1798,-54.9634],[-71.1461,-54.9722],[-71.1524,-54.9851],[-71.1148,-54.9822],[-71.1422,-54.9933],[-71.1374,-55.0206],[-71.1607,-55.022],[-71.1647,-54.9987],[-71.19,-55.0154],[-71.1811,-54.9921]]],[[[-71.2734,-54.977],[-71.2939,-54.9699],[-71.2193,-54.9443],[-71.1876,-54.9518],[-71.2255,-54.9808],[-71.2066,-55.0276],[-71.2327,-55.0013],[-71.2488,-55.0214],[-71.2809,-55.0125],[-71.2549,-54.9981],[-71.288,-54.9929],[-71.2734,-54.977]]],[[[-70.3324,-54.9977],[-70.4577,-55.0147],[-70.4662,-54.9665],[-70.3119,-54.9355],[-70.2722,-54.9517],[-70.2809,-54.9668],[-70.2357,-54.9549],[-70.2521,-54.9808],[-70.296,-54.9897],[-70.3012,-54.9686],[-70.3471,-54.9606],[-70.3212,-54.9676],[-70.3324,-54.9977]]],[[[-70.1744,-54.9569],[-70.1545,-54.9443],[-70.2023,-54.9386],[-70.1361,-54.9102],[-70.1304,-54.9246],[-70.0682,-54.9312],[-70.1744,-54.9569]]],[[[-71.4904,-54.9207],[-71.4677,-54.9162],[-71.4643,-54.934],[-71.4904,-54.9207]]],[[[-71.0937,-54.8592],[-71.1047,-54.8782],[-71.0724,-54.8707],[-71.058,-54.8835],[-71.0237,-54.8563],[-70.9861,-54.8611],[-70.9421,-54.9076],[-71.006,-54.91],[-71.0095,-54.9231],[-70.9161,-54.9279],[-70.9587,-54.9371],[-71.0432,-54.9226],[-71.0394,-54.9539],[-71.0728,-54.9465],[-71.0904,-54.9607],[-71.1311,-54.9347],[-71.1163,-54.9256],[-71.1482,-54.9407],[-71.184,-54.931],[-71.143,-54.9073],[-71.0853,-54.9061],[-71.1501,-54.8936],[-71.1724,-54.9085],[-71.2338,-54.9077],[-71.1898,-54.8642],[-71.2421,-54.8635],[-71.2739,-54.8873],[-71.3039,-54.8504],[-71.2958,-54.888],[-71.3446,-54.8863],[-71.3123,-54.9115],[-71.3532,-54.9247],[-71.3317,-54.9373],[-71.3474,-54.9523],[-71.3889,-54.9414],[-71.3556,-54.8945],[-71.3828,-54.8967],[-71.3831,-54.8749],[-71.4124,-54.936],[-71.4538,-54.9386],[-71.4239,-54.8907],[-71.4463,-54.8807],[-71.4528,-54.8948],[-71.4811,-54.8661],[-71.3964,-54.8485],[-71.4367,-54.8242],[-71.3913,-54.8294],[-71.3683,-54.8149],[-71.2937,-54.8384],[-71.3203,-54.813],[-71.258,-54.8298],[-71.2622,-54.8476],[-71.2449,-54.8355],[-71.178,-54.8435],[-71.2022,-54.8177],[-71.1409,-54.8265],[-71.1467,-54.8675],[-71.1191,-54.8422],[-71.0937,-54.8592]]],[[[-70.6677,-54.9156],[-70.6939,-54.8756],[-70.754,-54.8882],[-70.7625,-54.8679],[-70.7007,-54.8442],[-70.6534,-54.8558],[-70.5927,-54.8232],[-70.5688,-54.8497],[-70.5046,-54.8337],[-70.3658,-54.8761],[-70.5364,-54.9078],[-70.5714,-54.9015],[-70.5926,-54.919],[-70.6294,-54.9195],[-70.6376,-54.9041],[-70.6677,-54.9156]]],[[[-70.9438,-54.8211],[-70.8977,-54.8517],[-70.9585,-54.8384],[-70.9438,-54.8211]]],[[[-71.78,-54.7476],[-71.7826,-54.7645],[-71.8511,-54.747],[-71.8687,-54.7049],[-71.78,-54.7476]]],[[[-71.1219,-54.7185],[-71.1643,-54.7432],[-71.1897,-54.722],[-71.1535,-54.7146],[-71.1219,-54.7185]]],[[[-71.5399,-54.7284],[-71.5984,-54.7664],[-71.6451,-54.7501],[-71.628,-54.6864],[-71.5399,-54.7284]]],[[[-71.296,-54.7317],[-71.2977,-54.7173],[-71.2274,-54.7123],[-71.1996,-54.7156],[-71.2058,-54.7319],[-71.296,-54.7317]]],[[[-71.5112,-54.6951],[-71.51,-54.7095],[-71.5499,-54.7025],[-71.5112,-54.6951]]],[[[-71.7685,-54.6852],[-71.735,-54.6923],[-71.734,-54.6968],[-71.7546,-54.6995],[-71.7576,-54.7156],[-71.779,-54.72],[-71.8012,-54.6896],[-71.7742,-54.6805],[-71.7685,-54.6852]]],[[[-71.8042,-54.6769],[-71.8262,-54.7014],[-71.8376,-54.6829],[-71.8042,-54.6769]]],[[[-71.5399,-54.6654],[-71.5249,-54.686],[-71.5841,-54.6896],[-71.5763,-54.6619],[-71.5399,-54.6654]]],[[[-71.7631,-54.6698],[-71.7806,-54.6546],[-71.7646,-54.642],[-71.6916,-54.6709],[-71.7055,-54.6942],[-71.7354,-54.7012],[-71.7296,-54.6955],[-71.7428,-54.6812],[-71.7368,-54.6766],[-71.7547,-54.6835],[-71.77,-54.6824],[-71.7631,-54.6698]]],[[[-71.0704,-54.6658],[-71.0621,-54.6759],[-71.0868,-54.6764],[-71.0704,-54.6658]]],[[[-68.7064,-54.8578],[-68.8057,-54.8415],[-68.8192,-54.8598],[-68.7033,-54.9035],[-68.7269,-54.9256],[-68.8413,-54.9541],[-69.0311,-54.9675],[-69.2305,-54.9165],[-69.2914,-54.9214],[-69.4042,-54.8991],[-69.4142,-54.8829],[-69.4846,-54.8888],[-69.6639,-54.8443],[-69.6481,-54.8022],[-69.6023,-54.7945],[-69.5907,-54.77],[-69.6178,-54.732],[-69.6135,-54.7753],[-69.6608,-54.8022],[-69.7044,-54.7031],[-69.724,-54.7099],[-69.6733,-54.7766],[-69.7177,-54.8136],[-69.6736,-54.8058],[-69.692,-54.8379],[-69.7651,-54.8347],[-69.759,-54.7901],[-69.7268,-54.7696],[-69.7859,-54.7266],[-69.7336,-54.7733],[-69.7662,-54.7805],[-69.77,-54.8346],[-69.9216,-54.8463],[-69.9592,-54.805],[-69.9768,-54.7274],[-69.9363,-54.6804],[-69.9881,-54.7261],[-69.9819,-54.8063],[-69.9492,-54.8493],[-69.9674,-54.8544],[-70.0584,-54.8688],[-70.0998,-54.8593],[-70.0702,-54.7932],[-70.0928,-54.8211],[-70.1507,-54.7984],[-70.0961,-54.8327],[-70.1505,-54.8618],[-70.2336,-54.8367],[-70.1684,-54.8742],[-70.3176,-54.86],[-70.3326,-54.8095],[-70.2523,-54.7603],[-70.2267,-54.7075],[-70.1838,-54.7001],[-70.2385,-54.7008],[-70.2305,-54.6872],[-70.3116,-54.7517],[-70.2974,-54.7635],[-70.3288,-54.7849],[-70.3453,-54.8543],[-70.4629,-54.8073],[-70.5147,-54.8116],[-70.6009,-54.7868],[-70.5625,-54.785],[-70.5771,-54.7731],[-70.6227,-54.7849],[-70.5977,-54.8061],[-70.6661,-54.819],[-70.6695,-54.8072],[-70.6747,-54.8323],[-70.7251,-54.8223],[-70.7065,-54.8303],[-70.7375,-54.8521],[-70.7706,-54.8252],[-70.7858,-54.8477],[-70.852,-54.8284],[-70.8187,-54.7786],[-70.6518,-54.7592],[-70.6612,-54.7476],[-70.5575,-54.7237],[-70.5014,-54.6882],[-70.4746,-54.6988],[-70.4898,-54.6767],[-70.4388,-54.6525],[-70.4424,-54.6341],[-70.5563,-54.6287],[-70.574,-54.6568],[-70.5548,-54.6646],[-70.6277,-54.6779],[-70.5753,-54.686],[-70.5673,-54.7103],[-70.6282,-54.7281],[-70.6437,-54.7157],[-70.7177,-54.7523],[-70.7221,-54.7151],[-70.7617,-54.7503],[-70.861,-54.7684],[-70.881,-54.7535],[-70.9509,-54.7531],[-70.9044,-54.7302],[-70.9093,-54.7111],[-70.8554,-54.7169],[-70.8332,-54.6986],[-70.7574,-54.6906],[-70.872,-54.6912],[-70.9195,-54.67],[-70.9028,-54.6925],[-70.9573,-54.7005],[-70.9108,-54.7015],[-70.9899,-54.7738],[-71.024,-54.7802],[-71.0488,-54.7578],[-70.9994,-54.7415],[-71.0018,-54.7188],[-70.9615,-54.7204],[-70.9946,-54.7113],[-70.9696,-54.7032],[-70.9914,-54.7018],[-70.9764,-54.6861],[-70.9512,-54.6896],[-70.9257,-54.677],[-70.9615,-54.6873],[-70.9739,-54.6762],[-71.0002,-54.7045],[-71.0247,-54.7084],[-70.9859,-54.6842],[-71.0065,-54.6719],[-70.9097,-54.6237],[-70.9752,-54.6354],[-71.0583,-54.6008],[-71.0289,-54.6403],[-71.061,-54.6607],[-71.0929,-54.6514],[-71.0811,-54.6313],[-71.133,-54.6539],[-71.1508,-54.6981],[-71.199,-54.6981],[-71.19,-54.6817],[-71.2196,-54.6696],[-71.2685,-54.6788],[-71.3102,-54.6537],[-71.2982,-54.6416],[-71.2248,-54.646],[-71.1351,-54.6249],[-71.2006,-54.6339],[-71.2585,-54.6121],[-71.2627,-54.5885],[-71.1781,-54.5788],[-71.2557,-54.5749],[-71.2191,-54.5289],[-71.2963,-54.5704],[-71.3394,-54.5108],[-71.3418,-54.5393],[-71.3151,-54.5492],[-71.3299,-54.5684],[-71.4103,-54.5251],[-71.3812,-54.5607],[-71.4189,-54.5492],[-71.445,-54.5649],[-71.3981,-54.5625],[-71.4051,-54.5764],[-71.342,-54.5876],[-71.3253,-54.6179],[-71.3648,-54.6133],[-71.35,-54.5913],[-71.4144,-54.6038],[-71.3847,-54.6124],[-71.4052,-54.6162],[-71.3834,-54.6273],[-71.3975,-54.6494],[-71.4257,-54.6574],[-71.4271,-54.6348],[-71.4649,-54.6342],[-71.4404,-54.6511],[-71.4572,-54.66],[-71.4809,-54.6469],[-71.4559,-54.6695],[-71.4891,-54.6891],[-71.5154,-54.6536],[-71.4948,-54.6259],[-71.518,-54.6324],[-71.4837,-54.5866],[-71.522,-54.5953],[-71.5315,-54.6415],[-71.5812,-54.6502],[-71.5621,-54.6103],[-71.6033,-54.635],[-71.6203,-54.6237],[-71.553,-54.5827],[-71.5955,-54.605],[-71.6188,-54.5738],[-71.614,-54.604],[-71.6579,-54.6167],[-71.6353,-54.6371],[-71.6611,-54.6609],[-71.6896,-54.641],[-71.6876,-54.6078],[-71.6597,-54.6122],[-71.6765,-54.6037],[-71.634,-54.585],[-71.6954,-54.6043],[-71.7915,-54.5748],[-71.7155,-54.6096],[-71.7371,-54.6002],[-71.7241,-54.6097],[-71.7625,-54.6243],[-71.815,-54.5812],[-71.8071,-54.6008],[-71.8477,-54.5945],[-71.8043,-54.6079],[-71.8275,-54.6081],[-71.7889,-54.6352],[-71.8226,-54.6451],[-71.871,-54.6225],[-71.8878,-54.641],[-71.9769,-54.6028],[-71.9454,-54.591],[-71.8649,-54.6067],[-71.9419,-54.5657],[-71.9058,-54.5434],[-71.9576,-54.566],[-71.9871,-54.5479],[-71.9797,-54.5266],[-72.0124,-54.5158],[-72.0046,-54.5048],[-71.9477,-54.5332],[-71.9907,-54.4906],[-71.9186,-54.5162],[-71.9832,-54.4885],[-71.9649,-54.4742],[-71.9827,-54.4787],[-71.9935,-54.4536],[-71.9754,-54.4635],[-71.9516,-54.4429],[-71.9342,-54.4667],[-71.9046,-54.4449],[-71.8888,-54.5022],[-71.8847,-54.4622],[-71.8398,-54.4719],[-71.8533,-54.4959],[-71.8345,-54.4812],[-71.8286,-54.5037],[-71.8491,-54.5176],[-71.8092,-54.5188],[-71.848,-54.5236],[-71.6349,-54.5754],[-71.7124,-54.5488],[-71.6948,-54.5351],[-71.7585,-54.4904],[-71.6799,-54.5083],[-71.6674,-54.5265],[-71.6618,-54.5136],[-71.6208,-54.535],[-71.5142,-54.5464],[-71.6502,-54.5094],[-71.6497,-54.4947],[-71.7102,-54.4734],[-71.652,-54.4646],[-71.7623,-54.4694],[-71.8671,-54.4344],[-71.788,-54.443],[-71.8368,-54.4171],[-71.7274,-54.3977],[-71.7071,-54.4197],[-71.7432,-54.4309],[-71.7043,-54.4268],[-71.5403,-54.5092],[-71.5847,-54.4739],[-71.435,-54.4899],[-71.5902,-54.4605],[-71.6139,-54.4051],[-71.5255,-54.4338],[-71.507,-54.4282],[-71.5415,-54.3992],[-71.5108,-54.3972],[-71.4711,-54.4173],[-71.4772,-54.4397],[-71.4561,-54.4233],[-71.4453,-54.4396],[-71.3977,-54.433],[-71.3839,-54.4635],[-71.3503,-54.4323],[-71.3035,-54.4397],[-71.3266,-54.4276],[-71.3102,-54.4206],[-71.3731,-54.4305],[-71.4113,-54.4123],[-71.3986,-54.3966],[-71.4246,-54.4013],[-71.3983,-54.3946],[-71.4141,-54.3761],[-71.3585,-54.3927],[-71.3713,-54.3735],[-71.2695,-54.3948],[-71.2417,-54.4097],[-71.2603,-54.4221],[-71.2302,-54.4125],[-71.1959,-54.4245],[-71.2327,-54.4615],[-71.1917,-54.4523],[-71.1772,-54.4294],[-71.1421,-54.4299],[-71.1526,-54.4493],[-71.1035,-54.4894],[-71.1385,-54.4964],[-71.0897,-54.4959],[-71.0633,-54.5297],[-71.0689,-54.5074],[-71.1333,-54.4491],[-71.1108,-54.4352],[-71.0671,-54.4558],[-70.9769,-54.454],[-70.9401,-54.5185],[-70.9566,-54.444],[-70.9155,-54.4163],[-70.9361,-54.3697],[-70.8782,-54.3537],[-70.8809,-54.3361],[-70.7335,-54.3334],[-70.7335,-54.3703],[-70.7017,-54.3511],[-70.6647,-54.3628],[-70.6634,-54.3381],[-70.5875,-54.3442],[-70.5796,-54.3605],[-70.677,-54.4402],[-70.7119,-54.4357],[-70.6837,-54.4609],[-70.7832,-54.5795],[-70.7557,-54.5771],[-70.7673,-54.629],[-70.7191,-54.5515],[-70.6667,-54.5861],[-70.6707,-54.6058],[-70.6205,-54.6063],[-70.707,-54.5376],[-70.6764,-54.5299],[-70.6905,-54.5178],[-70.6449,-54.447],[-70.5572,-54.4017],[-70.4623,-54.4571],[-70.5005,-54.465],[-70.4374,-54.4755],[-70.4725,-54.4817],[-70.3329,-54.5088],[-70.3246,-54.5194],[-70.3517,-54.5152],[-70.234,-54.5881],[-70.2303,-54.5771],[-70.1949,-54.5844],[-70.2758,-54.5546],[-70.3015,-54.5014],[-70.1386,-54.5612],[-70.1027,-54.5583],[-70.2022,-54.5219],[-70.1751,-54.5147],[-70.4081,-54.4517],[-70.454,-54.416],[-70.4346,-54.3938],[-70.5114,-54.3904],[-70.4896,-54.3494],[-70.5275,-54.3026],[-70.8738,-54.2559],[-70.9097,-54.1615],[-70.8235,-54.1956],[-70.9338,-54.1175],[-70.8682,-54.1445],[-70.8297,-54.1414],[-70.5022,-54.2843],[-70.4653,-54.2787],[-70.3908,-54.3008],[-70.3138,-54.3319],[-70.3149,-54.3482],[-70.2789,-54.3427],[-70.2698,-54.3562],[-70.3029,-54.3595],[-70.2042,-54.3732],[-70.2162,-54.3993],[-70.1258,-54.4333],[-70.1469,-54.3861],[-70.0761,-54.383],[-70.0496,-54.3964],[-70.0371,-54.3842],[-70.1474,-54.3684],[-70.2061,-54.3399],[-70.1983,-54.3161],[-70.1192,-54.302],[-70.0821,-54.2548],[-69.9876,-54.269],[-69.9675,-54.3057],[-69.935,-54.3091],[-69.9794,-54.3306],[-69.9511,-54.331],[-69.9312,-54.3611],[-69.9694,-54.3823],[-69.9523,-54.3979],[-69.9024,-54.3775],[-69.8851,-54.4258],[-69.857,-54.419],[-69.8162,-54.4492],[-69.8885,-54.4774],[-69.8615,-54.4891],[-69.9105,-54.5182],[-69.8507,-54.5035],[-69.8027,-54.4677],[-69.7469,-54.5185],[-69.8515,-54.5789],[-69.7721,-54.5446],[-69.7304,-54.5805],[-69.7668,-54.6047],[-69.7184,-54.5874],[-69.7493,-54.5453],[-69.7163,-54.5022],[-69.8014,-54.4269],[-69.8281,-54.3501],[-69.8691,-54.3228],[-69.8468,-54.2874],[-69.7354,-54.3109],[-69.6114,-54.3651],[-69.6421,-54.4489],[-69.5845,-54.4998],[-69.5655,-54.4889],[-69.6029,-54.4532],[-69.5682,-54.426],[-69.598,-54.4054],[-69.5123,-54.4466],[-69.5605,-54.3776],[-69.5431,-54.3368],[-69.4951,-54.3372],[-69.4113,-54.3667],[-69.431,-54.3718],[-69.3817,-54.3984],[-69.1997,-54.4506],[-69.2086,-54.4914],[-69.3456,-54.5668],[-69.3667,-54.61],[-69.4065,-54.6125],[-69.3786,-54.6197],[-69.4052,-54.6471],[-69.4592,-54.6722],[-69.5145,-54.6747],[-69.4689,-54.6886],[-69.3845,-54.6469],[-69.3404,-54.7237],[-69.3762,-54.6391],[-69.3281,-54.6284],[-69.2604,-54.5439],[-69.2014,-54.5246],[-69.1731,-54.5641],[-69.1303,-54.5707],[-69.1729,-54.5093],[-69.1307,-54.4529],[-68.996,-54.4821],[-68.9672,-54.4736],[-68.9944,-54.4539],[-68.9658,-54.4482],[-69.1622,-54.3847],[-69.1534,-54.3699],[-69.662,-54.2124],[-69.8915,-54.1682],[-69.9588,-54.1234],[-70.0218,-54.107],[-70.0764,-54.0663],[-70.0467,-54.07],[-70.042,-54.0565],[-70.1373,-53.9377],[-70.1753,-53.8356],[-70.1718,-53.7743],[-70.1362,-53.7448],[-69.983,-53.7203],[-69.9075,-53.6615],[-69.7805,-53.6663],[-69.6662,-53.6442],[-69.6155,-53.6159],[-69.3577,-53.5235],[-69.315,-53.4902],[-69.3286,-53.4099],[-69.373,-53.3573],[-69.5036,-53.3617],[-69.5754,-53.3464],[-69.8876,-53.3795],[-70.2144,-53.4774],[-70.2818,-53.4539],[-70.3271,-53.396],[-70.4514,-53.3763],[-70.4387,-53.3127],[-70.3664,-53.3042],[-70.4083,-53.2944],[-70.4565,-53.3156],[-70.4641,-53.3046],[-70.4183,-53.0129],[-70.3217,-52.9676],[-70.341,-53.0061],[-70.3115,-53.0352],[-70.3413,-53.0644],[-70.2509,-53.0628],[-70.1375,-53.0127],[-70.1084,-52.9624],[-70.0896,-52.9295],[-70.1101,-52.8919],[-70.2361,-52.8815],[-70.3009,-52.9115],[-70.2593,-52.8641],[-70.2782,-52.8066],[-70.3236,-52.7817],[-70.4291,-52.7847],[-70.4237,-52.7673],[-70.3304,-52.744],[-70.1426,-52.7304],[-70.0027,-52.8381],[-69.9146,-52.8439],[-69.838,-52.7868],[-69.747,-52.7764],[-69.6983,-52.7513],[-69.5908,-52.6438],[-69.6155,-52.5758],[-69.587,-52.5261],[-69.4307,-52.4514],[-69.3893,-52.4499],[-69.3496,-52.4765],[-69.2144,-52.5022],[-69.2354,-52.5337],[-69.1883,-52.5531],[-69.2075,-52.5626],[-69.2324,-52.55],[-69.212,-52.5656],[-69.2349,-52.5687],[-69.1875,-52.5882],[-69.15,-52.673],[-69.0582,-52.6747],[-68.9429,-52.6416],[-68.7925,-52.5851],[-68.7728,-52.5431],[-68.7487,-52.5492],[-68.6054,-52.6571],[-68.6065,-52.9954],[-68.607,-53.8128],[-68.6044,-54.6098],[-68.6093,-54.8928],[-68.6599,-54.8965],[-68.7064,-54.8578]]],[[[-71.9883,-54.7285],[-71.9537,-54.7121],[-71.9987,-54.7013],[-71.9726,-54.6945],[-71.9785,-54.6838],[-71.9627,-54.6832],[-71.9601,-54.6828],[-71.9557,-54.6798],[-71.9729,-54.6684],[-71.9731,-54.6738],[-71.9669,-54.6734],[-71.9633,-54.676],[-71.9645,-54.677],[-71.9627,-54.6779],[-71.9607,-54.6826],[-71.9626,-54.6829],[-71.9656,-54.6817],[-71.9652,-54.68],[-71.9719,-54.6808],[-71.9759,-54.6786],[-71.9921,-54.6911],[-71.9843,-54.6753],[-72.0068,-54.6773],[-72.0302,-54.7103],[-72.0084,-54.677],[-72.035,-54.6231],[-72.0448,-54.6685],[-72.0597,-54.647],[-72.0882,-54.6532],[-72.0447,-54.6117],[-71.9827,-54.6342],[-71.9758,-54.6572],[-71.9665,-54.6458],[-71.9373,-54.6621],[-71.9422,-54.6957],[-71.9231,-54.6783],[-71.9016,-54.69],[-71.9471,-54.7291],[-71.9883,-54.7285]]],[[[-72.0781,-54.5852],[-72.0549,-54.6085],[-72.0871,-54.6025],[-72.0781,-54.5852]]],[[[-71.9886,-54.5867],[-71.9943,-54.5653],[-72.0093,-54.5887],[-72.046,-54.5721],[-72.0627,-54.5458],[-72.0316,-54.5237],[-71.944,-54.584],[-71.9886,-54.5867]]],[[[-71.7761,-54.4942],[-71.779,-54.526],[-71.8032,-54.5059],[-71.7761,-54.4942]]],[[[-72.3043,-54.4339],[-72.2863,-54.4711],[-72.3285,-54.4626],[-72.3662,-54.4175],[-72.3322,-54.3933],[-72.2881,-54.3997],[-72.2952,-54.4148],[-72.2516,-54.4105],[-72.2773,-54.4324],[-72.226,-54.4356],[-72.2271,-54.4622],[-72.261,-54.4667],[-72.2659,-54.4462],[-72.3043,-54.4339]]],[[[-72.0904,-54.4104],[-72.0593,-54.4521],[-72.1164,-54.4357],[-72.0904,-54.4104]]],[[[-71.6605,-54.4229],[-71.6616,-54.3882],[-71.6072,-54.4234],[-71.6605,-54.4229]]],[[[-72.2068,-54.3856],[-72.2332,-54.3841],[-72.1916,-54.3677],[-72.1301,-54.3878],[-72.1023,-54.3638],[-72.0795,-54.3764],[-72.1225,-54.3884],[-72.0857,-54.405],[-72.1348,-54.4106],[-72.1403,-54.4381],[-72.1779,-54.4197],[-72.1472,-54.3952],[-72.2042,-54.4082],[-72.2068,-54.3856]]],[[[-71.898,-54.3851],[-71.9165,-54.3967],[-71.9771,-54.3891],[-71.9242,-54.3777],[-71.898,-54.3851]]],[[[-71.5743,-54.3665],[-71.5403,-54.3891],[-71.6177,-54.377],[-71.5743,-54.3665]]],[[[-71.9596,-54.3611],[-71.944,-54.3716],[-71.997,-54.3831],[-71.9596,-54.3611]]],[[[-72.1698,-54.3229],[-72.1956,-54.3336],[-72.2096,-54.3192],[-72.1849,-54.3132],[-72.1698,-54.3229]]],[[[-72.2568,-54.3323],[-72.3498,-54.3108],[-72.3435,-54.2905],[-72.3028,-54.2845],[-72.2529,-54.3017],[-72.2761,-54.3143],[-72.2568,-54.3323]]],[[[-71.6448,-54.3156],[-71.6516,-54.3241],[-71.6752,-54.3269],[-71.7455,-54.3153],[-71.7598,-54.2886],[-71.6953,-54.272],[-71.6517,-54.3054],[-71.6728,-54.3219],[-71.6486,-54.3146],[-71.6371,-54.3162],[-71.6337,-54.302],[-71.6024,-54.3254],[-71.6293,-54.328],[-71.6448,-54.3156]]],[[[-71.4996,-54.312],[-71.4922,-54.2266],[-71.4834,-54.2629],[-71.4632,-54.2295],[-71.3958,-54.2625],[-71.3966,-54.2868],[-71.4289,-54.2819],[-71.3875,-54.3283],[-71.4628,-54.3381],[-71.5199,-54.3183],[-71.4996,-54.312]]],[[[-72.0585,-54.2855],[-72.0895,-54.2648],[-72.0708,-54.2438],[-72.0297,-54.2413],[-71.9805,-54.248],[-72.0001,-54.2884],[-72.0585,-54.2855]]],[[[-72.1833,-54.2177],[-72.1782,-54.2506],[-72.1982,-54.2555],[-72.1533,-54.2776],[-72.1772,-54.2856],[-72.1643,-54.306],[-72.2158,-54.2928],[-72.2111,-54.2133],[-72.1833,-54.2177]]],[[[-70.2812,-54.1686],[-70.2707,-54.1882],[-70.3001,-54.179],[-70.2812,-54.1686]]],[[[-71.4619,-53.996],[-71.445,-54.0072],[-71.4228,-53.9897],[-71.4022,-54.0124],[-71.4064,-54.0515],[-71.4311,-54.0485],[-71.396,-54.0567],[-71.4027,-54.0927],[-71.3644,-54.0482],[-71.3907,-53.9705],[-71.2739,-53.9997],[-71.275,-54.0544],[-71.2414,-54.0904],[-71.2989,-54.1103],[-71.2426,-54.1064],[-71.2417,-54.1296],[-71.2118,-54.1178],[-71.2091,-54.186],[-71.189,-54.1801],[-71.1901,-54.1049],[-71.1452,-54.0883],[-71.1501,-54.1422],[-71.1189,-54.1626],[-71.1187,-54.0928],[-71.079,-54.0592],[-71.053,-54.0659],[-71.0561,-54.0842],[-71.0299,-54.0769],[-71.0011,-54.0912],[-70.9925,-54.1208],[-71.0127,-54.1234],[-70.9896,-54.1411],[-71.0137,-54.1662],[-71.0351,-54.1542],[-71.0399,-54.2027],[-71.0778,-54.204],[-71.0427,-54.222],[-70.9728,-54.1638],[-70.9737,-54.2417],[-71.0381,-54.2435],[-70.9707,-54.2781],[-71.0165,-54.2987],[-71.0083,-54.3098],[-71.0605,-54.2983],[-71.0232,-54.3343],[-71.0438,-54.3482],[-71.1636,-54.3087],[-71.0711,-54.3508],[-71.116,-54.4024],[-71.1647,-54.3913],[-71.1471,-54.3712],[-71.1791,-54.3331],[-71.1861,-54.3815],[-71.3035,-54.3149],[-71.3585,-54.3174],[-71.357,-54.2876],[-71.2995,-54.2854],[-71.3056,-54.313],[-71.2795,-54.2789],[-71.2063,-54.2915],[-71.2426,-54.2734],[-71.2352,-54.2524],[-71.1723,-54.2434],[-71.2141,-54.2378],[-71.2096,-54.212],[-71.2468,-54.2074],[-71.2279,-54.2339],[-71.2639,-54.2581],[-71.3312,-54.2661],[-71.3347,-54.2159],[-71.3489,-54.2563],[-71.3807,-54.2579],[-71.4542,-54.2087],[-71.4435,-54.1734],[-71.4128,-54.1782],[-71.4234,-54.1606],[-71.3674,-54.1457],[-71.4149,-54.155],[-71.3929,-54.1151],[-71.4417,-54.1529],[-71.5334,-54.1278],[-71.4549,-54.1584],[-71.4803,-54.192],[-71.5189,-54.184],[-71.482,-54.2119],[-71.4871,-54.2274],[-71.5131,-54.2191],[-71.5307,-54.2837],[-71.5536,-54.2472],[-71.5812,-54.2627],[-71.6004,-54.2211],[-71.5878,-54.202],[-71.5231,-54.1851],[-71.6014,-54.194],[-71.6141,-54.2278],[-71.5991,-54.2448],[-71.6733,-54.2252],[-71.7057,-54.1522],[-71.5629,-54.0829],[-71.6108,-54.0859],[-71.6541,-54.0223],[-71.6507,-53.9825],[-71.5979,-53.9354],[-71.5608,-53.9426],[-71.5928,-53.9529],[-71.5345,-53.9441],[-71.5025,-54.0089],[-71.4833,-53.9859],[-71.5096,-53.9504],[-71.4392,-53.9502],[-71.4322,-53.9789],[-71.4619,-53.996]]],[[[-72.0992,-54.1468],[-72.1043,-54.1548],[-72.1295,-54.1544],[-72.1143,-54.1459],[-72.0992,-54.1468]]],[[[-70.317,-54.043],[-70.2802,-54.0825],[-70.3067,-54.1453],[-70.3402,-54.1573],[-70.422,-54.1407],[-70.5066,-54.0868],[-70.5113,-54.0615],[-70.4154,-54.0816],[-70.317,-54.043]]],[[[-71.8023,-53.9546],[-71.8194,-53.9384],[-71.7832,-53.9306],[-71.7897,-53.8859],[-71.7505,-53.9022],[-71.7612,-53.9264],[-71.7202,-53.8961],[-71.6776,-53.9148],[-71.6815,-53.93],[-71.65,-53.9261],[-71.6666,-53.9623],[-71.6869,-53.9466],[-71.6983,-53.9886],[-71.7951,-54.0091],[-71.6896,-54.0006],[-71.6934,-54.0549],[-71.7718,-54.0465],[-71.7035,-54.0634],[-71.7385,-54.0992],[-71.6622,-54.0588],[-71.6142,-54.0918],[-71.6895,-54.1289],[-71.6903,-54.118],[-71.7475,-54.1709],[-71.7496,-54.1554],[-71.8077,-54.1441],[-71.829,-54.1037],[-71.8574,-54.1045],[-71.8492,-54.0737],[-71.8682,-54.091],[-71.9179,-54.0597],[-71.9113,-54.0119],[-71.9184,-54.0362],[-71.9519,-54.0443],[-71.9118,-54.0736],[-71.9273,-54.0952],[-71.8801,-54.0996],[-71.919,-54.1309],[-71.8722,-54.1207],[-71.854,-54.1393],[-71.8753,-54.1494],[-71.8364,-54.1463],[-71.7686,-54.1982],[-71.784,-54.2122],[-71.7554,-54.2132],[-71.7294,-54.2398],[-71.7468,-54.2675],[-71.7893,-54.2771],[-71.7942,-54.2612],[-71.8517,-54.2499],[-71.8055,-54.2726],[-71.8271,-54.2658],[-71.8441,-54.2852],[-71.8977,-54.29],[-71.8199,-54.2911],[-71.8308,-54.3097],[-71.8676,-54.2996],[-71.7924,-54.3335],[-71.8079,-54.3435],[-71.9112,-54.3389],[-71.9057,-54.3156],[-71.9307,-54.3378],[-71.9719,-54.3339],[-71.9314,-54.2878],[-71.9386,-54.25],[-71.8755,-54.2378],[-71.8967,-54.224],[-71.9402,-54.2394],[-71.9581,-54.2192],[-71.9796,-54.2357],[-72.0064,-54.223],[-71.9249,-54.2152],[-72.0118,-54.2164],[-71.9826,-54.2099],[-72.0429,-54.2116],[-72.0792,-54.195],[-72.125,-54.1578],[-72.1048,-54.1561],[-72.0941,-54.1482],[-72.0158,-54.1429],[-72.0053,-54.1354],[-72.137,-54.1391],[-72.151,-54.1093],[-72.064,-54.1067],[-72.024,-54.0931],[-72.0644,-54.1021],[-72.1024,-54.0893],[-72.1324,-54.0355],[-72.1239,-54.0626],[-72.1496,-54.0836],[-72.1796,-54.0752],[-72.1988,-54.1109],[-72.2586,-54.0605],[-72.2398,-54.0165],[-72.1768,-53.9737],[-72.2565,-54.006],[-72.278,-53.9827],[-72.2825,-53.918],[-72.2546,-53.9092],[-72.1274,-53.9377],[-72.1062,-53.9725],[-72.0554,-53.9906],[-72.1148,-53.9412],[-72.03,-53.9666],[-72.0689,-53.9481],[-72.0395,-53.8978],[-72.0125,-53.8988],[-72.0187,-53.9198],[-71.985,-53.8875],[-71.9467,-53.9084],[-71.9867,-53.8633],[-71.9177,-53.844],[-71.8606,-53.8588],[-71.8787,-53.8812],[-71.8414,-53.8846],[-71.8163,-53.9241],[-71.855,-53.9343],[-71.8204,-53.9491],[-71.8526,-53.9808],[-71.8221,-53.986],[-71.8023,-53.9546]]],[[[-71.1797,-54.0846],[-71.2181,-54.1014],[-71.2468,-54.0567],[-71.2367,-54.0142],[-71.1797,-54.0846]]],[[[-71.1272,-54.042],[-71.1391,-54.0667],[-71.1504,-54.0519],[-71.1272,-54.042]]],[[[-70.4534,-53.8804],[-70.3332,-54.0209],[-70.3723,-54.048],[-70.437,-54.0512],[-70.4121,-54.0647],[-70.4407,-54.0601],[-70.6719,-53.9167],[-70.6798,-53.9287],[-70.6626,-53.9713],[-70.5623,-54.037],[-70.5455,-54.1076],[-70.5876,-54.1111],[-70.5159,-54.1383],[-70.5293,-54.1513],[-70.4891,-54.1425],[-70.3683,-54.1827],[-70.3572,-54.2012],[-70.2836,-54.1927],[-70.2927,-54.2057],[-70.2649,-54.2101],[-70.2959,-54.2436],[-70.2312,-54.2219],[-70.2189,-54.2505],[-70.2759,-54.2874],[-70.4561,-54.2496],[-70.4981,-54.2251],[-70.48,-54.2247],[-70.5192,-54.1636],[-70.5308,-54.2074],[-70.4572,-54.2554],[-70.6906,-54.1954],[-70.8414,-54.1219],[-70.7924,-54.0953],[-70.8636,-54.0813],[-70.8814,-54.0606],[-70.8701,-53.9867],[-70.9018,-53.9338],[-70.8891,-53.9206],[-70.8425,-53.9364],[-70.9066,-53.8824],[-70.8522,-53.8653],[-70.8607,-53.8355],[-70.7843,-53.8239],[-70.6191,-53.8725],[-70.6011,-53.8244],[-70.712,-53.776],[-70.7123,-53.6984],[-70.5975,-53.65],[-70.5368,-53.5676],[-70.4759,-53.5658],[-70.4762,-53.6837],[-70.4467,-53.7823],[-70.4108,-53.8037],[-70.4346,-53.8131],[-70.4516,-53.7966],[-70.4209,-53.8356],[-70.4504,-53.8387],[-70.4156,-53.8741],[-70.4534,-53.8804]]],[[[-72.0572,-53.9044],[-72.0764,-53.9417],[-72.1056,-53.9238],[-72.0572,-53.9044]]],[[[-72.0906,-53.8207],[-72.0469,-53.8307],[-72.0807,-53.876],[-72.0549,-53.8805],[-72.0983,-53.8774],[-72.0711,-53.8959],[-72.1152,-53.9221],[-72.2176,-53.88],[-72.1508,-53.8276],[-72.0906,-53.8207]]],[[[-72.0946,-53.755],[-72.1019,-53.7269],[-72.0629,-53.758],[-72.0946,-53.755]]],[[[-72.1457,-53.7218],[-72.1143,-53.74],[-72.1679,-53.7364],[-72.1457,-53.7218]]],[[[-71.8445,-53.0713],[-71.8509,-53.1075],[-71.8654,-53.0876],[-71.8445,-53.0713]]],[[[-70.7841,-52.8899],[-70.7506,-52.8746],[-70.6323,-52.8321],[-70.6326,-52.8445],[-70.7259,-52.908],[-70.7834,-52.9112],[-70.7841,-52.8899]]],[[[-72.3195,-52.6602],[-72.3197,-52.6896],[-72.347,-52.6928],[-72.3195,-52.6602]]],[[[-72.286,-52.5992],[-72.2807,-52.5761],[-72.2743,-52.5986],[-72.2329,-52.5833],[-72.2545,-52.6179],[-72.286,-52.5992]]],[[[-72.1046,-52.5442],[-72.1066,-52.5574],[-72.1099,-52.5295],[-72.1046,-52.5442]]],[[[-67.2496,-55.9364],[-67.2181,-55.9697],[-67.2502,-55.9629],[-67.2894,-55.9806],[-67.3164,-55.9683],[-67.2938,-55.9463],[-67.3517,-55.9317],[-67.3254,-55.9193],[-67.2496,-55.9364]]],[[[-67.0969,-55.8136],[-67.0736,-55.8351],[-67.1189,-55.8409],[-67.0859,-55.8599],[-67.1133,-55.8707],[-67.0734,-55.9097],[-67.1181,-55.9039],[-67.1766,-55.8645],[-67.1657,-55.8402],[-67.0969,-55.8136]]],[[[-67.6536,-55.9038],[-67.6205,-55.8581],[-67.6387,-55.8446],[-67.6617,-55.8431],[-67.6602,-55.8637],[-67.6956,-55.8545],[-67.7004,-55.8872],[-67.7498,-55.846],[-67.8003,-55.8667],[-67.8015,-55.8951],[-67.8294,-55.8892],[-67.8261,-55.8686],[-67.8723,-55.8841],[-67.9077,-55.8732],[-67.9143,-55.8354],[-67.8268,-55.8156],[-67.7291,-55.8338],[-67.6688,-55.8148],[-67.6425,-55.8324],[-67.5722,-55.8375],[-67.5955,-55.7955],[-67.5063,-55.8251],[-67.549,-55.8354],[-67.5291,-55.8521],[-67.5722,-55.8591],[-67.5395,-55.8718],[-67.5594,-55.8965],[-67.6172,-55.8767],[-67.6181,-55.9147],[-67.6536,-55.9038]]],[[[-67.3892,-55.8116],[-67.3015,-55.805],[-67.2993,-55.8231],[-67.208,-55.8525],[-67.2087,-55.8896],[-67.2518,-55.8934],[-67.2913,-55.8661],[-67.348,-55.8665],[-67.3569,-55.8217],[-67.4173,-55.8347],[-67.3892,-55.8116]]],[[[-67.4751,-55.8126],[-67.4716,-55.8429],[-67.5043,-55.8279],[-67.4751,-55.8126]]],[[[-67.2086,-55.7832],[-67.2144,-55.8063],[-67.2615,-55.7996],[-67.2096,-55.7575],[-67.1683,-55.7586],[-67.1604,-55.7855],[-67.2086,-55.7832]]],[[[-67.3249,-55.6888],[-67.2683,-55.7101],[-67.2636,-55.7286],[-67.3164,-55.7255],[-67.2962,-55.7526],[-67.2488,-55.7543],[-67.2744,-55.7888],[-67.3531,-55.7936],[-67.3585,-55.7573],[-67.3913,-55.7719],[-67.3963,-55.7399],[-67.4505,-55.7735],[-67.4621,-55.7397],[-67.4928,-55.7603],[-67.5267,-55.7319],[-67.5817,-55.7275],[-67.5359,-55.728],[-67.5084,-55.7106],[-67.5516,-55.7114],[-67.5649,-55.6915],[-67.5642,-55.6561],[-67.5366,-55.6449],[-67.5064,-55.6483],[-67.5081,-55.6761],[-67.4859,-55.6672],[-67.4368,-55.6842],[-67.4187,-55.7195],[-67.3982,-55.6897],[-67.4152,-55.6477],[-67.4519,-55.6182],[-67.4983,-55.6214],[-67.4663,-55.5841],[-67.3817,-55.5659],[-67.3611,-55.5853],[-67.3789,-55.6021],[-67.34,-55.6149],[-67.3782,-55.6358],[-67.323,-55.6428],[-67.3769,-55.6669],[-67.3851,-55.7074],[-67.3647,-55.7197],[-67.3249,-55.6888]]],[[[-67.5924,-55.6806],[-67.666,-55.7036],[-67.6948,-55.6679],[-67.6043,-55.6512],[-67.6352,-55.6205],[-67.6066,-55.5916],[-67.5466,-55.6302],[-67.5924,-55.6806]]],[[[-69.124,-55.6357],[-69.156,-55.6319],[-69.1671,-55.5994],[-69.1459,-55.5925],[-69.124,-55.6357]]],[[[-69.0358,-55.6049],[-69.0191,-55.5662],[-68.9887,-55.5787],[-68.9644,-55.6386],[-69.0144,-55.6531],[-69.0358,-55.6049]]],[[[-69.1306,-55.5741],[-69.1231,-55.5961],[-69.1602,-55.5862],[-69.1306,-55.5741]]],[[[-67.7081,-55.5382],[-67.6636,-55.4977],[-67.6093,-55.5301],[-67.6108,-55.578],[-67.5666,-55.5976],[-67.6173,-55.5808],[-67.653,-55.6138],[-67.7428,-55.6216],[-67.6965,-55.5687],[-67.6697,-55.573],[-67.7081,-55.5382]]],[[[-68.6245,-55.5851],[-68.694,-55.5658],[-68.7246,-55.525],[-68.744,-55.5295],[-68.7302,-55.5206],[-68.6213,-55.5541],[-68.6245,-55.5851]]],[[[-68.0133,-55.5361],[-67.9726,-55.5477],[-68.0304,-55.5642],[-68.0133,-55.5361]]],[[[-68.5706,-55.5384],[-68.5245,-55.5297],[-68.5478,-55.5478],[-68.5277,-55.5466],[-68.5227,-55.5693],[-68.5706,-55.5384]]],[[[-68.883,-55.5315],[-68.8625,-55.5281],[-68.8031,-55.5402],[-68.8103,-55.5655],[-68.868,-55.5547],[-68.883,-55.5315]]],[[[-69.2532,-55.5567],[-69.2809,-55.5388],[-69.281,-55.5686],[-69.3224,-55.5436],[-69.3098,-55.5215],[-69.2668,-55.5201],[-69.2268,-55.5393],[-69.2532,-55.5567]]],[[[-68.3952,-55.5123],[-68.3681,-55.5198],[-68.3808,-55.5374],[-68.3952,-55.5123]]],[[[-68.5361,-55.5246],[-68.5767,-55.5357],[-68.5885,-55.5207],[-68.5564,-55.5053],[-68.5361,-55.5246]]],[[[-68.8919,-55.488],[-68.8748,-55.5255],[-68.9078,-55.518],[-68.9136,-55.4934],[-68.8919,-55.488]]],[[[-68.6694,-55.5086],[-68.6118,-55.4862],[-68.6883,-55.4883],[-68.629,-55.4759],[-68.5714,-55.4929],[-68.6255,-55.5277],[-68.6694,-55.5086]]],[[[-69.5724,-55.5116],[-69.5326,-55.4832],[-69.5041,-55.4966],[-69.5312,-55.4946],[-69.5357,-55.516],[-69.5724,-55.5116]]],[[[-69.5777,-55.4753],[-69.5779,-55.4887],[-69.5991,-55.4842],[-69.5777,-55.4753]]],[[[-69.6006,-55.4422],[-69.5871,-55.4267],[-69.4532,-55.47],[-69.4462,-55.5098],[-69.4929,-55.5121],[-69.5137,-55.4692],[-69.5567,-55.4785],[-69.5688,-55.4588],[-69.5947,-55.4714],[-69.5673,-55.4473],[-69.6006,-55.4422]]],[[[-69.7025,-55.4506],[-69.6964,-55.4688],[-69.7178,-55.4665],[-69.7275,-55.4435],[-69.7982,-55.4572],[-69.7565,-55.4444],[-69.7744,-55.4139],[-69.7444,-55.4163],[-69.782,-55.4081],[-69.7674,-55.372],[-69.6303,-55.4038],[-69.6403,-55.4364],[-69.6688,-55.4118],[-69.7036,-55.4203],[-69.6791,-55.4251],[-69.7076,-55.4372],[-69.6645,-55.4408],[-69.6836,-55.471],[-69.7025,-55.4506]]],[[[-69.0247,-55.4351],[-69.0927,-55.4183],[-69.1342,-55.3764],[-69.1141,-55.3629],[-69.055,-55.3851],[-69.0875,-55.4031],[-69.0203,-55.415],[-69.0153,-55.4401],[-68.9768,-55.4297],[-68.9577,-55.4535],[-69.0023,-55.4623],[-69.0383,-55.4446],[-69.0247,-55.4351]]],[[[-69.998,-55.387],[-69.9696,-55.3823],[-69.9484,-55.3814],[-69.9559,-55.3958],[-69.9849,-55.3992],[-69.998,-55.387]]],[[[-69.7963,-55.3732],[-69.795,-55.3877],[-69.8593,-55.3749],[-69.8547,-55.3577],[-69.7963,-55.3732]]],[[[-70.0272,-55.389],[-70.0792,-55.3822],[-70.0804,-55.3664],[-70.0391,-55.3643],[-70.0791,-55.3486],[-70.1071,-55.3556],[-70.1448,-55.3288],[-70.0429,-55.3228],[-70.0252,-55.3517],[-70.0208,-55.3278],[-69.9758,-55.3151],[-69.9365,-55.3431],[-69.9432,-55.3553],[-69.9905,-55.351],[-69.9445,-55.3641],[-69.9947,-55.3851],[-70.0126,-55.3742],[-70.0134,-55.4204],[-70.0436,-55.4064],[-70.0272,-55.389]]],[[[-69.1616,-55.3296],[-69.1311,-55.3677],[-69.1922,-55.3426],[-69.1616,-55.3296]]],[[[-68.5576,-55.0855],[-68.6387,-55.0995],[-68.5807,-55.0941],[-68.5478,-55.1087],[-68.5383,-55.134],[-68.5858,-55.1588],[-68.7488,-55.144],[-68.9996,-55.05],[-69.0118,-55.0272],[-69.0688,-55.0804],[-68.9656,-55.076],[-68.9704,-55.1167],[-68.9035,-55.1254],[-68.7923,-55.1745],[-68.8121,-55.1529],[-68.7355,-55.1876],[-68.7014,-55.1781],[-68.702,-55.1668],[-68.4989,-55.1957],[-68.3443,-55.1829],[-68.3432,-55.2116],[-68.2447,-55.2268],[-68.3267,-55.2345],[-68.2271,-55.2554],[-68.176,-55.2779],[-68.1764,-55.295],[-68.2512,-55.2887],[-68.3836,-55.3093],[-68.4652,-55.2839],[-68.4589,-55.2954],[-68.4846,-55.2905],[-68.4464,-55.306],[-68.5342,-55.3221],[-68.5742,-55.316],[-68.6445,-55.2557],[-68.7235,-55.2809],[-68.6317,-55.2736],[-68.6201,-55.2899],[-68.6599,-55.2924],[-68.6498,-55.3078],[-68.6005,-55.306],[-68.6115,-55.3499],[-68.5785,-55.3316],[-68.5239,-55.3362],[-68.5741,-55.3754],[-68.4925,-55.3409],[-68.3822,-55.3412],[-68.31,-55.3522],[-68.3034,-55.3806],[-68.266,-55.3744],[-68.3145,-55.3966],[-68.3059,-55.4091],[-68.2335,-55.383],[-68.2063,-55.4107],[-68.1363,-55.3904],[-68.1104,-55.4197],[-68.1272,-55.4505],[-68.1626,-55.4599],[-68.1419,-55.4731],[-68.1684,-55.4781],[-68.0431,-55.4658],[-68.0228,-55.4772],[-68.0903,-55.5283],[-68.1171,-55.5255],[-68.0416,-55.5494],[-68.0375,-55.5807],[-67.9754,-55.5899],[-68.0228,-55.6138],[-67.977,-55.6111],[-67.9836,-55.6379],[-68.0294,-55.6497],[-67.9824,-55.6748],[-68.0135,-55.6757],[-68.0673,-55.7162],[-68.1335,-55.6656],[-68.1123,-55.632],[-68.1369,-55.6384],[-68.1459,-55.6126],[-68.1242,-55.5926],[-68.2369,-55.6334],[-68.2761,-55.6242],[-68.2145,-55.5338],[-68.265,-55.528],[-68.3156,-55.4814],[-68.333,-55.4927],[-68.318,-55.4673],[-68.3388,-55.4574],[-68.3691,-55.4678],[-68.364,-55.4841],[-68.4341,-55.4954],[-68.4889,-55.4628],[-68.5311,-55.4627],[-68.5316,-55.4073],[-68.549,-55.4376],[-68.5962,-55.3994],[-68.5612,-55.4279],[-68.5992,-55.4289],[-68.5635,-55.4696],[-68.6074,-55.4525],[-68.6104,-55.4673],[-68.7007,-55.4719],[-68.7502,-55.4314],[-68.776,-55.4438],[-68.7297,-55.4561],[-68.7323,-55.4719],[-68.7842,-55.4744],[-68.7382,-55.4796],[-68.726,-55.4985],[-68.7738,-55.5128],[-68.8029,-55.4882],[-68.8497,-55.4952],[-68.8784,-55.4817],[-68.8357,-55.4592],[-68.8766,-55.4721],[-68.9167,-55.4621],[-68.8956,-55.4501],[-68.9304,-55.4474],[-68.9297,-55.4294],[-68.8502,-55.3908],[-68.8026,-55.3852],[-68.7639,-55.4061],[-68.7505,-55.3869],[-68.6853,-55.3878],[-68.7808,-55.3721],[-68.7225,-55.3536],[-68.7515,-55.3448],[-68.8068,-55.3761],[-68.9331,-55.4051],[-68.8374,-55.323],[-68.8698,-55.2839],[-68.8086,-55.2477],[-68.8568,-55.2344],[-68.7753,-55.1872],[-68.8889,-55.236],[-68.9194,-55.2225],[-68.9181,-55.2374],[-68.9524,-55.2317],[-68.9282,-55.247],[-68.9529,-55.2843],[-68.9689,-55.2695],[-68.9989,-55.2848],[-69.0472,-55.2791],[-69.0526,-55.2417],[-69.1041,-55.2087],[-69.0861,-55.1615],[-69.1291,-55.2051],[-69.0747,-55.2536],[-69.0972,-55.2644],[-69.1578,-55.2322],[-69.1932,-55.2314],[-69.2282,-55.19],[-69.2706,-55.1998],[-69.2815,-55.1891],[-69.2238,-55.2535],[-69.3286,-55.2462],[-69.2987,-55.2576],[-69.3836,-55.2807],[-69.3888,-55.2555],[-69.4843,-55.2656],[-69.4027,-55.2643],[-69.4158,-55.2847],[-69.4582,-55.2914],[-69.4058,-55.2861],[-69.4573,-55.3088],[-69.4098,-55.3004],[-69.3987,-55.3126],[-69.4191,-55.3272],[-69.4075,-55.3373],[-69.4313,-55.3456],[-69.4026,-55.3386],[-69.3887,-55.3201],[-69.3979,-55.307],[-69.3323,-55.3094],[-69.3196,-55.3205],[-69.345,-55.3287],[-69.2902,-55.3248],[-69.3209,-55.3465],[-69.25,-55.3548],[-69.2774,-55.3746],[-69.2447,-55.3815],[-69.2826,-55.3903],[-69.1929,-55.404],[-69.2266,-55.4185],[-69.1896,-55.4142],[-69.2093,-55.4234],[-69.18,-55.4323],[-69.2474,-55.4328],[-69.2457,-55.4588],[-69.2033,-55.4503],[-69.2578,-55.4679],[-69.2193,-55.476],[-69.1946,-55.4623],[-69.1813,-55.4726],[-69.2068,-55.4835],[-69.1746,-55.4861],[-69.1542,-55.4595],[-69.0728,-55.4762],[-69.1479,-55.4811],[-69.0998,-55.4893],[-69.1369,-55.488],[-69.1088,-55.4953],[-69.1255,-55.5053],[-69.071,-55.5102],[-69.1048,-55.5125],[-69.0933,-55.5384],[-69.1485,-55.5252],[-69.1774,-55.492],[-69.2067,-55.5212],[-69.2188,-55.5087],[-69.2322,-55.5229],[-69.2887,-55.5176],[-69.3241,-55.4391],[-69.3072,-55.422],[-69.331,-55.4221],[-69.3443,-55.4781],[-69.32,-55.4779],[-69.3174,-55.5012],[-69.342,-55.4898],[-69.3588,-55.5551],[-69.3944,-55.5243],[-69.3687,-55.4882],[-69.3929,-55.4715],[-69.4155,-55.4776],[-69.3956,-55.4591],[-69.4254,-55.454],[-69.394,-55.4347],[-69.4234,-55.4489],[-69.4841,-55.4412],[-69.4583,-55.4358],[-69.4794,-55.4303],[-69.461,-55.4148],[-69.3501,-55.4001],[-69.4806,-55.4098],[-69.4235,-55.3693],[-69.4811,-55.3801],[-69.5258,-55.4185],[-69.6106,-55.3922],[-69.5004,-55.3599],[-69.5843,-55.3798],[-69.5361,-55.3536],[-69.6119,-55.3654],[-69.6103,-55.382],[-69.6606,-55.3685],[-69.6443,-55.3533],[-69.6676,-55.3571],[-69.6054,-55.3392],[-69.6715,-55.3456],[-69.6852,-55.3615],[-69.7883,-55.3454],[-69.7525,-55.3429],[-69.7892,-55.333],[-69.7538,-55.3242],[-69.7293,-55.3256],[-69.7288,-55.3294],[-69.7171,-55.3338],[-69.6683,-55.3361],[-69.7231,-55.3305],[-69.7292,-55.3214],[-69.7514,-55.319],[-69.7463,-55.3095],[-69.5245,-55.3049],[-69.6725,-55.2958],[-69.5934,-55.2811],[-69.6632,-55.2793],[-69.5662,-55.2304],[-69.5244,-55.2368],[-69.5325,-55.2221],[-69.4759,-55.2093],[-69.4804,-55.1947],[-69.5296,-55.2152],[-69.5627,-55.2084],[-69.6341,-55.2501],[-69.6837,-55.2341],[-69.6504,-55.2557],[-69.7319,-55.2795],[-69.7691,-55.2657],[-69.7375,-55.2553],[-69.7704,-55.2308],[-69.7901,-55.2604],[-69.7553,-55.2816],[-69.8076,-55.2945],[-69.8184,-55.2823],[-69.8545,-55.3058],[-69.8937,-55.2877],[-69.8383,-55.2654],[-69.946,-55.2724],[-69.9731,-55.2578],[-69.8877,-55.2603],[-69.8601,-55.2291],[-69.9701,-55.2031],[-69.9342,-55.1974],[-69.8906,-55.2189],[-69.8252,-55.2035],[-69.8514,-55.1842],[-69.8552,-55.1995],[-69.9043,-55.2024],[-69.948,-55.1936],[-69.9382,-55.1816],[-70.0341,-55.1821],[-70.0015,-55.1277],[-69.9729,-55.1311],[-69.9761,-55.1641],[-69.9024,-55.1467],[-69.9703,-55.1485],[-69.9406,-55.1155],[-69.8789,-55.1254],[-69.9392,-55.112],[-69.9147,-55.0933],[-69.8335,-55.0844],[-69.8214,-55.1059],[-69.8102,-55.0807],[-69.703,-55.0732],[-69.6587,-55.104],[-69.6802,-55.1197],[-69.6337,-55.1098],[-69.673,-55.092],[-69.6624,-55.0749],[-69.5704,-55.0535],[-69.5286,-55.1592],[-69.5348,-55.1783],[-69.5824,-55.1852],[-69.543,-55.1865],[-69.5164,-55.1646],[-69.542,-55.0488],[-69.4075,-55.034],[-69.3946,-55.0499],[-69.4555,-55.0802],[-69.384,-55.0544],[-69.3191,-55.0746],[-69.3755,-55.0306],[-69.2828,-55.0071],[-69.2172,-55.0011],[-69.1681,-55.0377],[-69.1959,-55.0074],[-69.1684,-54.9969],[-69.0685,-54.995],[-69.0192,-55.0148],[-68.981,-54.9923],[-68.8064,-54.9881],[-68.714,-54.9501],[-68.5818,-54.9455],[-68.5178,-54.9239],[-68.4012,-54.9503],[-68.304,-55.0337],[-68.3314,-55.0811],[-68.4108,-55.063],[-68.4446,-55.0249],[-68.4053,-55.09],[-68.4474,-55.1106],[-68.5187,-55.1138],[-68.5576,-55.0855]]],[[[-68.9483,-55.3363],[-68.9814,-55.3407],[-69.0211,-55.3082],[-68.9701,-55.2894],[-68.9483,-55.3363]]],[[[-66.803,-55.3027],[-66.777,-55.322],[-66.8071,-55.3182],[-66.803,-55.3027]]],[[[-68.9438,-55.3555],[-68.946,-55.2911],[-68.8651,-55.242],[-68.8489,-55.2526],[-68.8847,-55.2835],[-68.89,-55.3419],[-68.9085,-55.356],[-68.9196,-55.3515],[-68.9219,-55.3644],[-68.9478,-55.3675],[-68.9271,-55.3586],[-68.9438,-55.3555]]],[[[-69.2044,-55.2909],[-69.1812,-55.3145],[-69.2192,-55.3139],[-69.2321,-55.2946],[-69.2044,-55.2909]]],[[[-69.3942,-55.2853],[-69.2647,-55.2611],[-69.2133,-55.2701],[-69.243,-55.3028],[-69.3348,-55.3046],[-69.3166,-55.2974],[-69.3468,-55.3008],[-69.3625,-55.2848],[-69.3607,-55.3024],[-69.3908,-55.2979],[-69.3942,-55.2853]]],[[[-66.9038,-55.217],[-66.8654,-55.2256],[-66.8577,-55.2807],[-66.8167,-55.3026],[-66.8563,-55.3123],[-66.8595,-55.3428],[-67.0118,-55.3477],[-67.0616,-55.2765],[-66.9955,-55.2317],[-66.9038,-55.217]]],[[[-67.8267,-55.2684],[-67.8194,-55.2814],[-67.8414,-55.2783],[-67.8267,-55.2684]]],[[[-70.0436,-55.2613],[-70.0517,-55.2773],[-70.0682,-55.2641],[-70.0436,-55.2613]]],[[[-69.1653,-55.2394],[-69.1658,-55.2532],[-69.1961,-55.2524],[-69.1653,-55.2394]]],[[[-67.9228,-55.2412],[-67.9616,-55.2561],[-67.9669,-55.2331],[-67.9126,-55.2098],[-67.9228,-55.2412]]],[[[-70.0389,-55.2287],[-70.0424,-55.258],[-69.9857,-55.2632],[-70.098,-55.2566],[-70.0673,-55.2509],[-70.1273,-55.2268],[-70.1226,-55.2006],[-70.0389,-55.2287]]],[[[-66.4184,-55.2234],[-66.4791,-55.2235],[-66.5179,-55.2757],[-66.6436,-55.288],[-66.654,-55.206],[-66.5263,-55.1732],[-66.431,-55.1936],[-66.4184,-55.2234]]],[[[-69.9549,-55.2184],[-69.9242,-55.2291],[-69.9472,-55.2389],[-69.9549,-55.2184]]],[[[-68.2357,-55.2223],[-68.2024,-55.2288],[-68.2462,-55.2337],[-68.2357,-55.2223]]],[[[-68.3277,-55.1687],[-68.2894,-55.1555],[-68.2408,-55.1683],[-68.2088,-55.222],[-68.3218,-55.196],[-68.3277,-55.1687]]],[[[-68.7877,-55.1575],[-68.773,-55.1493],[-68.708,-55.16],[-68.706,-55.173],[-68.7535,-55.1784],[-68.7877,-55.1575]]],[[[-68.485,-55.141],[-68.4394,-55.1231],[-68.4096,-55.1291],[-68.4409,-55.1388],[-68.4229,-55.146],[-68.485,-55.141]]],[[[-67.1674,-54.9729],[-67.0745,-55.0822],[-67.0523,-55.0828],[-67.0462,-55.1595],[-67.0868,-55.2106],[-67.1428,-55.2296],[-67.2195,-55.2934],[-67.2205,-55.3209],[-67.2982,-55.3314],[-67.4349,-55.3174],[-67.4689,-55.2693],[-67.4176,-55.208],[-67.505,-55.1768],[-67.5958,-55.1976],[-67.6238,-55.2379],[-67.6136,-55.2783],[-67.7446,-55.25],[-67.8561,-55.2568],[-67.8797,-55.2197],[-67.7869,-55.2424],[-67.7607,-55.2345],[-67.7709,-55.2445],[-67.7314,-55.238],[-67.8739,-55.1992],[-67.8649,-55.1881],[-67.9147,-55.2004],[-67.9253,-55.1876],[-67.9533,-55.2203],[-68.0116,-55.2199],[-68.0277,-55.2381],[-68.1186,-55.2223],[-68.1176,-55.1732],[-68.0559,-55.1762],[-68.1234,-55.1709],[-68.15,-55.1501],[-68.1715,-55.1003],[-68.1456,-55.051],[-68.1731,-54.9925],[-68.1973,-54.9981],[-68.1824,-54.9859],[-68.2113,-54.972],[-68.1993,-54.9985],[-68.304,-55.0015],[-68.3783,-54.947],[-68.3294,-54.9211],[-68.2818,-54.9302],[-68.208,-54.9193],[-68.2266,-54.9018],[-67.9771,-54.8934],[-67.7729,-54.9156],[-67.71,-54.9408],[-67.529,-54.9234],[-67.4772,-54.9374],[-67.4543,-54.9227],[-67.283,-54.9282],[-67.3,-54.9368],[-67.1674,-54.9729]]],[[[-67.0461,-54.9873],[-66.8602,-55.0283],[-66.8152,-55.1189],[-66.839,-55.1177],[-66.8229,-55.1171],[-66.8295,-55.0961],[-66.8286,-55.1144],[-66.8584,-55.1165],[-67.0442,-55.0285],[-67.0461,-54.9873]]],[[[-70.037,-55.0468],[-70.0337,-55.0823],[-70.076,-55.0848],[-70.0976,-55.0582],[-70.0822,-55.0366],[-69.9872,-55.0189],[-70.0091,-55.052],[-70.037,-55.0468]]],[[[-69.9338,-55.0529],[-69.9484,-55.0723],[-70.0017,-55.076],[-69.9523,-55.003],[-69.9338,-55.0529]]],[[[-68.2161,-55.0145],[-68.224,-55.0517],[-68.2636,-55.0365],[-68.2685,-55.0067],[-68.2161,-55.0145]]],[[[-70.1465,-54.9967],[-70.1527,-55.0242],[-70.2084,-55.0257],[-70.1752,-54.9701],[-70.1298,-54.9759],[-70.144,-54.958],[-70.1123,-54.9487],[-70.0612,-54.941],[-70.0613,-54.9561],[-70.0462,-54.9401],[-69.9896,-54.9369],[-69.9497,-54.9574],[-69.9906,-54.9955],[-70.0438,-55.0053],[-70.0138,-54.9607],[-70.0561,-54.9903],[-70.0823,-54.9783],[-70.1005,-55.023],[-70.1437,-55.023],[-70.1465,-54.9967]]],[[[-69.4473,-54.9133],[-69.2893,-54.9438],[-69.2207,-54.9394],[-69.13,-54.9697],[-69.2794,-54.9921],[-69.3439,-54.9723],[-69.2865,-54.995],[-69.4317,-55.0251],[-69.4668,-54.9924],[-69.4582,-55.0169],[-69.4947,-55.0176],[-69.4923,-55.0365],[-69.5958,-55.0443],[-69.6113,-55.0324],[-69.6051,-55.0428],[-69.6687,-55.0586],[-69.7009,-55.0482],[-69.7043,-55.0598],[-69.7915,-55.0654],[-69.8117,-55.0321],[-69.8093,-55.0593],[-69.8376,-55.0526],[-69.8342,-55.0678],[-69.9304,-55.0673],[-69.8911,-55.0267],[-69.9214,-55.0371],[-69.9351,-55.024],[-69.9118,-54.9921],[-69.9596,-54.9888],[-69.9444,-54.9672],[-69.8996,-54.9558],[-69.8069,-54.9673],[-69.8971,-54.9339],[-69.9277,-54.9422],[-69.9362,-54.9174],[-69.8565,-54.9097],[-69.8766,-54.8996],[-69.8576,-54.8897],[-69.7982,-54.8849],[-69.7414,-54.9552],[-69.7538,-54.9916],[-69.7257,-54.9608],[-69.6818,-54.9641],[-69.7086,-54.9682],[-69.6814,-54.9764],[-69.6639,-54.9668],[-69.7268,-54.9328],[-69.6612,-54.9441],[-69.7609,-54.9011],[-69.757,-54.888],[-69.67,-54.8801],[-69.6496,-54.9049],[-69.6006,-54.8832],[-69.481,-54.9143],[-69.5013,-54.9197],[-69.4776,-54.9324],[-69.4941,-54.9589],[-69.5357,-54.9684],[-69.4815,-54.962],[-69.4473,-54.9133]]],[[[-68.2756,-54.909],[-68.2528,-54.9212],[-68.2945,-54.9212],[-68.2756,-54.909]]],[[[-69.9938,-54.8931],[-70.0199,-54.9046],[-70.103,-54.8929],[-70.0746,-54.8854],[-69.9938,-54.8931]]],[[[-69.0762,-54.4384],[-69.0539,-54.4419],[-69.0955,-54.4409],[-69.0762,-54.4384]]],[[[-69.9528,-54.2678],[-69.9156,-54.2754],[-69.929,-54.293],[-69.9528,-54.2678]]]]}},{"type":"Feature","properties":{"territorio":"CIRCUNSCRIPCION SENATORIAL 16","n_comunas":21},"geometry":{"type":"Polygon","coordinates":[[[-72.5387,-36.8492],[-72.593,-36.816],[-72.5936,-36.7316],[-72.6542,-36.6667],[-72.7201,-36.655],[-72.7336,-36.6174],[-72.7768,-36.6241],[-72.7674,-36.603],[-72.7989,-36.6055],[-72.7991,-36.5621],[-72.828,-36.5263],[-72.7931,-36.5106],[-72.81,-36.4596],[-72.873,-36.4575],[-72.8861,-36.4433],[-72.8704,-36.3862],[-72.8525,-36.3586],[-72.8098,-36.2776],[-72.814,-36.093],[-72.7735,-36.0117],[-72.76,-36.0054],[-72.7498,-36.0077],[-72.7449,-36.0076],[-72.7397,-36.0097],[-72.7316,-36.0157],[-72.6909,-36.0186],[-72.684,-36.0195],[-72.6798,-36.0222],[-72.6762,-36.0282],[-72.6679,-36.0303],[-72.6603,-36.0367],[-72.6553,-36.0468],[-72.6465,-36.0155],[-72.6421,-36.0169],[-72.6404,-36.0204],[-72.6348,-36.0206],[-72.631,-36.0248],[-72.6202,-36.0365],[-72.6245,-36.0453],[-72.6146,-36.0524],[-72.6031,-36.0584],[-72.5952,-36.0607],[-72.5926,-36.0651],[-72.5884,-36.0649],[-72.5762,-36.074],[-72.5549,-36.0783],[-72.5476,-36.0774],[-72.5428,-36.0752],[-72.5395,-36.0695],[-72.5315,-36.0688],[-72.5181,-36.0799],[-72.5116,-36.0803],[-72.5081,-36.0754],[-72.4933,-36.072],[-72.4883,-36.0764],[-72.4879,-36.0805],[-72.4931,-36.086],[-72.5006,-36.0847],[-72.4972,-36.0946],[-72.5006,-36.0977],[-72.4933,-36.1063],[-72.491,-36.122],[-72.493,-36.1352],[-72.4979,-36.1348],[-72.4981,-36.1388],[-72.5016,-36.1433],[-72.4943,-36.1464],[-72.4898,-36.1469],[-72.4817,-36.1505],[-72.4707,-36.1502],[-72.4545,-36.1495],[-72.4074,-36.1743],[-72.4014,-36.1763],[-72.359,-36.1572],[-72.3376,-36.2054],[-72.3603,-36.2149],[-72.3727,-36.2135],[-72.4124,-36.2079],[-72.4125,-36.2231],[-72.4096,-36.2254],[-72.4004,-36.2314],[-72.3951,-36.232],[-72.3876,-36.2424],[-72.3865,-36.2454],[-72.3894,-36.2484],[-72.3582,-36.2484],[-72.3511,-36.2451],[-72.334,-36.2332],[-72.3211,-36.2325],[-72.3201,-36.2336],[-72.3133,-36.2331],[-72.3052,-36.2405],[-72.298,-36.2477],[-72.2843,-36.2556],[-72.2776,-36.2615],[-72.2719,-36.2568],[-72.2547,-36.234],[-72.2373,-36.207],[-72.2235,-36.2153],[-72.1952,-36.2181],[-72.186,-36.2224],[-72.1564,-36.241],[-72.153,-36.2472],[-72.1391,-36.2459],[-72.1351,-36.2293],[-72.1362,-36.221],[-72.132,-36.2102],[-72.1308,-36.2016],[-72.1314,-36.1924],[-72.1225,-36.1872],[-72.1126,-36.173],[-72.1058,-36.169],[-72.1031,-36.1322],[-72.0996,-36.1257],[-72.0898,-36.1314],[-72.0827,-36.1302],[-72.0793,-36.1402],[-72.0768,-36.1445],[-72.0716,-36.1475],[-72.0729,-36.1503],[-72.073,-36.1563],[-72.0593,-36.1564],[-72.0538,-36.1607],[-72.0457,-36.1698],[-72.0386,-36.1731],[-72.0312,-36.1768],[-72.027,-36.1736],[-72.0226,-36.1749],[-72.0251,-36.179],[-72.0112,-36.1919],[-72.0124,-36.1989],[-71.9994,-36.2081],[-71.9925,-36.2078],[-71.9996,-36.2158],[-71.9986,-36.2201],[-71.9949,-36.2294],[-71.9918,-36.2374],[-71.9921,-36.242],[-71.9869,-36.2415],[-71.98,-36.2399],[-71.9813,-36.2509],[-71.9342,-36.2568],[-71.926,-36.2579],[-71.9117,-36.2678],[-71.9075,-36.2665],[-71.8695,-36.2549],[-71.8677,-36.248],[-71.8488,-36.2462],[-71.8465,-36.2501],[-71.841,-36.2557],[-71.8361,-36.2512],[-71.8318,-36.2514],[-71.8221,-36.2561],[-71.8112,-36.2595],[-71.8048,-36.2629],[-71.8037,-36.2729],[-71.7987,-36.2738],[-71.7969,-36.2777],[-71.7899,-36.2904],[-71.7846,-36.2941],[-71.7741,-36.2981],[-71.7738,-36.3014],[-71.7683,-36.3037],[-71.7514,-36.3158],[-71.7447,-36.3187],[-71.7328,-36.3252],[-71.7213,-36.3345],[-71.708,-36.3489],[-71.7039,-36.3473],[-71.7014,-36.3513],[-71.6965,-36.3544],[-71.6913,-36.354],[-71.6887,-36.359],[-71.6825,-36.3594],[-71.6738,-36.3636],[-71.665,-36.3664],[-71.6502,-36.3715],[-71.641,-36.374],[-71.6307,-36.372],[-71.628,-36.3723],[-71.6238,-36.3765],[-71.5993,-36.3868],[-71.5909,-36.3912],[-71.5816,-36.3935],[-71.5748,-36.4033],[-71.5656,-36.4026],[-71.554,-36.4042],[-71.5489,-36.403],[-71.5435,-36.4074],[-71.5366,-36.4063],[-71.5269,-36.4074],[-71.5227,-36.409],[-71.5188,-36.4062],[-71.5079,-36.4106],[-71.5027,-36.4151],[-71.495,-36.4153],[-71.4694,-36.4121],[-71.4639,-36.4164],[-71.4505,-36.4246],[-71.448,-36.4309],[-71.4425,-36.4304],[-71.4386,-36.4337],[-71.439,-36.4411],[-71.4389,-36.4468],[-71.4336,-36.4596],[-71.4313,-36.4672],[-71.4277,-36.4699],[-71.4249,-36.4771],[-71.4205,-36.4837],[-71.4153,-36.4957],[-71.3952,-36.5108],[-71.3868,-36.5118],[-71.3742,-36.5116],[-71.3665,-36.5134],[-71.356,-36.5132],[-71.3463,-36.5261],[-71.3451,-36.5358],[-71.3303,-36.5424],[-71.3207,-36.5319],[-71.3165,-36.5222],[-71.316,-36.5161],[-71.3127,-36.5085],[-71.3093,-36.5023],[-71.3098,-36.4934],[-71.3048,-36.4819],[-71.2957,-36.4785],[-71.2942,-36.4639],[-71.2879,-36.4602],[-71.2851,-36.4536],[-71.2809,-36.4474],[-71.2693,-36.4399],[-71.2599,-36.4418],[-71.2584,-36.4475],[-71.2553,-36.4513],[-71.2488,-36.4551],[-71.2333,-36.4659],[-71.2217,-36.4518],[-71.2151,-36.449],[-71.1807,-36.4039],[-71.1731,-36.4046],[-71.1631,-36.3999],[-71.1592,-36.4037],[-71.1421,-36.3824],[-71.138,-36.3757],[-71.113,-36.3618],[-71.0992,-36.3698],[-71.094,-36.3688],[-71.0792,-36.3701],[-71.0744,-36.3776],[-71.0615,-36.39],[-71.0643,-36.398],[-71.064,-36.4126],[-71.062,-36.4189],[-71.0582,-36.4214],[-71.0613,-36.4284],[-71.0601,-36.4332],[-71.0639,-36.4377],[-71.0626,-36.4404],[-71.0656,-36.4453],[-71.0385,-36.4698],[-71.0575,-36.6174],[-71.0108,-36.6638],[-71.012,-36.6969],[-71.0661,-36.7145],[-71.0863,-36.6774],[-71.1137,-36.6795],[-71.1318,-36.8143],[-71.1637,-36.8193],[-71.1797,-36.8413],[-71.1624,-36.8614],[-71.1219,-36.8641],[-71.1496,-36.9013],[-71.1446,-36.9291],[-71.0876,-36.9342],[-71.107,-36.9711],[-71.2199,-36.9738],[-71.1667,-36.9981],[-71.1399,-37.0701],[-71.0961,-37.1091],[-71.156,-37.1165],[-71.1885,-37.0981],[-71.2694,-37.1117],[-71.3826,-37.0672],[-71.4089,-37.0905],[-71.4583,-37.0663],[-71.4942,-37.0104],[-71.551,-37.0212],[-71.5446,-37.0621],[-71.5634,-37.1334],[-71.5809,-37.1241],[-71.6782,-37.145],[-71.7982,-37.1087],[-71.8423,-37.1284],[-71.8496,-37.161],[-71.8906,-37.1827],[-71.9898,-37.1933],[-72.0352,-37.1655],[-72.0655,-37.1668],[-72.0618,-37.1927],[-72.1132,-37.1783],[-72.1665,-37.1978],[-72.219,-37.1858],[-72.2712,-37.195],[-72.2612,-37.0926],[-72.1868,-37.0524],[-72.1952,-37.0272],[-72.3267,-36.981],[-72.3855,-36.9117],[-72.4134,-36.9299],[-72.4615,-36.9275],[-72.4514,-36.9083],[-72.5037,-36.8952],[-72.5166,-36.9393],[-72.6536,-36.92],[-72.6429,-36.8816],[-72.5677,-36.8928],[-72.5731,-36.8658],[-72.5387,-36.8492]]]}},{"type":"Feature","properties":{"territorio":"CIRCUNSCRIPCION SENATORIAL 2","n_comunas":7},"geometry":{"type":"Polygon","coordinates":[[[-68.9894,-21.3173],[-69.0864,-21.3415],[-69.1503,-21.3575],[-69.2661,-21.3864],[-69.3131,-21.3982],[-69.3898,-21.473],[-69.4466,-21.5285],[-69.4823,-21.5633],[-69.5513,-21.6306],[-69.5533,-21.6265],[-69.558,-21.6243],[-69.5594,-21.6224],[-69.563,-21.6229],[-69.5636,-21.6207],[-69.5664,-21.6196],[-69.566,-21.6168],[-69.5696,-21.6132],[-69.5726,-21.6099],[-69.5786,-21.6058],[-69.5791,-21.6034],[-69.5791,-21.5986],[-69.5779,-21.5968],[-69.581,-21.5934],[-69.5827,-21.5926],[-69.5846,-21.5879],[-69.5867,-21.5856],[-69.5877,-21.5827],[-69.5906,-21.5786],[-69.5917,-21.5748],[-69.5944,-21.5724],[-69.5946,-21.5681],[-69.5973,-21.5667],[-69.5975,-21.5628],[-69.5988,-21.5605],[-69.6049,-21.5559],[-69.6072,-21.5528],[-69.6101,-21.552],[-69.6102,-21.5504],[-69.6139,-21.5486],[-69.6164,-21.5492],[-69.6261,-21.5451],[-69.6252,-21.5402],[-69.6282,-21.5371],[-69.6283,-21.5343],[-69.6319,-21.5331],[-69.6316,-21.5315],[-69.6279,-21.5316],[-69.626,-21.529],[-69.6298,-21.526],[-69.6294,-21.5212],[-69.6354,-21.5148],[-69.6357,-21.5101],[-69.6408,-21.5059],[-69.6393,-21.4997],[-69.6443,-21.4991],[-69.6453,-21.4977],[-69.6498,-21.4956],[-69.6524,-21.4904],[-69.6546,-21.4886],[-69.6559,-21.4852],[-69.6586,-21.4838],[-69.6621,-21.4801],[-69.6711,-21.4613],[-69.6756,-21.4619],[-69.6783,-21.4617],[-69.6868,-21.4591],[-69.6888,-21.4577],[-69.6884,-21.4556],[-69.6893,-21.4535],[-69.6943,-21.4504],[-69.698,-21.453],[-69.7011,-21.4532],[-69.7015,-21.4552],[-69.7072,-21.4524],[-69.7074,-21.4501],[-69.7118,-21.4505],[-69.7174,-21.4506],[-69.7207,-21.4509],[-69.7223,-21.452],[-69.7247,-21.4505],[-69.7254,-21.4485],[-69.7283,-21.4495],[-69.7306,-21.4482],[-69.7319,-21.4463],[-69.7346,-21.4468],[-69.7349,-21.4444],[-69.7382,-21.4444],[-69.744,-21.4408],[-69.7467,-21.4379],[-69.75,-21.4369],[-69.7557,-21.4281],[-69.7623,-21.4256],[-69.7641,-21.4205],[-69.7663,-21.4205],[-69.768,-21.4231],[-69.7742,-21.4253],[-69.7773,-21.4278],[-69.7824,-21.4324],[-69.7817,-21.4346],[-69.7833,-21.4403],[-69.7869,-21.4375],[-69.7915,-21.4402],[-69.795,-21.4387],[-69.8022,-21.4405],[-69.809,-21.4398],[-69.8133,-21.4377],[-69.8186,-21.4365],[-69.8236,-21.4401],[-69.8277,-21.4397],[-69.8289,-21.4408],[-69.8307,-21.4424],[-69.8347,-21.44],[-69.8415,-21.4368],[-69.8444,-21.4377],[-69.853,-21.4395],[-69.855,-21.4374],[-69.8576,-21.4379],[-69.862,-21.4363],[-69.8631,-21.4345],[-69.8673,-21.4345],[-69.8785,-21.4367],[-69.8825,-21.4364],[-69.8907,-21.4316],[-69.8971,-21.4311],[-69.8992,-21.4303],[-69.9035,-21.4254],[-69.9049,-21.4252],[-69.9096,-21.4273],[-69.9155,-21.4284],[-69.9193,-21.4256],[-69.9238,-21.4262],[-69.9302,-21.4246],[-69.9321,-21.4248],[-69.9342,-21.4238],[-69.9382,-21.4239],[-69.9405,-21.423],[-69.9417,-21.4249],[-69.9462,-21.4258],[-69.9512,-21.4254],[-69.9592,-21.4286],[-69.9602,-21.4302],[-69.966,-21.4312],[-69.9711,-21.4329],[-69.9746,-21.4332],[-69.979,-21.4345],[-69.9836,-21.4348],[-69.9893,-21.4332],[-69.9962,-21.4375],[-70.001,-21.4381],[-70.008,-21.4387],[-70.0107,-21.4362],[-70.0202,-21.4344],[-70.0255,-21.4302],[-70.0276,-21.429],[-70.0325,-21.4297],[-70.0353,-21.4266],[-70.0398,-21.4247],[-70.0444,-21.4261],[-70.0478,-21.4258],[-70.054,-21.4279],[-70.0583,-21.43],[-70.0977,-21.3484],[-70.0657,-21.3042],[-70.0821,-21.2322],[-70.1334,-21.1292],[-70.1253,-21.0872],[-70.1779,-21.0241],[-70.1278,-20.9447],[-70.1374,-20.8853],[-70.2092,-20.8116],[-70.186,-20.7968],[-70.1994,-20.7522],[-70.1838,-20.7369],[-70.1985,-20.7158],[-70.1822,-20.658],[-70.2002,-20.5383],[-70.1661,-20.5007],[-70.1582,-20.4616],[-70.1589,-20.408],[-70.1822,-20.3594],[-70.1429,-20.3288],[-70.1294,-20.2948],[-70.163,-20.2092],[-70.1375,-20.1917],[-70.1528,-20.1608],[-70.122,-20.0898],[-70.1327,-20.0633],[-70.1228,-19.9883],[-70.1471,-19.9029],[-70.1319,-19.8795],[-70.1627,-19.828],[-70.1468,-19.7854],[-70.152,-19.7224],[-70.1749,-19.6982],[-70.1703,-19.6557],[-70.2396,-19.6033],[-70.2067,-19.5911],[-70.2022,-19.4983],[-70.2259,-19.4072],[-70.2617,-19.3525],[-70.2566,-19.3291],[-70.2854,-19.3088],[-70.2866,-19.23],[-70.1306,-19.1543],[-70.099,-19.1194],[-69.9863,-19.0699],[-69.9784,-19.0638],[-69.9588,-19.0565],[-69.9531,-19.0511],[-69.9479,-19.0494],[-69.9316,-19.053],[-69.9144,-19.0493],[-69.9044,-19.0452],[-69.8928,-19.0389],[-69.8861,-19.0343],[-69.8718,-19.0365],[-69.8655,-19.0397],[-69.8527,-19.0408],[-69.8276,-19.0469],[-69.8168,-19.0456],[-69.7953,-19.046],[-69.788,-19.0406],[-69.749,-19.0321],[-69.7378,-19.0335],[-69.7243,-19.0288],[-69.7106,-19.0267],[-69.6879,-19.0257],[-69.6652,-19.0275],[-69.6475,-19.0214],[-69.6429,-19.0209],[-69.6279,-19.0228],[-69.6124,-19.024],[-69.5981,-19.021],[-69.5852,-19.0233],[-69.5797,-19.0253],[-69.5697,-19.027],[-69.5395,-19.0289],[-69.5318,-19.0259],[-69.5201,-19.0256],[-69.5099,-19.0265],[-69.4886,-19.0303],[-69.4735,-19.0364],[-69.4673,-19.0328],[-69.4595,-19.0318],[-69.4552,-19.0271],[-69.4498,-19.0252],[-69.4375,-19.024],[-69.4201,-19.025],[-69.4039,-19.0337],[-69.3966,-19.0477],[-69.3952,-19.0525],[-69.3961,-19.0612],[-69.3948,-19.0622],[-69.3884,-19.0615],[-69.3775,-19.067],[-69.3635,-19.0793],[-69.3514,-19.0861],[-69.3332,-19.0911],[-69.3204,-19.1009],[-69.3149,-19.1031],[-69.3156,-19.1152],[-69.3122,-19.1258],[-69.3182,-19.1343],[-69.3024,-19.1322],[-69.2953,-19.127],[-69.2942,-19.1192],[-69.2915,-19.1146],[-69.2798,-19.1119],[-69.2631,-19.1086],[-69.2526,-19.1032],[-69.2414,-19.0994],[-69.2349,-19.0945],[-69.2316,-19.0939],[-69.2181,-19.0965],[-69.2083,-19.1053],[-69.2032,-19.11],[-69.1913,-19.1045],[-69.1923,-19.0955],[-69.1779,-19.0955],[-69.158,-19.1048],[-69.1483,-19.0981],[-69.1439,-19.0872],[-69.137,-19.0847],[-69.1303,-19.0876],[-69.1265,-19.0797],[-69.1168,-19.079],[-69.1024,-19.068],[-69.1025,-19.0595],[-69.1069,-19.0565],[-69.0898,-19.0462],[-69.0783,-19.0489],[-69.0742,-19.046],[-69.0736,-19.0392],[-69.071,-19.029],[-69.0639,-19.0261],[-69.0475,-19.0313],[-69.0465,-19.0263],[-69.041,-19.0234],[-69.0394,-19.0185],[-69.0335,-19.0141],[-69.0316,-19.0094],[-69.0246,-19.0061],[-69.0199,-19.0077],[-69.0147,-19.0036],[-69.0098,-18.9975],[-69.0109,-18.9856],[-69.0164,-18.9843],[-69.0229,-18.977],[-69.0226,-18.9702],[-69.0219,-18.9597],[-69.0202,-18.9537],[-69.0083,-18.9502],[-68.9998,-18.9577],[-68.9846,-18.9536],[-68.9794,-18.9469],[-68.9724,-18.9471],[-68.9673,-18.9443],[-68.9625,-18.9478],[-68.9569,-18.9448],[-68.9203,-18.9771],[-68.8897,-19.0435],[-68.806,-19.0837],[-68.6341,-19.2455],[-68.6199,-19.2764],[-68.5425,-19.2965],[-68.4045,-19.416],[-68.4409,-19.4401],[-68.5722,-19.6053],[-68.6196,-19.6964],[-68.6813,-19.718],[-68.6961,-19.7393],[-68.6511,-19.7719],[-68.5993,-19.828],[-68.5282,-19.8453],[-68.5423,-19.89],[-68.5216,-19.9243],[-68.5662,-20.0501],[-68.6404,-20.0489],[-68.7621,-20.0782],[-68.7738,-20.1297],[-68.7036,-20.1366],[-68.6918,-20.177],[-68.7104,-20.1861],[-68.6991,-20.2114],[-68.7129,-20.2487],[-68.6936,-20.2949],[-68.6604,-20.3195],[-68.6744,-20.3569],[-68.7415,-20.3684],[-68.7387,-20.4569],[-68.6663,-20.5167],[-68.5882,-20.5469],[-68.573,-20.5751],[-68.5356,-20.5694],[-68.5165,-20.6035],[-68.4851,-20.6052],[-68.4417,-20.6353],[-68.5023,-20.6701],[-68.5312,-20.7217],[-68.5536,-20.7295],[-68.5394,-20.7936],[-68.5534,-20.8761],[-68.5161,-20.9344],[-68.4807,-20.9452],[-68.5092,-21.0071],[-68.5358,-21.0647],[-68.5889,-21.1012],[-68.6568,-21.1479],[-68.7581,-21.2175],[-68.8608,-21.2851],[-68.9217,-21.3003],[-68.9894,-21.3173]]]}},{"type":"Feature","properties":{"territorio":"CIRCUNSCRIPCION SENATORIAL 3","n_comunas":9},"geometry":{"type":"Polygon","coordinates":[[[-68.9901,-25.4048],[-68.9957,-25.4106],[-69.0033,-25.4131],[-69.0079,-25.4174],[-69.0217,-25.4267],[-69.0299,-25.4372],[-69.0359,-25.4423],[-69.0335,-25.4467],[-69.0236,-25.4448],[-69.0151,-25.4492],[-69.0135,-25.4522],[-69.0064,-25.4569],[-69.0018,-25.4613],[-69.0045,-25.4725],[-69.0038,-25.4787],[-68.9975,-25.4867],[-68.9938,-25.4974],[-68.9947,-25.5074],[-68.9972,-25.5078],[-69.0043,-25.5035],[-69.0097,-25.5036],[-69.016,-25.5057],[-69.0254,-25.5142],[-69.0295,-25.5331],[-69.0372,-25.5326],[-69.0444,-25.5355],[-69.0472,-25.5401],[-69.0514,-25.5437],[-69.0544,-25.5556],[-69.0544,-25.565],[-69.0573,-25.5696],[-69.0623,-25.5733],[-69.068,-25.5792],[-69.0828,-25.5799],[-69.0837,-25.5852],[-69.078,-25.5861],[-69.0705,-25.5858],[-69.0668,-25.6061],[-69.0603,-25.619],[-69.0508,-25.6364],[-69.0558,-25.6464],[-69.0588,-25.6579],[-69.06,-25.6654],[-69.0683,-25.6762],[-69.0709,-25.6813],[-69.0704,-25.6914],[-69.0737,-25.6969],[-69.0815,-25.7034],[-69.0883,-25.7073],[-69.0958,-25.7216],[-69.0903,-25.7241],[-69.0815,-25.7227],[-69.074,-25.7262],[-69.0674,-25.7265],[-69.06,-25.7248],[-69.0598,-25.7306],[-69.0706,-25.7403],[-69.079,-25.7433],[-69.0791,-25.7539],[-69.082,-25.7602],[-69.0966,-25.7832],[-69.0972,-25.7863],[-69.0943,-25.7932],[-69.0982,-25.8018],[-69.1059,-25.8032],[-69.1115,-25.8024],[-69.1158,-25.8079],[-69.1238,-25.8087],[-69.1322,-25.8142],[-69.1409,-25.8182],[-69.149,-25.8203],[-69.165,-25.8163],[-69.1714,-25.8164],[-69.1782,-25.8209],[-69.1962,-25.8293],[-69.2019,-25.8336],[-69.2074,-25.8345],[-69.2106,-25.8333],[-69.2213,-25.8342],[-69.2237,-25.8368],[-69.2313,-25.84],[-69.2345,-25.8443],[-69.2434,-25.846],[-69.2427,-25.8528],[-69.2451,-25.8576],[-69.2525,-25.8625],[-69.2561,-25.8616],[-69.2627,-25.8641],[-69.2639,-25.8598],[-69.2676,-25.8578],[-69.2756,-25.8582],[-69.2838,-25.8641],[-69.285,-25.8667],[-69.3018,-25.8689],[-69.3132,-25.8678],[-69.3171,-25.8654],[-69.3314,-25.8665],[-69.3392,-25.8662],[-69.3458,-25.869],[-69.3488,-25.8668],[-69.3529,-25.8674],[-69.3544,-25.87],[-69.367,-25.88],[-69.3815,-25.8801],[-69.3845,-25.8791],[-69.3969,-25.8704],[-69.4202,-25.8607],[-69.4269,-25.8564],[-69.4317,-25.8594],[-69.4404,-25.8602],[-69.4418,-25.8632],[-69.4402,-25.8708],[-69.4454,-25.8775],[-69.4453,-25.8839],[-69.4503,-25.8888],[-69.4509,-25.8932],[-69.4544,-25.8961],[-69.4682,-25.8985],[-69.4739,-25.9036],[-69.4767,-25.912],[-69.4952,-25.9122],[-69.5028,-25.9151],[-69.503,-25.9487],[-69.5099,-25.9499],[-69.5177,-25.9497],[-69.5249,-25.9513],[-69.529,-25.9483],[-69.5368,-25.9473],[-69.5405,-25.9453],[-69.5575,-25.9423],[-69.5634,-25.9433],[-69.5803,-25.942],[-69.5884,-25.9423],[-69.5945,-25.9439],[-69.6025,-25.9444],[-69.6107,-25.9422],[-69.624,-25.9427],[-69.6321,-25.9409],[-69.6492,-25.942],[-69.6584,-25.9446],[-69.6649,-25.9426],[-69.6686,-25.9436],[-69.6752,-25.9429],[-69.6805,-25.94],[-69.6882,-25.9395],[-69.6944,-25.936],[-69.7023,-25.9346],[-69.7124,-25.9301],[-69.7182,-25.9242],[-69.7293,-25.9196],[-69.7385,-25.9197],[-69.7432,-25.9209],[-69.7565,-25.9174],[-69.7615,-25.9174],[-69.7674,-25.9201],[-69.7808,-25.9229],[-69.7849,-25.9225],[-69.7958,-25.926],[-69.8033,-25.9252],[-69.8086,-25.9266],[-69.8183,-25.9246],[-69.8254,-25.9275],[-69.8366,-25.9391],[-69.8435,-25.9424],[-69.8491,-25.9428],[-69.8541,-25.9468],[-69.8812,-25.9139],[-69.9077,-25.8946],[-70.023,-25.9199],[-70.0761,-25.9659],[-70.0751,-25.9553],[-70.077,-25.9529],[-70.0832,-25.9525],[-70.0877,-25.9538],[-70.0908,-25.9505],[-70.0964,-25.9518],[-70.1054,-25.9511],[-70.1109,-25.9495],[-70.1168,-25.9522],[-70.1272,-25.9553],[-70.1328,-25.9501],[-70.1357,-25.9491],[-70.1416,-25.9536],[-70.1462,-25.9533],[-70.1521,-25.9496],[-70.1578,-25.9439],[-70.1639,-25.9404],[-70.1685,-25.9397],[-70.1745,-25.9421],[-70.1844,-25.9435],[-70.1919,-25.9432],[-70.2,-25.9417],[-70.2025,-25.9392],[-70.2136,-25.9346],[-70.2165,-25.9307],[-70.2216,-25.9271],[-70.2211,-25.9212],[-70.2338,-25.9193],[-70.2405,-25.9161],[-70.2403,-25.9219],[-70.2492,-25.9256],[-70.2534,-25.9314],[-70.2598,-25.9304],[-70.2639,-25.9314],[-70.2668,-25.9175],[-70.2711,-25.9132],[-70.2747,-25.9075],[-70.2808,-25.9064],[-70.2866,-25.9006],[-70.2952,-25.8966],[-70.3006,-25.8958],[-70.3151,-25.9046],[-70.3144,-25.9149],[-70.318,-25.9188],[-70.3227,-25.93],[-70.3258,-25.9309],[-70.3302,-25.9249],[-70.3342,-25.9231],[-70.3365,-25.9249],[-70.3397,-25.9319],[-70.3427,-25.9333],[-70.3465,-25.9309],[-70.3624,-25.9319],[-70.3847,-25.929],[-70.3932,-25.9288],[-70.3948,-25.9332],[-70.3926,-25.9369],[-70.3948,-25.9399],[-70.4045,-25.9385],[-70.4126,-25.9428],[-70.4233,-25.9546],[-70.4327,-25.9542],[-70.4357,-25.9526],[-70.4505,-25.9586],[-70.461,-25.9656],[-70.4774,-25.9715],[-70.4832,-25.9679],[-70.4888,-25.9747],[-70.4982,-25.9812],[-70.5041,-25.9868],[-70.506,-25.9921],[-70.5088,-25.9934],[-70.5139,-26.0012],[-70.5233,-26.0033],[-70.5245,-26.0088],[-70.5303,-26.009],[-70.5578,-26.0071],[-70.563,-26.004],[-70.5759,-26.002],[-70.592,-26.0072],[-70.5972,-26.0069],[-70.602,-26.0033],[-70.6052,-26.0041],[-70.609,-26.0132],[-70.6133,-26.0298],[-70.6108,-26.0404],[-70.6074,-26.0451],[-70.6145,-26.0479],[-70.6162,-26.0544],[-70.6147,-26.0582],[-70.6192,-26.061],[-70.6573,-26.061],[-70.6355,-26.0514],[-70.6275,-25.9941],[-70.6925,-25.9039],[-70.7102,-25.8405],[-70.7369,-25.8249],[-70.7223,-25.8042],[-70.7301,-25.7793],[-70.704,-25.7748],[-70.6842,-25.7445],[-70.6825,-25.6621],[-70.6362,-25.6468],[-70.6492,-25.5385],[-70.6298,-25.508],[-70.5758,-25.5071],[-70.53,-25.4806],[-70.5164,-25.3957],[-70.4924,-25.4095],[-70.4509,-25.3769],[-70.4556,-25.2974],[-70.4338,-25.2471],[-70.4414,-25.1814],[-70.5082,-25.0968],[-70.467,-24.9953],[-70.5287,-24.914],[-70.521,-24.8657],[-70.5438,-24.8426],[-70.5485,-24.7705],[-70.5777,-24.7326],[-70.573,-24.6531],[-70.5499,-24.5958],[-70.5699,-24.5559],[-70.5724,-24.5088],[-70.5569,-24.4996],[-70.5643,-24.4735],[-70.5419,-24.4224],[-70.5493,-24.3284],[-70.5108,-24.1988],[-70.5204,-24.184],[-70.5021,-24.1697],[-70.5203,-24.123],[-70.5038,-24.1195],[-70.4975,-24.0815],[-70.5186,-24.0206],[-70.5166,-23.9253],[-70.4951,-23.9043],[-70.5269,-23.8648],[-70.5036,-23.8506],[-70.5047,-23.7984],[-70.4464,-23.7479],[-70.4042,-23.6643],[-70.3924,-23.5796],[-70.4202,-23.5087],[-70.487,-23.4653],[-70.5135,-23.4674],[-70.5469,-23.5377],[-70.5994,-23.5062],[-70.6272,-23.5178],[-70.6235,-23.4766],[-70.6162,-23.4632],[-70.6051,-23.4728],[-70.5896,-23.4269],[-70.6073,-23.4036],[-70.6067,-23.3596],[-70.5826,-23.3263],[-70.6031,-23.2968],[-70.5981,-23.2226],[-70.5608,-23.1893],[-70.5795,-23.0838],[-70.5166,-23.0246],[-70.4854,-23.0975],[-70.4183,-23.0897],[-70.3659,-23.051],[-70.3106,-22.9633],[-70.2881,-22.8969],[-70.3126,-22.7658],[-70.2804,-22.7165],[-70.2866,-22.6481],[-70.2626,-22.636],[-70.2843,-22.5717],[-70.2389,-22.4979],[-70.2666,-22.4611],[-70.2628,-22.4133],[-70.2447,-22.3825],[-70.2568,-22.3565],[-70.2372,-22.311],[-70.2476,-22.2852],[-70.2334,-22.269],[-70.2166,-22.0939],[-70.1889,-22.0589],[-70.1976,-22.0123],[-70.1701,-21.9323],[-70.1914,-21.8995],[-70.1575,-21.8849],[-70.1438,-21.8477],[-70.1593,-21.7624],[-70.1501,-21.6543],[-70.0929,-21.5887],[-70.0583,-21.43],[-70.054,-21.4279],[-70.0478,-21.4258],[-70.0444,-21.4261],[-70.0398,-21.4247],[-70.0353,-21.4266],[-70.0325,-21.4297],[-70.0276,-21.429],[-70.0255,-21.4302],[-70.0202,-21.4344],[-70.0107,-21.4362],[-70.008,-21.4387],[-70.001,-21.4381],[-69.9962,-21.4375],[-69.9893,-21.4332],[-69.9836,-21.4348],[-69.979,-21.4345],[-69.9746,-21.4332],[-69.9711,-21.4329],[-69.966,-21.4312],[-69.9602,-21.4302],[-69.9592,-21.4286],[-69.9512,-21.4254],[-69.9462,-21.4258],[-69.9417,-21.4249],[-69.9405,-21.423],[-69.9382,-21.4239],[-69.9342,-21.4238],[-69.9321,-21.4248],[-69.9302,-21.4246],[-69.9238,-21.4262],[-69.9193,-21.4256],[-69.9155,-21.4284],[-69.9096,-21.4273],[-69.9049,-21.4252],[-69.9035,-21.4254],[-69.8992,-21.4303],[-69.8971,-21.4311],[-69.8907,-21.4316],[-69.8825,-21.4364],[-69.8785,-21.4367],[-69.8673,-21.4345],[-69.8631,-21.4345],[-69.862,-21.4363],[-69.8576,-21.4379],[-69.855,-21.4374],[-69.853,-21.4395],[-69.8444,-21.4377],[-69.8415,-21.4368],[-69.8347,-21.44],[-69.8307,-21.4424],[-69.8289,-21.4408],[-69.8277,-21.4397],[-69.8236,-21.4401],[-69.8186,-21.4365],[-69.8133,-21.4377],[-69.809,-21.4398],[-69.8022,-21.4405],[-69.795,-21.4387],[-69.7915,-21.4402],[-69.7869,-21.4375],[-69.7833,-21.4403],[-69.7817,-21.4346],[-69.7824,-21.4324],[-69.7773,-21.4278],[-69.7742,-21.4253],[-69.768,-21.4231],[-69.7663,-21.4205],[-69.7641,-21.4205],[-69.7623,-21.4256],[-69.7557,-21.4281],[-69.75,-21.4369],[-69.7467,-21.4379],[-69.744,-21.4408],[-69.7382,-21.4444],[-69.7349,-21.4444],[-69.7346,-21.4468],[-69.7319,-21.4463],[-69.7306,-21.4482],[-69.7283,-21.4495],[-69.7254,-21.4485],[-69.7247,-21.4505],[-69.7223,-21.452],[-69.7207,-21.4509],[-69.7174,-21.4506],[-69.7118,-21.4505],[-69.7074,-21.4501],[-69.7072,-21.4524],[-69.7015,-21.4552],[-69.7011,-21.4532],[-69.698,-21.453],[-69.6943,-21.4504],[-69.6893,-21.4535],[-69.6884,-21.4556],[-69.6888,-21.4577],[-69.6868,-21.4591],[-69.6783,-21.4617],[-69.6756,-21.4619],[-69.6711,-21.4613],[-69.6621,-21.4801],[-69.6586,-21.4838],[-69.6559,-21.4852],[-69.6546,-21.4886],[-69.6524,-21.4904],[-69.6498,-21.4956],[-69.6453,-21.4977],[-69.6443,-21.4991],[-69.6393,-21.4997],[-69.6408,-21.5059],[-69.6357,-21.5101],[-69.6354,-21.5148],[-69.6294,-21.5212],[-69.6298,-21.526],[-69.626,-21.529],[-69.6279,-21.5316],[-69.6316,-21.5315],[-69.6319,-21.5331],[-69.6283,-21.5343],[-69.6282,-21.5371],[-69.6252,-21.5402],[-69.6261,-21.5451],[-69.6164,-21.5492],[-69.6139,-21.5486],[-69.6102,-21.5504],[-69.6101,-21.552],[-69.6072,-21.5528],[-69.6049,-21.5559],[-69.5988,-21.5605],[-69.5975,-21.5628],[-69.5973,-21.5667],[-69.5946,-21.5681],[-69.5944,-21.5724],[-69.5917,-21.5748],[-69.5906,-21.5786],[-69.5877,-21.5827],[-69.5867,-21.5856],[-69.5846,-21.5879],[-69.5827,-21.5926],[-69.581,-21.5934],[-69.5779,-21.5968],[-69.5791,-21.5986],[-69.5791,-21.6034],[-69.5786,-21.6058],[-69.5726,-21.6099],[-69.5696,-21.6132],[-69.566,-21.6168],[-69.5664,-21.6196],[-69.5636,-21.6207],[-69.563,-21.6229],[-69.5594,-21.6224],[-69.558,-21.6243],[-69.5533,-21.6265],[-69.5513,-21.6306],[-69.4823,-21.5633],[-69.4466,-21.5285],[-69.3898,-21.473],[-69.3131,-21.3982],[-69.2661,-21.3864],[-69.1503,-21.3575],[-69.0864,-21.3415],[-68.9894,-21.3173],[-68.9217,-21.3003],[-68.8608,-21.2851],[-68.7581,-21.2175],[-68.6568,-21.1479],[-68.5889,-21.1012],[-68.5358,-21.0647],[-68.5092,-21.0071],[-68.4807,-20.9452],[-68.4125,-20.9346],[-68.295,-21.0979],[-68.1792,-21.302],[-68.1808,-21.6043],[-68.0604,-21.7706],[-68.0724,-21.9788],[-68.0074,-22.0396],[-67.9648,-22.0537],[-67.9392,-22.1075],[-67.9576,-22.1664],[-67.9154,-22.2723],[-67.9373,-22.2732],[-67.943,-22.3817],[-67.896,-22.4047],[-67.8927,-22.4994],[-67.8693,-22.5324],[-67.8415,-22.5328],[-67.8528,-22.5572],[-67.8324,-22.5809],[-67.8616,-22.5974],[-67.8578,-22.6217],[-67.8846,-22.6277],[-67.8752,-22.6621],[-67.8885,-22.6663],[-67.8685,-22.6813],[-67.8903,-22.7187],[-67.8671,-22.7417],[-67.8825,-22.8337],[-67.827,-22.8449],[-67.799,-22.8812],[-67.5685,-22.8981],[-67.1805,-22.8141],[-66.9909,-22.9996],[-67.3227,-24.0341],[-68.0676,-24.3286],[-68.2609,-24.4032],[-68.3087,-24.4911],[-68.3874,-24.4846],[-68.4333,-24.6057],[-68.4505,-24.602],[-68.4678,-24.6227],[-68.4952,-24.6004],[-68.4919,-24.6636],[-68.5433,-24.7254],[-68.5679,-24.7956],[-68.5396,-24.8162],[-68.5194,-24.8736],[-68.4313,-24.906],[-68.4064,-25.0285],[-68.3777,-25.0325],[-68.3436,-25.1108],[-68.4092,-25.145],[-68.4367,-25.1227],[-68.4575,-25.1257],[-68.5037,-25.1655],[-68.5055,-25.2178],[-68.55,-25.2614],[-68.5288,-25.2899],[-68.5523,-25.3015],[-68.5599,-25.3],[-68.5654,-25.2933],[-68.5774,-25.286],[-68.582,-25.2866],[-68.5875,-25.2901],[-68.5864,-25.2949],[-68.5892,-25.3007],[-68.5945,-25.3029],[-68.5972,-25.2966],[-68.6003,-25.2932],[-68.6027,-25.2957],[-68.6082,-25.2959],[-68.624,-25.3072],[-68.6334,-25.3106],[-68.6362,-25.3133],[-68.6417,-25.3105],[-68.6491,-25.3039],[-68.6548,-25.3029],[-68.659,-25.3044],[-68.6659,-25.314],[-68.6685,-25.3209],[-68.6715,-25.3257],[-68.6735,-25.3315],[-68.6683,-25.345],[-68.6708,-25.349],[-68.6748,-25.3519],[-68.6738,-25.3584],[-68.6751,-25.3622],[-68.6796,-25.3611],[-68.6822,-25.3693],[-68.6882,-25.3687],[-68.6916,-25.3627],[-68.6983,-25.3642],[-68.7005,-25.3684],[-68.7069,-25.3726],[-68.7116,-25.3777],[-68.7163,-25.38],[-68.7197,-25.3858],[-68.7262,-25.3905],[-68.7353,-25.3831],[-68.7436,-25.381],[-68.7492,-25.3811],[-68.756,-25.3899],[-68.7646,-25.3964],[-68.7769,-25.4001],[-68.7827,-25.4029],[-68.7896,-25.3959],[-68.7914,-25.3887],[-68.8007,-25.3847],[-68.8067,-25.3791],[-68.8178,-25.3791],[-68.8193,-25.3714],[-68.8277,-25.3697],[-68.8371,-25.3787],[-68.8479,-25.3829],[-68.8663,-25.38],[-68.8768,-25.3755],[-68.8835,-25.3739],[-68.8863,-25.3765],[-68.9032,-25.3756],[-68.9168,-25.3757],[-68.9247,-25.383],[-68.9373,-25.3839],[-68.9451,-25.3869],[-68.9499,-25.3852],[-68.9529,-25.3879],[-68.9612,-25.3903],[-68.9647,-25.3839],[-68.9709,-25.3779],[-68.9886,-25.3802],[-68.9873,-25.3841],[-68.987,-25.3931],[-68.9901,-25.4048]]]}},{"type":"Feature","properties":{"territorio":"CIRCUNSCRIPCION SENATORIAL 4","n_comunas":9},"geometry":{"type":"MultiPolygon","coordinates":[[[[-69.732,-28.7031],[-69.6918,-28.7699],[-69.7657,-28.8991],[-69.755,-28.9817],[-69.7855,-29.014],[-69.7874,-29.1301],[-69.8743,-29.1382],[-69.9241,-29.1865],[-69.9526,-29.1885],[-69.9363,-29.2471],[-69.9971,-29.2851],[-70.0189,-29.3212],[-70.0197,-29.3848],[-69.9671,-29.4124],[-69.9814,-29.4517],[-69.9557,-29.4667],[-69.9561,-29.4984],[-69.9979,-29.4984],[-70.0088,-29.5081],[-70.0166,-29.5121],[-70.0288,-29.5209],[-70.0412,-29.5208],[-70.0533,-29.5221],[-70.0608,-29.5247],[-70.0747,-29.5278],[-70.0788,-29.5319],[-70.0939,-29.5287],[-70.1462,-29.5232],[-70.1544,-29.5205],[-70.1705,-29.5246],[-70.1911,-29.519],[-70.2106,-29.4718],[-70.2155,-29.4657],[-70.2486,-29.4236],[-70.2539,-29.4166],[-70.2757,-29.3981],[-70.2835,-29.3953],[-70.3033,-29.3738],[-70.3717,-29.3741],[-70.3826,-29.3828],[-70.3858,-29.3909],[-70.3929,-29.3982],[-70.4248,-29.3934],[-70.4341,-29.3906],[-70.4499,-29.3844],[-70.4592,-29.3819],[-70.4614,-29.375],[-70.4722,-29.3624],[-70.4743,-29.3604],[-70.4682,-29.3521],[-70.4501,-29.3238],[-70.4564,-29.3197],[-70.4781,-29.2895],[-70.4731,-29.2827],[-70.4744,-29.2768],[-70.4609,-29.2655],[-70.4657,-29.2613],[-70.4669,-29.2407],[-70.4676,-29.2341],[-70.4934,-29.2157],[-70.4929,-29.2098],[-70.4925,-29.1955],[-70.4915,-29.1866],[-70.4904,-29.1778],[-70.494,-29.1741],[-70.5201,-29.1359],[-70.5262,-29.1308],[-70.5311,-29.1258],[-70.528,-29.1078],[-70.536,-29.074],[-70.5347,-29.0632],[-70.5504,-29.0447],[-70.57,-29.0535],[-70.5835,-29.0533],[-70.5959,-29.052],[-70.5998,-29.0423],[-70.6068,-29.0378],[-70.6146,-29.0393],[-70.6298,-29.0424],[-70.6411,-29.0406],[-70.6455,-29.0527],[-70.6533,-29.0562],[-70.66,-29.0508],[-70.6833,-29.0476],[-70.6951,-29.0499],[-70.728,-29.0682],[-70.7211,-29.0725],[-70.7244,-29.0891],[-70.7317,-29.1049],[-70.7837,-29.1198],[-70.7951,-29.1312],[-70.8042,-29.1391],[-70.8207,-29.1383],[-70.8674,-29.1447],[-70.907,-29.1304],[-70.967,-29.1692],[-70.9905,-29.255],[-70.9865,-29.2609],[-71,-29.2803],[-71.007,-29.2833],[-71.0075,-29.3157],[-71.0124,-29.3237],[-71.0598,-29.3566],[-71.0942,-29.3508],[-71.0859,-29.3457],[-71.0835,-29.3388],[-71.085,-29.3226],[-71.0909,-29.3128],[-71.0841,-29.3075],[-71.0971,-29.3034],[-71.1025,-29.2971],[-71.1299,-29.3008],[-71.147,-29.296],[-71.1565,-29.297],[-71.1632,-29.2924],[-71.1828,-29.2834],[-71.2001,-29.1856],[-71.2307,-29.1832],[-71.2424,-29.1761],[-71.2576,-29.179],[-71.2832,-29.1851],[-71.3515,-29.1415],[-71.4173,-29.1874],[-71.4903,-29.1802],[-71.504,-29.1451],[-71.4616,-29.1054],[-71.4967,-29.0811],[-71.4788,-29.0599],[-71.5015,-29.0203],[-71.4919,-28.9844],[-71.5244,-28.9871],[-71.5048,-28.952],[-71.5174,-28.9098],[-71.4813,-28.8476],[-71.3796,-28.7953],[-71.3651,-28.7424],[-71.2961,-28.6806],[-71.2796,-28.6332],[-71.3148,-28.5658],[-71.258,-28.5409],[-71.2559,-28.5095],[-71.2721,-28.4998],[-71.2508,-28.4844],[-71.2593,-28.4638],[-71.2158,-28.4622],[-71.1921,-28.388],[-71.1623,-28.3622],[-71.1977,-28.299],[-71.183,-28.2988],[-71.154,-28.2288],[-71.1666,-28.1257],[-71.1847,-28.1196],[-71.1447,-28.0804],[-71.1455,-27.9637],[-71.1047,-27.8933],[-71.1125,-27.8592],[-71.0852,-27.8262],[-71.0865,-27.7896],[-71.0349,-27.732],[-71.037,-27.662],[-71.0009,-27.6903],[-70.972,-27.6609],[-70.9436,-27.6665],[-70.935,-27.6418],[-70.8981,-27.6199],[-70.9078,-27.5546],[-70.8846,-27.5066],[-70.9633,-27.371],[-70.9319,-27.3078],[-70.9633,-27.2499],[-70.9471,-27.219],[-70.971,-27.1713],[-70.9352,-27.1096],[-70.8976,-27.1427],[-70.8808,-27.1396],[-70.855,-27.1196],[-70.8684,-27.0926],[-70.8429,-27.0839],[-70.8484,-27.0529],[-70.8098,-27.0584],[-70.8251,-27.0354],[-70.7902,-26.9832],[-70.8111,-26.9601],[-70.7986,-26.9444],[-70.8134,-26.8973],[-70.8337,-26.8804],[-70.8128,-26.8683],[-70.8193,-26.8516],[-70.798,-26.8364],[-70.7812,-26.777],[-70.737,-26.7536],[-70.758,-26.7095],[-70.7221,-26.6785],[-70.7261,-26.6447],[-70.7034,-26.5786],[-70.6821,-26.5677],[-70.7067,-26.5303],[-70.6857,-26.4481],[-70.6995,-26.3938],[-70.6731,-26.3908],[-70.6276,-26.3467],[-70.6388,-26.3127],[-70.6756,-26.2907],[-70.6471,-26.2561],[-70.6731,-26.2039],[-70.6563,-26.1838],[-70.6735,-26.1674],[-70.6528,-26.1314],[-70.6573,-26.061],[-70.6192,-26.061],[-70.6147,-26.0582],[-70.6162,-26.0544],[-70.6145,-26.0479],[-70.6074,-26.0451],[-70.6108,-26.0404],[-70.6133,-26.0298],[-70.609,-26.0132],[-70.6052,-26.0041],[-70.602,-26.0033],[-70.5972,-26.0069],[-70.592,-26.0072],[-70.5759,-26.002],[-70.563,-26.004],[-70.5578,-26.0071],[-70.5303,-26.009],[-70.5245,-26.0088],[-70.5233,-26.0033],[-70.5139,-26.0012],[-70.5088,-25.9934],[-70.506,-25.9921],[-70.5041,-25.9868],[-70.4982,-25.9812],[-70.4888,-25.9747],[-70.4832,-25.9679],[-70.4774,-25.9715],[-70.461,-25.9656],[-70.4505,-25.9586],[-70.4357,-25.9526],[-70.4327,-25.9542],[-70.4233,-25.9546],[-70.4126,-25.9428],[-70.4045,-25.9385],[-70.3948,-25.9399],[-70.3926,-25.9369],[-70.3948,-25.9332],[-70.3932,-25.9288],[-70.3847,-25.929],[-70.3624,-25.9319],[-70.3465,-25.9309],[-70.3427,-25.9333],[-70.3397,-25.9319],[-70.3365,-25.9249],[-70.3342,-25.9231],[-70.3302,-25.9249],[-70.3258,-25.9309],[-70.3227,-25.93],[-70.318,-25.9188],[-70.3144,-25.9149],[-70.3151,-25.9046],[-70.3006,-25.8958],[-70.2952,-25.8966],[-70.2866,-25.9006],[-70.2808,-25.9064],[-70.2747,-25.9075],[-70.2711,-25.9132],[-70.2668,-25.9175],[-70.2639,-25.9314],[-70.2598,-25.9304],[-70.2534,-25.9314],[-70.2492,-25.9256],[-70.2403,-25.9219],[-70.2405,-25.9161],[-70.2338,-25.9193],[-70.2211,-25.9212],[-70.2216,-25.9271],[-70.2165,-25.9307],[-70.2136,-25.9346],[-70.2025,-25.9392],[-70.2,-25.9417],[-70.1919,-25.9432],[-70.1844,-25.9435],[-70.1745,-25.9421],[-70.1685,-25.9397],[-70.1639,-25.9404],[-70.1578,-25.9439],[-70.1521,-25.9496],[-70.1462,-25.9533],[-70.1416,-25.9536],[-70.1357,-25.9491],[-70.1328,-25.9501],[-70.1272,-25.9553],[-70.1168,-25.9522],[-70.1109,-25.9495],[-70.1054,-25.9511],[-70.0964,-25.9518],[-70.0908,-25.9505],[-70.0877,-25.9538],[-70.0832,-25.9525],[-70.077,-25.9529],[-70.0751,-25.9553],[-70.0761,-25.9659],[-70.023,-25.9199],[-69.9077,-25.8946],[-69.8812,-25.9139],[-69.8541,-25.9468],[-69.8491,-25.9428],[-69.8435,-25.9424],[-69.8366,-25.9391],[-69.8254,-25.9275],[-69.8183,-25.9246],[-69.8086,-25.9266],[-69.8033,-25.9252],[-69.7958,-25.926],[-69.7849,-25.9225],[-69.7808,-25.9229],[-69.7674,-25.9201],[-69.7615,-25.9174],[-69.7565,-25.9174],[-69.7432,-25.9209],[-69.7385,-25.9197],[-69.7293,-25.9196],[-69.7182,-25.9242],[-69.7124,-25.9301],[-69.7023,-25.9346],[-69.6944,-25.936],[-69.6882,-25.9395],[-69.6805,-25.94],[-69.6752,-25.9429],[-69.6686,-25.9436],[-69.6649,-25.9426],[-69.6584,-25.9446],[-69.6492,-25.942],[-69.6321,-25.9409],[-69.624,-25.9427],[-69.6107,-25.9422],[-69.6025,-25.9444],[-69.5945,-25.9439],[-69.5884,-25.9423],[-69.5803,-25.942],[-69.5634,-25.9433],[-69.5575,-25.9423],[-69.5405,-25.9453],[-69.5368,-25.9473],[-69.529,-25.9483],[-69.5249,-25.9513],[-69.5177,-25.9497],[-69.5099,-25.9499],[-69.503,-25.9487],[-69.5028,-25.9151],[-69.4952,-25.9122],[-69.4767,-25.912],[-69.4739,-25.9036],[-69.4682,-25.8985],[-69.4544,-25.8961],[-69.4509,-25.8932],[-69.4503,-25.8888],[-69.4453,-25.8839],[-69.4454,-25.8775],[-69.4402,-25.8708],[-69.4418,-25.8632],[-69.4404,-25.8602],[-69.4317,-25.8594],[-69.4269,-25.8564],[-69.4202,-25.8607],[-69.3969,-25.8704],[-69.3845,-25.8791],[-69.3815,-25.8801],[-69.367,-25.88],[-69.3544,-25.87],[-69.3529,-25.8674],[-69.3488,-25.8668],[-69.3458,-25.869],[-69.3392,-25.8662],[-69.3314,-25.8665],[-69.3171,-25.8654],[-69.3132,-25.8678],[-69.3018,-25.8689],[-69.285,-25.8667],[-69.2838,-25.8641],[-69.2756,-25.8582],[-69.2676,-25.8578],[-69.2639,-25.8598],[-69.2627,-25.8641],[-69.2561,-25.8616],[-69.2525,-25.8625],[-69.2451,-25.8576],[-69.2427,-25.8528],[-69.2434,-25.846],[-69.2345,-25.8443],[-69.2313,-25.84],[-69.2237,-25.8368],[-69.2213,-25.8342],[-69.2106,-25.8333],[-69.2074,-25.8345],[-69.2019,-25.8336],[-69.1962,-25.8293],[-69.1782,-25.8209],[-69.1714,-25.8164],[-69.165,-25.8163],[-69.149,-25.8203],[-69.1409,-25.8182],[-69.1322,-25.8142],[-69.1238,-25.8087],[-69.1158,-25.8079],[-69.1115,-25.8024],[-69.1059,-25.8032],[-69.0982,-25.8018],[-69.0943,-25.7932],[-69.0972,-25.7863],[-69.0966,-25.7832],[-69.082,-25.7602],[-69.0791,-25.7539],[-69.079,-25.7433],[-69.0706,-25.7403],[-69.0598,-25.7306],[-69.06,-25.7248],[-69.0674,-25.7265],[-69.074,-25.7262],[-69.0815,-25.7227],[-69.0903,-25.7241],[-69.0958,-25.7216],[-69.0883,-25.7073],[-69.0815,-25.7034],[-69.0737,-25.6969],[-69.0704,-25.6914],[-69.0709,-25.6813],[-69.0683,-25.6762],[-69.06,-25.6654],[-69.0588,-25.6579],[-69.0558,-25.6464],[-69.0508,-25.6364],[-69.0603,-25.619],[-69.0668,-25.6061],[-69.0705,-25.5858],[-69.078,-25.5861],[-69.0837,-25.5852],[-69.0828,-25.5799],[-69.068,-25.5792],[-69.0623,-25.5733],[-69.0573,-25.5696],[-69.0544,-25.565],[-69.0544,-25.5556],[-69.0514,-25.5437],[-69.0472,-25.5401],[-69.0444,-25.5355],[-69.0372,-25.5326],[-69.0295,-25.5331],[-69.0254,-25.5142],[-69.016,-25.5057],[-69.0097,-25.5036],[-69.0043,-25.5035],[-68.9972,-25.5078],[-68.9947,-25.5074],[-68.9938,-25.4974],[-68.9975,-25.4867],[-69.0038,-25.4787],[-69.0045,-25.4725],[-69.0018,-25.4613],[-69.0064,-25.4569],[-69.0135,-25.4522],[-69.0151,-25.4492],[-69.0236,-25.4448],[-69.0335,-25.4467],[-69.0359,-25.4423],[-69.0299,-25.4372],[-69.0217,-25.4267],[-69.0079,-25.4174],[-69.0033,-25.4131],[-68.9957,-25.4106],[-68.9901,-25.4048],[-68.987,-25.3931],[-68.9873,-25.3841],[-68.9886,-25.3802],[-68.9709,-25.3779],[-68.9647,-25.3839],[-68.9612,-25.3903],[-68.9529,-25.3879],[-68.9499,-25.3852],[-68.9451,-25.3869],[-68.9373,-25.3839],[-68.9247,-25.383],[-68.9168,-25.3757],[-68.9032,-25.3756],[-68.8863,-25.3765],[-68.8835,-25.3739],[-68.8768,-25.3755],[-68.8663,-25.38],[-68.8479,-25.3829],[-68.8371,-25.3787],[-68.8277,-25.3697],[-68.8193,-25.3714],[-68.8178,-25.3791],[-68.8067,-25.3791],[-68.8007,-25.3847],[-68.7914,-25.3887],[-68.7896,-25.3959],[-68.7827,-25.4029],[-68.7769,-25.4001],[-68.7646,-25.3964],[-68.756,-25.3899],[-68.7492,-25.3811],[-68.7436,-25.381],[-68.7353,-25.3831],[-68.7262,-25.3905],[-68.7197,-25.3858],[-68.7163,-25.38],[-68.7116,-25.3777],[-68.7069,-25.3726],[-68.7005,-25.3684],[-68.6983,-25.3642],[-68.6916,-25.3627],[-68.6882,-25.3687],[-68.6822,-25.3693],[-68.6796,-25.3611],[-68.6751,-25.3622],[-68.6738,-25.3584],[-68.6748,-25.3519],[-68.6708,-25.349],[-68.6683,-25.345],[-68.6735,-25.3315],[-68.6715,-25.3257],[-68.6685,-25.3209],[-68.6659,-25.314],[-68.659,-25.3044],[-68.6548,-25.3029],[-68.6491,-25.3039],[-68.6417,-25.3105],[-68.6362,-25.3133],[-68.6334,-25.3106],[-68.624,-25.3072],[-68.6082,-25.2959],[-68.6027,-25.2957],[-68.6003,-25.2932],[-68.5972,-25.2966],[-68.5945,-25.3029],[-68.5892,-25.3007],[-68.5864,-25.2949],[-68.5875,-25.2901],[-68.582,-25.2866],[-68.5774,-25.286],[-68.5654,-25.2933],[-68.5599,-25.3],[-68.5523,-25.3015],[-68.5182,-25.3416],[-68.523,-25.3753],[-68.5733,-25.4192],[-68.591,-25.4147],[-68.5894,-25.448],[-68.572,-25.4956],[-68.54,-25.5074],[-68.5427,-25.5485],[-68.5151,-25.5748],[-68.541,-25.597],[-68.5457,-25.632],[-68.4774,-25.7022],[-68.381,-26.1779],[-68.5575,-26.2864],[-68.586,-26.4939],[-68.367,-26.7969],[-68.2632,-26.9168],[-68.2896,-26.9238],[-68.2925,-26.9567],[-68.319,-26.9817],[-68.2931,-27.038],[-68.3801,-27.0427],[-68.4052,-27.0659],[-68.4278,-27.0628],[-68.4506,-27.094],[-68.4842,-27.0578],[-68.4766,-27.1206],[-68.4984,-27.1343],[-68.5564,-27.1135],[-68.573,-27.1788],[-68.597,-27.1585],[-68.634,-27.1609],[-68.6705,-27.0984],[-68.7888,-27.1048],[-68.807,-27.1525],[-68.8431,-27.159],[-68.8715,-27.2502],[-68.8086,-27.3012],[-68.8722,-27.3197],[-68.8931,-27.3585],[-68.8876,-27.3994],[-68.9305,-27.409],[-68.9322,-27.442],[-68.9804,-27.4323],[-68.9881,-27.4526],[-68.9613,-27.4713],[-68.9407,-27.5202],[-68.9875,-27.5246],[-68.9767,-27.562],[-69.0529,-27.6182],[-69.0595,-27.6633],[-69.0439,-27.6984],[-69.0902,-27.723],[-69.0901,-27.7879],[-69.1332,-27.8721],[-69.133,-27.9138],[-69.1731,-27.9716],[-69.2376,-27.967],[-69.2665,-28.0109],[-69.2633,-28.0472],[-69.3012,-28.0719],[-69.3086,-28.1299],[-69.3359,-28.1642],[-69.3834,-28.1848],[-69.3898,-28.2224],[-69.4538,-28.1822],[-69.4823,-28.2115],[-69.4759,-28.2389],[-69.5231,-28.329],[-69.5806,-28.3511],[-69.5972,-28.3946],[-69.6284,-28.3781],[-69.6481,-28.3957],[-69.657,-28.4114],[-69.6329,-28.4302],[-69.6777,-28.4744],[-69.6507,-28.5321],[-69.6696,-28.5543],[-69.6601,-28.5827],[-69.6901,-28.5902],[-69.732,-28.7031]]],[[[-71.5884,-29.0284],[-71.573,-29.0213],[-71.5644,-29.0399],[-71.5817,-29.0479],[-71.5884,-29.0284]]]]}},{"type":"Feature","properties":{"territorio":"CIRCUNSCRIPCION SENATORIAL 5","n_comunas":15},"geometry":{"type":"Polygon","coordinates":[[[-70.9883,-32.0453],[-70.9905,-32.0437],[-71.001,-32.0414],[-71.0128,-32.0344],[-71.0193,-32.0354],[-71.0239,-32.035],[-71.027,-32.033],[-71.0306,-32.0325],[-71.0351,-32.0335],[-71.0409,-32.0331],[-71.0428,-32.0374],[-71.0456,-32.0486],[-71.0421,-32.0512],[-71.0399,-32.0555],[-71.0405,-32.0583],[-71.0369,-32.0613],[-71.0332,-32.0673],[-71.0303,-32.0689],[-71.0299,-32.0732],[-71.0364,-32.0766],[-71.0393,-32.075],[-71.046,-32.0766],[-71.0569,-32.0835],[-71.0637,-32.0889],[-71.0651,-32.0928],[-71.0676,-32.0946],[-71.0767,-32.0985],[-71.0835,-32.1006],[-71.0882,-32.1039],[-71.0908,-32.107],[-71.1026,-32.1176],[-71.1053,-32.1231],[-71.1125,-32.1291],[-71.121,-32.1324],[-71.1224,-32.1374],[-71.1307,-32.1388],[-71.1315,-32.1453],[-71.1356,-32.1522],[-71.1432,-32.152],[-71.1495,-32.1568],[-71.1521,-32.1597],[-71.167,-32.1679],[-71.1752,-32.1694],[-71.1824,-32.1718],[-71.1873,-32.1656],[-71.1882,-32.1617],[-71.1909,-32.1593],[-71.1917,-32.1524],[-71.1941,-32.1499],[-71.1974,-32.144],[-71.2023,-32.139],[-71.2022,-32.1354],[-71.2065,-32.1323],[-71.2098,-32.1316],[-71.2122,-32.1284],[-71.2172,-32.1293],[-71.2233,-32.1278],[-71.2247,-32.1316],[-71.2281,-32.1368],[-71.2345,-32.138],[-71.2359,-32.1413],[-71.2401,-32.1429],[-71.2428,-32.1423],[-71.2438,-32.1479],[-71.2461,-32.1495],[-71.2471,-32.1534],[-71.2502,-32.1557],[-71.2499,-32.1634],[-71.2526,-32.1683],[-71.2563,-32.1723],[-71.2584,-32.1726],[-71.2621,-32.1693],[-71.2675,-32.171],[-71.2677,-32.173],[-71.2729,-32.1785],[-71.2775,-32.179],[-71.2792,-32.1805],[-71.2842,-32.181],[-71.2862,-32.1825],[-71.2912,-32.193],[-71.2973,-32.1923],[-71.3011,-32.1903],[-71.3044,-32.1918],[-71.3124,-32.1914],[-71.316,-32.1921],[-71.3198,-32.1943],[-71.3238,-32.1982],[-71.3324,-32.2011],[-71.334,-32.2005],[-71.338,-32.2031],[-71.3421,-32.2021],[-71.3449,-32.1998],[-71.3497,-32.1985],[-71.3525,-32.1989],[-71.3566,-32.1975],[-71.364,-32.2006],[-71.3713,-32.1998],[-71.3756,-32.1953],[-71.3838,-32.1935],[-71.3881,-32.1897],[-71.3941,-32.1905],[-71.4021,-32.1888],[-71.4097,-32.1894],[-71.4137,-32.1865],[-71.4219,-32.1865],[-71.4238,-32.1832],[-71.4268,-32.1843],[-71.4339,-32.1814],[-71.435,-32.1776],[-71.4381,-32.1739],[-71.442,-32.174],[-71.4463,-32.1704],[-71.453,-32.1708],[-71.4596,-32.1668],[-71.4667,-32.1658],[-71.4686,-32.1635],[-71.4726,-32.1619],[-71.4766,-32.1548],[-71.4784,-32.1546],[-71.4862,-32.1591],[-71.4919,-32.1585],[-71.4949,-32.1685],[-71.5011,-32.179],[-71.5029,-32.1805],[-71.5086,-32.1802],[-71.5112,-32.1784],[-71.5143,-32.1785],[-71.5191,-32.1823],[-71.5224,-32.1821],[-71.5336,-32.1789],[-71.5367,-32.1786],[-71.5382,-32.1369],[-71.5132,-32.1219],[-71.531,-32.1059],[-71.5277,-32.038],[-71.5105,-32.0245],[-71.524,-32.0047],[-71.4907,-31.9683],[-71.503,-31.9485],[-71.5255,-31.9511],[-71.5188,-31.9118],[-71.497,-31.8997],[-71.5031,-31.8671],[-71.5212,-31.8503],[-71.5586,-31.8541],[-71.5052,-31.7701],[-71.5451,-31.7404],[-71.5421,-31.7264],[-71.5573,-31.6265],[-71.5814,-31.5938],[-71.57,-31.5007],[-71.6193,-31.3915],[-71.6418,-31.2162],[-71.669,-31.1449],[-71.6508,-31.1071],[-71.6644,-31.0398],[-71.6493,-30.9757],[-71.6833,-30.9213],[-71.7061,-30.7898],[-71.6987,-30.7333],[-71.7149,-30.7154],[-71.6976,-30.6997],[-71.7172,-30.6016],[-71.6946,-30.5449],[-71.6896,-30.409],[-71.6696,-30.3453],[-71.6269,-30.2375],[-71.6063,-30.2987],[-71.544,-30.2977],[-71.4985,-30.2713],[-71.5077,-30.2509],[-71.4808,-30.246],[-71.4829,-30.2103],[-71.4496,-30.1662],[-71.4303,-30.1953],[-71.3888,-30.1759],[-71.3717,-30.0778],[-71.3889,-30.0217],[-71.4168,-30.0009],[-71.3892,-29.9946],[-71.3709,-29.9674],[-71.3662,-29.983],[-71.3508,-29.9796],[-71.3646,-29.9524],[-71.3447,-29.9348],[-71.3251,-29.9605],[-71.2879,-29.9416],[-71.2798,-29.8417],[-71.3119,-29.8195],[-71.3188,-29.7805],[-71.3452,-29.756],[-71.3133,-29.6518],[-71.2872,-29.6194],[-71.3325,-29.5538],[-71.3356,-29.4897],[-71.3167,-29.4881],[-71.3037,-29.4485],[-71.3082,-29.4196],[-71.3405,-29.4008],[-71.3274,-29.3466],[-71.4075,-29.2728],[-71.4689,-29.2495],[-71.4903,-29.1802],[-71.4173,-29.1874],[-71.3515,-29.1415],[-71.2832,-29.1851],[-71.2576,-29.179],[-71.2424,-29.1761],[-71.2307,-29.1832],[-71.2001,-29.1856],[-71.1828,-29.2834],[-71.1632,-29.2924],[-71.1565,-29.297],[-71.147,-29.296],[-71.1299,-29.3008],[-71.1025,-29.2971],[-71.0971,-29.3034],[-71.0841,-29.3075],[-71.0909,-29.3128],[-71.085,-29.3226],[-71.0835,-29.3388],[-71.0859,-29.3457],[-71.0942,-29.3508],[-71.0598,-29.3566],[-71.0124,-29.3237],[-71.0075,-29.3157],[-71.007,-29.2833],[-71,-29.2803],[-70.9865,-29.2609],[-70.9905,-29.255],[-70.967,-29.1692],[-70.907,-29.1304],[-70.8674,-29.1447],[-70.8207,-29.1383],[-70.8042,-29.1391],[-70.7951,-29.1312],[-70.7837,-29.1198],[-70.7317,-29.1049],[-70.7244,-29.0891],[-70.7211,-29.0725],[-70.728,-29.0682],[-70.6951,-29.0499],[-70.6833,-29.0476],[-70.66,-29.0508],[-70.6533,-29.0562],[-70.6455,-29.0527],[-70.6411,-29.0406],[-70.6298,-29.0424],[-70.6146,-29.0393],[-70.6068,-29.0378],[-70.5998,-29.0423],[-70.5959,-29.052],[-70.5835,-29.0533],[-70.57,-29.0535],[-70.5504,-29.0447],[-70.5347,-29.0632],[-70.536,-29.074],[-70.528,-29.1078],[-70.5311,-29.1258],[-70.5262,-29.1308],[-70.5201,-29.1359],[-70.494,-29.1741],[-70.4904,-29.1778],[-70.4915,-29.1866],[-70.4925,-29.1955],[-70.4929,-29.2098],[-70.4934,-29.2157],[-70.4676,-29.2341],[-70.4669,-29.2407],[-70.4657,-29.2613],[-70.4609,-29.2655],[-70.4744,-29.2768],[-70.4731,-29.2827],[-70.4781,-29.2895],[-70.4564,-29.3197],[-70.4501,-29.3238],[-70.4682,-29.3521],[-70.4743,-29.3604],[-70.4722,-29.3624],[-70.4614,-29.375],[-70.4592,-29.3819],[-70.4499,-29.3844],[-70.4341,-29.3906],[-70.4248,-29.3934],[-70.3929,-29.3982],[-70.3858,-29.3909],[-70.3826,-29.3828],[-70.3717,-29.3741],[-70.3033,-29.3738],[-70.2835,-29.3953],[-70.2757,-29.3981],[-70.2539,-29.4166],[-70.2486,-29.4236],[-70.2155,-29.4657],[-70.2106,-29.4718],[-70.1911,-29.519],[-70.1705,-29.5246],[-70.1544,-29.5205],[-70.1462,-29.5232],[-70.0939,-29.5287],[-70.0788,-29.5319],[-70.0747,-29.5278],[-70.0608,-29.5247],[-70.0533,-29.5221],[-70.0412,-29.5208],[-70.0288,-29.5209],[-70.0166,-29.5121],[-70.0088,-29.5081],[-69.9979,-29.4984],[-69.9561,-29.4984],[-69.9317,-29.5842],[-69.9401,-29.6542],[-69.8778,-29.726],[-69.915,-29.8008],[-69.8774,-29.8616],[-69.8962,-29.8779],[-69.8992,-29.9589],[-69.9271,-30.0028],[-69.9143,-30.0254],[-69.9658,-30.0851],[-69.937,-30.1202],[-69.8679,-30.1119],[-69.8472,-30.1303],[-69.8179,-30.1296],[-69.8093,-30.153],[-69.8288,-30.1638],[-69.8194,-30.1857],[-69.8349,-30.2186],[-69.8851,-30.2183],[-69.8789,-30.2576],[-69.9076,-30.3163],[-69.8967,-30.3545],[-69.9185,-30.3503],[-69.956,-30.3858],[-69.9944,-30.379],[-70.0204,-30.3967],[-70.0676,-30.3928],[-70.1294,-30.343],[-70.155,-30.3476],[-70.1175,-30.4316],[-70.1954,-30.4922],[-70.1806,-30.5144],[-70.1908,-30.5488],[-70.24,-30.6154],[-70.2395,-30.6685],[-70.2578,-30.6952],[-70.2458,-30.7283],[-70.2886,-30.7881],[-70.28,-30.8311],[-70.3234,-30.9308],[-70.293,-30.9705],[-70.2983,-31.0198],[-70.2768,-31.0214],[-70.2695,-31.0439],[-70.3223,-31.0444],[-70.3692,-31.1118],[-70.3652,-31.1408],[-70.4002,-31.1677],[-70.4541,-31.0816],[-70.4975,-31.1224],[-70.5455,-31.3074],[-70.5273,-31.367],[-70.5338,-31.4094],[-70.5602,-31.4199],[-70.5484,-31.4484],[-70.5698,-31.4748],[-70.553,-31.5103],[-70.563,-31.5617],[-70.5672,-31.6003],[-70.5075,-31.6521],[-70.5136,-31.6907],[-70.4668,-31.7005],[-70.4608,-31.8436],[-70.3752,-31.8859],[-70.2807,-31.8839],[-70.2101,-31.9592],[-70.2084,-31.9779],[-70.2495,-31.9921],[-70.2483,-32.0237],[-70.2874,-32.0504],[-70.3292,-32.0489],[-70.3543,-32.0256],[-70.3859,-32.0384],[-70.3358,-32.0698],[-70.3404,-32.1112],[-70.3041,-32.1361],[-70.3171,-32.1765],[-70.3009,-32.2068],[-70.3267,-32.2769],[-70.3307,-32.2767],[-70.3381,-32.2729],[-70.3423,-32.272],[-70.3438,-32.2691],[-70.3447,-32.2632],[-70.3489,-32.2595],[-70.3516,-32.2555],[-70.3542,-32.2544],[-70.3626,-32.2539],[-70.365,-32.2556],[-70.3651,-32.2581],[-70.3699,-32.2619],[-70.3745,-32.2682],[-70.3832,-32.2666],[-70.3938,-32.2727],[-70.3988,-32.2729],[-70.4044,-32.2762],[-70.4066,-32.279],[-70.4154,-32.2825],[-70.4197,-32.2808],[-70.4224,-32.2767],[-70.4297,-32.2723],[-70.4377,-32.2704],[-70.4361,-32.2611],[-70.4379,-32.2571],[-70.4362,-32.2541],[-70.4352,-32.249],[-70.4358,-32.2433],[-70.4328,-32.2397],[-70.4338,-32.2332],[-70.4327,-32.2265],[-70.439,-32.2252],[-70.4445,-32.2204],[-70.4488,-32.2237],[-70.4538,-32.2235],[-70.4545,-32.2188],[-70.4572,-32.2125],[-70.4552,-32.2107],[-70.4527,-32.2052],[-70.4523,-32.1969],[-70.4478,-32.1942],[-70.4463,-32.1885],[-70.4448,-32.1866],[-70.4502,-32.1796],[-70.453,-32.1797],[-70.4554,-32.1724],[-70.4604,-32.1714],[-70.4683,-32.172],[-70.473,-32.1759],[-70.4751,-32.1715],[-70.4837,-32.1696],[-70.4921,-32.1725],[-70.502,-32.1697],[-70.5004,-32.1635],[-70.5014,-32.1571],[-70.5067,-32.1571],[-70.5213,-32.1522],[-70.5248,-32.1505],[-70.5285,-32.1504],[-70.5326,-32.1478],[-70.5373,-32.1502],[-70.5378,-32.1519],[-70.5364,-32.1594],[-70.5311,-32.1625],[-70.5312,-32.166],[-70.5347,-32.1709],[-70.5388,-32.1718],[-70.5442,-32.175],[-70.5487,-32.1722],[-70.5527,-32.1711],[-70.5653,-32.1652],[-70.5745,-32.1646],[-70.5792,-32.1654],[-70.587,-32.163],[-70.5934,-32.1632],[-70.5998,-32.1592],[-70.6038,-32.158],[-70.6126,-32.1496],[-70.6139,-32.146],[-70.618,-32.1451],[-70.6241,-32.1464],[-70.6307,-32.143],[-70.6358,-32.1424],[-70.6391,-32.1402],[-70.6444,-32.1389],[-70.6499,-32.1345],[-70.6534,-32.1339],[-70.6545,-32.1207],[-70.6523,-32.1165],[-70.6531,-32.1104],[-70.6518,-32.1058],[-70.6562,-32.1024],[-70.6566,-32.0973],[-70.6511,-32.0819],[-70.6477,-32.0792],[-70.6449,-32.0786],[-70.6452,-32.0743],[-70.6509,-32.0674],[-70.6519,-32.064],[-70.6547,-32.0634],[-70.6572,-32.0551],[-70.6599,-32.0558],[-70.6671,-32.0608],[-70.6754,-32.0623],[-70.6823,-32.0598],[-70.6877,-32.0608],[-70.691,-32.0626],[-70.6926,-32.0569],[-70.6916,-32.0517],[-70.6974,-32.04],[-70.7007,-32.0341],[-70.7274,-32.028],[-70.7331,-32.0235],[-70.7394,-32.0206],[-70.7409,-32.0214],[-70.7453,-32.0274],[-70.7504,-32.0281],[-70.7579,-32.033],[-70.7677,-32.0378],[-70.7721,-32.0406],[-70.7781,-32.0394],[-70.783,-32.0414],[-70.7944,-32.0383],[-70.7987,-32.0348],[-70.8015,-32.0343],[-70.8133,-32.0376],[-70.8175,-32.0409],[-70.822,-32.0418],[-70.8283,-32.0419],[-70.8318,-32.044],[-70.8364,-32.0503],[-70.8484,-32.052],[-70.8513,-32.0532],[-70.8547,-32.0518],[-70.8606,-32.0539],[-70.8641,-32.0567],[-70.8713,-32.0591],[-70.8761,-32.0637],[-70.8813,-32.0645],[-70.885,-32.0615],[-70.891,-32.0625],[-70.8997,-32.0662],[-70.9052,-32.0668],[-70.9113,-32.0632],[-70.9183,-32.0658],[-70.9271,-32.0732],[-70.9287,-32.0785],[-70.931,-32.0795],[-70.9368,-32.0768],[-70.94,-32.0726],[-70.9402,-32.0685],[-70.9389,-32.0629],[-70.9427,-32.0585],[-70.9465,-32.0586],[-70.9523,-32.0564],[-70.9515,-32.0482],[-70.9568,-32.0471],[-70.9646,-32.0469],[-70.9753,-32.0434],[-70.9883,-32.0453]]]}},{"type":"Feature","properties":{"territorio":"CIRCUNSCRIPCION SENATORIAL 6","n_comunas":37},"geometry":{"type":"MultiPolygon","coordinates":[[[[-71.5557,-33.7814],[-71.5566,-33.789],[-71.5567,-33.7984],[-71.5574,-33.8132],[-71.5568,-33.8446],[-71.5566,-33.8612],[-71.5553,-33.8654],[-71.5563,-33.8738],[-71.5611,-33.8717],[-71.5692,-33.8726],[-71.5729,-33.8737],[-71.5765,-33.872],[-71.5773,-33.87],[-71.5819,-33.8673],[-71.5899,-33.8723],[-71.6332,-33.8986],[-71.6599,-33.915],[-71.6832,-33.9253],[-71.6896,-33.9284],[-71.6935,-33.9295],[-71.6936,-33.9321],[-71.699,-33.9339],[-71.6992,-33.9352],[-71.7033,-33.9408],[-71.7091,-33.9409],[-71.7133,-33.9447],[-71.7152,-33.9486],[-71.717,-33.9491],[-71.7217,-33.9557],[-71.7253,-33.9554],[-71.7282,-33.9498],[-71.7269,-33.9457],[-71.7296,-33.943],[-71.7357,-33.9397],[-71.7388,-33.9391],[-71.7472,-33.9399],[-71.7522,-33.9396],[-71.7556,-33.9377],[-71.7511,-33.9259],[-71.7494,-33.9232],[-71.7517,-33.9203],[-71.758,-33.9217],[-71.7625,-33.9244],[-71.767,-33.9303],[-71.7688,-33.9351],[-71.8096,-33.9062],[-71.8391,-33.9168],[-71.8253,-33.9035],[-71.8302,-33.8617],[-71.7942,-33.7731],[-71.6703,-33.7187],[-71.6311,-33.6136],[-71.6289,-33.6214],[-71.6123,-33.6235],[-71.5992,-33.6331],[-71.5869,-33.6493],[-71.5902,-33.641],[-71.6074,-33.6249],[-71.628,-33.6175],[-71.6232,-33.5871],[-71.6173,-33.5952],[-71.6131,-33.5861],[-71.6274,-33.5517],[-71.6035,-33.5445],[-71.608,-33.521],[-71.6793,-33.4458],[-71.7099,-33.4252],[-71.6952,-33.3724],[-71.6529,-33.3463],[-71.6654,-33.2791],[-71.6953,-33.2492],[-71.6798,-33.2296],[-71.7077,-33.1991],[-71.684,-33.1786],[-71.7001,-33.1555],[-71.7424,-33.0979],[-71.6734,-33.102],[-71.6491,-33.0221],[-71.6189,-33.0429],[-71.5872,-33.0285],[-71.5523,-33.0081],[-71.5508,-32.9458],[-71.5514,-32.9284],[-71.5078,-32.9152],[-71.5205,-32.8356],[-71.5481,-32.8089],[-71.5385,-32.7667],[-71.5188,-32.7838],[-71.4907,-32.7703],[-71.5096,-32.7113],[-71.4668,-32.7075],[-71.4306,-32.6312],[-71.4719,-32.5523],[-71.4632,-32.5003],[-71.4345,-32.4947],[-71.4276,-32.4151],[-71.4082,-32.4034],[-71.4286,-32.3636],[-71.4707,-32.3446],[-71.4719,-32.2726],[-71.4998,-32.2387],[-71.5252,-32.2412],[-71.5367,-32.1786],[-71.5336,-32.1789],[-71.5224,-32.1821],[-71.5191,-32.1823],[-71.5143,-32.1785],[-71.5112,-32.1784],[-71.5086,-32.1802],[-71.5029,-32.1805],[-71.5011,-32.179],[-71.4949,-32.1685],[-71.4919,-32.1585],[-71.4862,-32.1591],[-71.4784,-32.1546],[-71.4766,-32.1548],[-71.4726,-32.1619],[-71.4686,-32.1635],[-71.4667,-32.1658],[-71.4596,-32.1668],[-71.453,-32.1708],[-71.4463,-32.1704],[-71.442,-32.174],[-71.4381,-32.1739],[-71.435,-32.1776],[-71.4339,-32.1814],[-71.4268,-32.1843],[-71.4238,-32.1832],[-71.4219,-32.1865],[-71.4137,-32.1865],[-71.4097,-32.1894],[-71.4021,-32.1888],[-71.3941,-32.1905],[-71.3881,-32.1897],[-71.3838,-32.1935],[-71.3756,-32.1953],[-71.3713,-32.1998],[-71.364,-32.2006],[-71.3566,-32.1975],[-71.3525,-32.1989],[-71.3497,-32.1985],[-71.3449,-32.1998],[-71.3421,-32.2021],[-71.338,-32.2031],[-71.334,-32.2005],[-71.3324,-32.2011],[-71.3238,-32.1982],[-71.3198,-32.1943],[-71.316,-32.1921],[-71.3124,-32.1914],[-71.3044,-32.1918],[-71.3011,-32.1903],[-71.2973,-32.1923],[-71.2912,-32.193],[-71.2862,-32.1825],[-71.2842,-32.181],[-71.2792,-32.1805],[-71.2775,-32.179],[-71.2729,-32.1785],[-71.2677,-32.173],[-71.2675,-32.171],[-71.2621,-32.1693],[-71.2584,-32.1726],[-71.2563,-32.1723],[-71.2526,-32.1683],[-71.2499,-32.1634],[-71.2502,-32.1557],[-71.2471,-32.1534],[-71.2461,-32.1495],[-71.2438,-32.1479],[-71.2428,-32.1423],[-71.2401,-32.1429],[-71.2359,-32.1413],[-71.2345,-32.138],[-71.2281,-32.1368],[-71.2247,-32.1316],[-71.2233,-32.1278],[-71.2172,-32.1293],[-71.2122,-32.1284],[-71.2098,-32.1316],[-71.2065,-32.1323],[-71.2022,-32.1354],[-71.2023,-32.139],[-71.1974,-32.144],[-71.1941,-32.1499],[-71.1917,-32.1524],[-71.1909,-32.1593],[-71.1882,-32.1617],[-71.1873,-32.1656],[-71.1824,-32.1718],[-71.1752,-32.1694],[-71.167,-32.1679],[-71.1521,-32.1597],[-71.1495,-32.1568],[-71.1432,-32.152],[-71.1356,-32.1522],[-71.1315,-32.1453],[-71.1307,-32.1388],[-71.1224,-32.1374],[-71.121,-32.1324],[-71.1125,-32.1291],[-71.1053,-32.1231],[-71.1026,-32.1176],[-71.0908,-32.107],[-71.0882,-32.1039],[-71.0835,-32.1006],[-71.0767,-32.0985],[-71.0676,-32.0946],[-71.0651,-32.0928],[-71.0637,-32.0889],[-71.0569,-32.0835],[-71.046,-32.0766],[-71.0393,-32.075],[-71.0364,-32.0766],[-71.0299,-32.0732],[-71.0303,-32.0689],[-71.0332,-32.0673],[-71.0369,-32.0613],[-71.0405,-32.0583],[-71.0399,-32.0555],[-71.0421,-32.0512],[-71.0456,-32.0486],[-71.0428,-32.0374],[-71.0409,-32.0331],[-71.0351,-32.0335],[-71.0306,-32.0325],[-71.027,-32.033],[-71.0239,-32.035],[-71.0193,-32.0354],[-71.0128,-32.0344],[-71.001,-32.0414],[-70.9905,-32.0437],[-70.9883,-32.0453],[-70.9753,-32.0434],[-70.9646,-32.0469],[-70.9568,-32.0471],[-70.9515,-32.0482],[-70.9523,-32.0564],[-70.9465,-32.0586],[-70.9427,-32.0585],[-70.9389,-32.0629],[-70.9402,-32.0685],[-70.94,-32.0726],[-70.9368,-32.0768],[-70.931,-32.0795],[-70.9287,-32.0785],[-70.9271,-32.0732],[-70.9183,-32.0658],[-70.9113,-32.0632],[-70.9052,-32.0668],[-70.8997,-32.0662],[-70.891,-32.0625],[-70.885,-32.0615],[-70.8813,-32.0645],[-70.8761,-32.0637],[-70.8713,-32.0591],[-70.8641,-32.0567],[-70.8606,-32.0539],[-70.8547,-32.0518],[-70.8513,-32.0532],[-70.8484,-32.052],[-70.8364,-32.0503],[-70.8318,-32.044],[-70.8283,-32.0419],[-70.822,-32.0418],[-70.8175,-32.0409],[-70.8133,-32.0376],[-70.8015,-32.0343],[-70.7987,-32.0348],[-70.7944,-32.0383],[-70.783,-32.0414],[-70.7781,-32.0394],[-70.7721,-32.0406],[-70.7677,-32.0378],[-70.7579,-32.033],[-70.7504,-32.0281],[-70.7453,-32.0274],[-70.7409,-32.0214],[-70.7394,-32.0206],[-70.7331,-32.0235],[-70.7274,-32.028],[-70.7007,-32.0341],[-70.6974,-32.04],[-70.6916,-32.0517],[-70.6926,-32.0569],[-70.691,-32.0626],[-70.6877,-32.0608],[-70.6823,-32.0598],[-70.6754,-32.0623],[-70.6671,-32.0608],[-70.6599,-32.0558],[-70.6572,-32.0551],[-70.6547,-32.0634],[-70.6519,-32.064],[-70.6509,-32.0674],[-70.6452,-32.0743],[-70.6449,-32.0786],[-70.6477,-32.0792],[-70.6511,-32.0819],[-70.6566,-32.0973],[-70.6562,-32.1024],[-70.6518,-32.1058],[-70.6531,-32.1104],[-70.6523,-32.1165],[-70.6545,-32.1207],[-70.6534,-32.1339],[-70.6499,-32.1345],[-70.6444,-32.1389],[-70.6391,-32.1402],[-70.6358,-32.1424],[-70.6307,-32.143],[-70.6241,-32.1464],[-70.618,-32.1451],[-70.6139,-32.146],[-70.6126,-32.1496],[-70.6038,-32.158],[-70.5998,-32.1592],[-70.5934,-32.1632],[-70.587,-32.163],[-70.5792,-32.1654],[-70.5745,-32.1646],[-70.5653,-32.1652],[-70.5527,-32.1711],[-70.5487,-32.1722],[-70.5442,-32.175],[-70.5388,-32.1718],[-70.5347,-32.1709],[-70.5312,-32.166],[-70.5311,-32.1625],[-70.5364,-32.1594],[-70.5378,-32.1519],[-70.5373,-32.1502],[-70.5326,-32.1478],[-70.5285,-32.1504],[-70.5248,-32.1505],[-70.5213,-32.1522],[-70.5067,-32.1571],[-70.5014,-32.1571],[-70.5004,-32.1635],[-70.502,-32.1697],[-70.4921,-32.1725],[-70.4837,-32.1696],[-70.4751,-32.1715],[-70.473,-32.1759],[-70.4683,-32.172],[-70.4604,-32.1714],[-70.4554,-32.1724],[-70.453,-32.1797],[-70.4502,-32.1796],[-70.4448,-32.1866],[-70.4463,-32.1885],[-70.4478,-32.1942],[-70.4523,-32.1969],[-70.4527,-32.2052],[-70.4552,-32.2107],[-70.4572,-32.2125],[-70.4545,-32.2188],[-70.4538,-32.2235],[-70.4488,-32.2237],[-70.4445,-32.2204],[-70.439,-32.2252],[-70.4327,-32.2265],[-70.4338,-32.2332],[-70.4328,-32.2397],[-70.4358,-32.2433],[-70.4352,-32.249],[-70.4362,-32.2541],[-70.4379,-32.2571],[-70.4361,-32.2611],[-70.4377,-32.2704],[-70.4297,-32.2723],[-70.4224,-32.2767],[-70.4197,-32.2808],[-70.4154,-32.2825],[-70.4066,-32.279],[-70.4044,-32.2762],[-70.3988,-32.2729],[-70.3938,-32.2727],[-70.3832,-32.2666],[-70.3745,-32.2682],[-70.3699,-32.2619],[-70.3651,-32.2581],[-70.365,-32.2556],[-70.3626,-32.2539],[-70.3542,-32.2544],[-70.3516,-32.2555],[-70.3489,-32.2595],[-70.3447,-32.2632],[-70.3438,-32.2691],[-70.3423,-32.272],[-70.3381,-32.2729],[-70.3307,-32.2767],[-70.3267,-32.2769],[-70.2625,-32.2919],[-70.2224,-32.3246],[-70.2159,-32.3826],[-70.2377,-32.4033],[-70.2329,-32.431],[-70.1527,-32.463],[-70.136,-32.4875],[-70.1259,-32.5754],[-70.1499,-32.5798],[-70.1721,-32.6223],[-70.1458,-32.6523],[-70.1475,-32.7266],[-70.108,-32.8005],[-70.0534,-32.8331],[-70.0445,-32.8702],[-69.9892,-32.8989],[-70.028,-32.9682],[-70.0188,-33.0066],[-70.0807,-33.0298],[-70.095,-33.0524],[-70.1016,-33.0524],[-70.1079,-33.059],[-70.116,-33.0645],[-70.1135,-33.0721],[-70.1195,-33.073],[-70.1239,-33.0747],[-70.1291,-33.0805],[-70.1304,-33.0889],[-70.1315,-33.0912],[-70.1341,-33.094],[-70.1383,-33.0944],[-70.1473,-33.0934],[-70.1524,-33.0962],[-70.1551,-33.0971],[-70.1586,-33.0992],[-70.1554,-33.1052],[-70.1527,-33.107],[-70.1555,-33.1131],[-70.1603,-33.1112],[-70.1667,-33.1093],[-70.1759,-33.1072],[-70.1787,-33.1025],[-70.1824,-33.1019],[-70.1857,-33.1033],[-70.1883,-33.1082],[-70.1915,-33.1099],[-70.1994,-33.1102],[-70.2029,-33.1158],[-70.2052,-33.1246],[-70.2082,-33.1264],[-70.2179,-33.1289],[-70.2227,-33.1348],[-70.2276,-33.135],[-70.234,-33.1386],[-70.2348,-33.1416],[-70.2303,-33.1429],[-70.2281,-33.1442],[-70.2262,-33.1494],[-70.2286,-33.154],[-70.2291,-33.1579],[-70.2373,-33.1636],[-70.2402,-33.1673],[-70.2427,-33.1731],[-70.244,-33.1797],[-70.2429,-33.1869],[-70.2482,-33.1861],[-70.2519,-33.1839],[-70.26,-33.1835],[-70.2659,-33.1813],[-70.266,-33.1785],[-70.2648,-33.1764],[-70.2647,-33.1664],[-70.2676,-33.164],[-70.2702,-33.1543],[-70.2713,-33.1469],[-70.2701,-33.1423],[-70.2699,-33.1368],[-70.2706,-33.1331],[-70.2739,-33.1307],[-70.2827,-33.1309],[-70.2868,-33.1316],[-70.2929,-33.1285],[-70.2959,-33.1256],[-70.2966,-33.1231],[-70.2965,-33.1194],[-70.2996,-33.1134],[-70.3027,-33.113],[-70.3096,-33.1086],[-70.3121,-33.1085],[-70.3156,-33.1096],[-70.3193,-33.1078],[-70.3207,-33.1042],[-70.3222,-33.1027],[-70.3282,-33.1021],[-70.3333,-33.0987],[-70.3361,-33.0975],[-70.3421,-33.097],[-70.3428,-33.1018],[-70.3466,-33.104],[-70.352,-33.1055],[-70.3621,-33.1067],[-70.367,-33.107],[-70.3726,-33.1058],[-70.3762,-33.1019],[-70.3773,-33.0985],[-70.3817,-33.0936],[-70.3878,-33.0888],[-70.3853,-33.0827],[-70.386,-33.082],[-70.394,-33.0796],[-70.3955,-33.0764],[-70.3955,-33.0724],[-70.4023,-33.0701],[-70.4041,-33.0664],[-70.4056,-33.0656],[-70.406,-33.063],[-70.4017,-33.0575],[-70.3958,-33.0487],[-70.3987,-33.0445],[-70.4008,-33.0432],[-70.3985,-33.0401],[-70.3988,-33.0328],[-70.4048,-33.03],[-70.4074,-33.0281],[-70.4138,-33.025],[-70.4177,-33.0241],[-70.42039510086455,-33.024196253602305],[-70.4204,-33.0242],[-70.4205,-33.0242],[-70.4227,-33.0242],[-70.4244,-33.0214],[-70.4301,-33.0208],[-70.4359,-33.0229],[-70.4374,-33.0264],[-70.441,-33.0284],[-70.4446,-33.0318],[-70.4471,-33.0369],[-70.452,-33.0393],[-70.4538,-33.0427],[-70.4564,-33.0445],[-70.4571,-33.0464],[-70.4599,-33.0488],[-70.4598,-33.0512],[-70.4622,-33.0539],[-70.4636,-33.0568],[-70.4647,-33.0615],[-70.4687,-33.0652],[-70.4707,-33.0653],[-70.477,-33.0672],[-70.4769,-33.0687],[-70.4784,-33.0749],[-70.4813,-33.0804],[-70.4834,-33.0814],[-70.489,-33.0824],[-70.5089,-33.0886],[-70.512,-33.0831],[-70.5153,-33.0803],[-70.5188,-33.0777],[-70.5187,-33.073],[-70.5227,-33.0679],[-70.5243,-33.0636],[-70.5244,-33.0602],[-70.5262,-33.0577],[-70.5258,-33.0554],[-70.5278,-33.0504],[-70.5327,-33.0488],[-70.5369,-33.0449],[-70.5394,-33.0441],[-70.5438,-33.0407],[-70.5484,-33.0393],[-70.5525,-33.034],[-70.5519,-33.029],[-70.5491,-33.0217],[-70.5465,-33.0194],[-70.5472,-33.0164],[-70.5463,-33.0137],[-70.5486,-33.012],[-70.5493,-33.0093],[-70.5513,-33.0067],[-70.5574,-33.0027],[-70.557,-32.9995],[-70.5593,-32.9962],[-70.5614,-32.9954],[-70.5651,-32.9898],[-70.5669,-32.9886],[-70.5719,-32.987],[-70.5776,-32.9789],[-70.5812,-32.9755],[-70.5872,-32.9717],[-70.5928,-32.9697],[-70.5918,-32.9667],[-70.5914,-32.9597],[-70.5937,-32.9565],[-70.5976,-32.9528],[-70.5937,-32.9486],[-70.6043,-32.9421],[-70.6098,-32.9436],[-70.6128,-32.9504],[-70.616,-32.9493],[-70.6212,-32.9475],[-70.6265,-32.9487],[-70.6331,-32.9472],[-70.6367,-32.9471],[-70.6391,-32.9495],[-70.6439,-32.952],[-70.6471,-32.9518],[-70.6517,-32.9534],[-70.6585,-32.9531],[-70.6647,-32.9555],[-70.6701,-32.9581],[-70.6755,-32.9597],[-70.6823,-32.9586],[-70.6899,-32.9547],[-70.694,-32.9555],[-70.6971,-32.9584],[-70.7031,-32.9566],[-70.7059,-32.9599],[-70.7128,-32.9566],[-70.7133,-32.9552],[-70.7203,-32.953],[-70.7211,-32.9498],[-70.72,-32.9444],[-70.7215,-32.9345],[-70.7227,-32.9328],[-70.7218,-32.9301],[-70.7218,-32.926],[-70.7238,-32.9262],[-70.7311,-32.9255],[-70.7359,-32.9219],[-70.7386,-32.9244],[-70.7422,-32.9247],[-70.7452,-32.9277],[-70.7501,-32.9283],[-70.7557,-32.9298],[-70.7609,-32.9292],[-70.7635,-32.9321],[-70.7682,-32.9348],[-70.7715,-32.9355],[-70.7772,-32.9337],[-70.7817,-32.9291],[-70.7928,-32.9289],[-70.794,-32.926],[-70.8035,-32.9247],[-70.808,-32.9268],[-70.8256,-32.9278],[-70.8331,-32.9279],[-70.8373,-32.9267],[-70.8419,-32.9224],[-70.848,-32.927],[-70.8563,-32.9298],[-70.8651,-32.9322],[-70.8723,-32.9311],[-70.8782,-32.9351],[-70.883,-32.9368],[-70.8877,-32.9387],[-70.8942,-32.9349],[-70.897,-32.9342],[-70.9072,-32.9364],[-70.9082,-32.9431],[-70.9099,-32.9451],[-70.9159,-32.9446],[-70.9166,-32.9473],[-70.9204,-32.9516],[-70.9231,-32.9568],[-70.9265,-32.9649],[-70.9285,-32.9675],[-70.9397,-32.9729],[-70.9468,-32.9723],[-70.9493,-32.9688],[-70.9623,-32.9727],[-70.9695,-32.9756],[-70.9738,-32.9762],[-70.9816,-32.9761],[-70.9856,-32.9786],[-70.9878,-32.9785],[-70.9954,-32.9768],[-70.9988,-32.9754],[-71.0029,-32.9758],[-71.0113,-32.9759],[-71.0132,-32.9762],[-71.0142,-32.9763],[-71.0178,-32.9781],[-71.0209,-32.9811],[-71.0227,-32.9847],[-71.0269,-32.9883],[-71.0272,-32.9888],[-71.0266,-33.0058],[-71.024,-33.0074],[-71.0196,-33.0127],[-71.0193,-33.0173],[-71.0176,-33.0249],[-71.0148,-33.032],[-71.0139,-33.0369],[-71.0088,-33.0412],[-71.0068,-33.0447],[-71.0013,-33.0471],[-71.0012,-33.0501],[-71.0053,-33.052],[-71.0099,-33.0594],[-71.01,-33.0627],[-71.0088,-33.0644],[-71.0154,-33.0675],[-71.0176,-33.0708],[-71.0212,-33.0751],[-71.026,-33.0782],[-71.0273,-33.0823],[-71.0298,-33.0842],[-71.023,-33.0875],[-71.015,-33.0954],[-71.0176,-33.102],[-71.0201,-33.1097],[-71.0195,-33.1137],[-71.0193,-33.12],[-71.0165,-33.1231],[-71.0127,-33.1321],[-71.0124,-33.1363],[-71.0132,-33.142],[-71.0122,-33.1439],[-71.0116,-33.1524],[-71.0106,-33.1549],[-71.0081,-33.1552],[-71.0047,-33.154],[-71.0041,-33.1587],[-70.9994,-33.1638],[-70.9952,-33.1698],[-70.9945,-33.1728],[-70.9896,-33.1767],[-70.9904,-33.1785],[-70.9937,-33.1796],[-70.9928,-33.1826],[-70.9982,-33.1921],[-70.9972,-33.1966],[-70.9977,-33.1986],[-71.0058,-33.198],[-71.0097,-33.1995],[-71.016,-33.2005],[-71.0175,-33.2034],[-71.0203,-33.2018],[-71.0246,-33.2012],[-71.0272,-33.2021],[-71.0291,-33.205],[-71.0261,-33.2111],[-71.0258,-33.215],[-71.0274,-33.2166],[-71.0321,-33.2155],[-71.0335,-33.2141],[-71.0327,-33.2108],[-71.0407,-33.2067],[-71.0441,-33.2097],[-71.049,-33.2098],[-71.0515,-33.2062],[-71.0547,-33.2043],[-71.058,-33.2101],[-71.0604,-33.2149],[-71.0605,-33.219],[-71.0599,-33.2207],[-71.0601,-33.2251],[-71.0672,-33.229],[-71.0751,-33.2306],[-71.0794,-33.2266],[-71.0848,-33.2245],[-71.0939,-33.2194],[-71.0968,-33.2206],[-71.1092,-33.2204],[-71.1138,-33.2226],[-71.1152,-33.2261],[-71.1176,-33.2278],[-71.1199,-33.231],[-71.1285,-33.2336],[-71.1322,-33.2358],[-71.1353,-33.2357],[-71.1402,-33.2377],[-71.1498,-33.2304],[-71.1529,-33.2285],[-71.1603,-33.2267],[-71.1624,-33.2255],[-71.1643,-33.2264],[-71.166,-33.2296],[-71.173,-33.2307],[-71.1866,-33.2276],[-71.1911,-33.2268],[-71.1955,-33.2284],[-71.1994,-33.2281],[-71.2026,-33.2306],[-71.2063,-33.232],[-71.2108,-33.2317],[-71.2164,-33.2353],[-71.2154,-33.2383],[-71.2162,-33.24],[-71.2218,-33.2407],[-71.2251,-33.2455],[-71.2256,-33.2466],[-71.2242,-33.252],[-71.2213,-33.2538],[-71.2197,-33.2587],[-71.2197,-33.2606],[-71.224,-33.2661],[-71.2268,-33.2684],[-71.2234,-33.27],[-71.2233,-33.2748],[-71.2226,-33.2793],[-71.2188,-33.2818],[-71.2173,-33.2844],[-71.2147,-33.2857],[-71.2132,-33.2886],[-71.2148,-33.2928],[-71.2104,-33.3026],[-71.2076,-33.305],[-71.2056,-33.309],[-71.2012,-33.3102],[-71.1958,-33.3099],[-71.1958,-33.312],[-71.205,-33.3209],[-71.2057,-33.3259],[-71.2054,-33.3304],[-71.2078,-33.3315],[-71.2116,-33.3307],[-71.2108,-33.3343],[-71.2151,-33.3448],[-71.2159,-33.3492],[-71.2153,-33.3533],[-71.2142,-33.3551],[-71.22,-33.3606],[-71.2201,-33.3647],[-71.2234,-33.3706],[-71.2231,-33.3731],[-71.2258,-33.3744],[-71.2326,-33.3752],[-71.2364,-33.3744],[-71.2397,-33.3786],[-71.2456,-33.3831],[-71.2553,-33.3834],[-71.261,-33.3861],[-71.2669,-33.3877],[-71.2685,-33.3945],[-71.2761,-33.3995],[-71.2772,-33.4021],[-71.2758,-33.4041],[-71.2792,-33.4062],[-71.2812,-33.4097],[-71.2839,-33.4106],[-71.2915,-33.4117],[-71.2956,-33.4115],[-71.2973,-33.4129],[-71.306,-33.4093],[-71.3105,-33.4104],[-71.315,-33.4106],[-71.3235,-33.4098],[-71.3261,-33.4071],[-71.3319,-33.4084],[-71.3333,-33.4124],[-71.3388,-33.4138],[-71.3425,-33.4158],[-71.3438,-33.4219],[-71.3413,-33.4274],[-71.3435,-33.4299],[-71.3426,-33.4341],[-71.3404,-33.4388],[-71.3375,-33.441],[-71.3382,-33.444],[-71.3376,-33.4484],[-71.3383,-33.4524],[-71.3361,-33.456],[-71.3418,-33.4649],[-71.3412,-33.4671],[-71.342,-33.4711],[-71.3394,-33.4744],[-71.3395,-33.4759],[-71.3447,-33.4823],[-71.3474,-33.484],[-71.3506,-33.4892],[-71.3532,-33.4925],[-71.3491,-33.5],[-71.3515,-33.5049],[-71.3484,-33.5086],[-71.3483,-33.5125],[-71.3493,-33.5141],[-71.3502,-33.5194],[-71.3502,-33.5266],[-71.351,-33.5286],[-71.3467,-33.531],[-71.3412,-33.5303],[-71.3371,-33.5329],[-71.3316,-33.5354],[-71.3343,-33.5404],[-71.3316,-33.5426],[-71.3306,-33.5493],[-71.3293,-33.5546],[-71.3292,-33.5589],[-71.3279,-33.5617],[-71.3312,-33.5672],[-71.3289,-33.5713],[-71.3295,-33.5734],[-71.3294,-33.5806],[-71.3281,-33.5833],[-71.3322,-33.5852],[-71.3319,-33.594],[-71.3363,-33.6024],[-71.3362,-33.6076],[-71.3409,-33.611],[-71.3446,-33.6122],[-71.347,-33.6149],[-71.3506,-33.6178],[-71.3545,-33.6206],[-71.3579,-33.6227],[-71.3617,-33.6233],[-71.3698,-33.6227],[-71.3748,-33.6213],[-71.3807,-33.6221],[-71.3838,-33.6249],[-71.3837,-33.6285],[-71.3824,-33.6312],[-71.3825,-33.6335],[-71.3842,-33.6349],[-71.3873,-33.639],[-71.3938,-33.6409],[-71.3961,-33.6446],[-71.3955,-33.6488],[-71.3953,-33.6555],[-71.3986,-33.6588],[-71.3997,-33.6632],[-71.4023,-33.6626],[-71.4093,-33.6586],[-71.4146,-33.6582],[-71.42,-33.6594],[-71.4267,-33.6604],[-71.4306,-33.6685],[-71.4327,-33.6703],[-71.4337,-33.6726],[-71.4334,-33.6751],[-71.4347,-33.6771],[-71.4376,-33.6794],[-71.4377,-33.6833],[-71.4321,-33.6851],[-71.4291,-33.6857],[-71.4224,-33.6857],[-71.4199,-33.6882],[-71.4229,-33.6902],[-71.4241,-33.6973],[-71.4239,-33.7],[-71.4214,-33.7028],[-71.4201,-33.7082],[-71.4149,-33.7099],[-71.4108,-33.7138],[-71.4063,-33.7154],[-71.4025,-33.7187],[-71.3987,-33.7187],[-71.3968,-33.7206],[-71.3952,-33.7251],[-71.3904,-33.7282],[-71.39,-33.7318],[-71.393,-33.7376],[-71.3892,-33.7392],[-71.3853,-33.7396],[-71.3755,-33.7439],[-71.3681,-33.7439],[-71.3579,-33.7545],[-71.359,-33.7563],[-71.3642,-33.7596],[-71.3663,-33.7641],[-71.371,-33.766],[-71.3735,-33.7655],[-71.3797,-33.766],[-71.3831,-33.7654],[-71.3873,-33.7678],[-71.3976,-33.7678],[-71.4043,-33.7705],[-71.4089,-33.7784],[-71.409,-33.7852],[-71.4134,-33.7842],[-71.4181,-33.7849],[-71.4214,-33.7867],[-71.4338,-33.7888],[-71.4361,-33.7881],[-71.4395,-33.7869],[-71.4518,-33.785],[-71.4581,-33.7846],[-71.4636,-33.7837],[-71.4666,-33.7814],[-71.4692,-33.7821],[-71.4716,-33.7848],[-71.4758,-33.7836],[-71.4788,-33.7772],[-71.486,-33.7739],[-71.489,-33.7709],[-71.4952,-33.769],[-71.5028,-33.7697],[-71.5154,-33.7742],[-71.5193,-33.778],[-71.5214,-33.7789],[-71.5309,-33.7674],[-71.5358,-33.7638],[-71.5399,-33.764],[-71.5457,-33.7655],[-71.551,-33.7698],[-71.5557,-33.7814]]],[[[-80.788,-33.7205],[-80.7551,-33.7654],[-80.7753,-33.815],[-80.8185,-33.7913],[-80.837,-33.7484],[-80.788,-33.7205]]],[[[-78.9471,-33.7123],[-78.9496,-33.6957],[-78.9234,-33.7151],[-78.9471,-33.7123]]],[[[-78.8665,-33.6447],[-78.9453,-33.6804],[-78.8826,-33.6366],[-78.8773,-33.6059],[-78.8287,-33.6408],[-78.7888,-33.6415],[-78.7734,-33.6785],[-78.8255,-33.6607],[-78.8607,-33.6675],[-78.8665,-33.6447]]],[[[-79.9049,-26.3475],[-79.8833,-26.3344],[-79.8711,-26.3399],[-79.9049,-26.3475]]],[[[-80.0913,-26.2859],[-80.0866,-26.2999],[-80.1146,-26.2953],[-80.0913,-26.2859]]]]}},{"type":"Feature","properties":{"territorio":"CIRCUNSCRIPCION SENATORIAL 7","n_comunas":52},"geometry":{"type":"Polygon","coordinates":[[[-71.0426,-34.1717],[-71.0475,-34.1713],[-71.0568,-34.1794],[-71.0678,-34.1799],[-71.0719,-34.1839],[-71.0822,-34.1824],[-71.0898,-34.1803],[-71.1059,-34.1666],[-71.1144,-34.1662],[-71.1179,-34.1634],[-71.1268,-34.1669],[-71.1365,-34.1662],[-71.1439,-34.1648],[-71.1597,-34.1641],[-71.1678,-34.1621],[-71.1745,-34.1592],[-71.1857,-34.1572],[-71.1878,-34.1541],[-71.197,-34.1494],[-71.2023,-34.1447],[-71.2054,-34.1393],[-71.205,-34.1357],[-71.214,-34.1363],[-71.222,-34.1258],[-71.2282,-34.1198],[-71.2316,-34.1168],[-71.2321,-34.1066],[-71.2381,-34.1022],[-71.2427,-34.0959],[-71.2674,-34.0836],[-71.2707,-34.0524],[-71.2881,-34.0453],[-71.2917,-34.0453],[-71.2967,-34.0385],[-71.3007,-34.0343],[-71.3052,-34.0361],[-71.3333,-34.0522],[-71.3405,-34.0506],[-71.3482,-34.0564],[-71.3515,-34.0649],[-71.3662,-34.0601],[-71.3815,-34.0653],[-71.3877,-34.0685],[-71.3901,-34.0759],[-71.395,-34.0731],[-71.3986,-34.0678],[-71.4169,-34.05],[-71.4155,-34.0451],[-71.4124,-34.0366],[-71.4215,-34.0326],[-71.4483,-34.0139],[-71.4594,-34.0175],[-71.4618,-34.0158],[-71.4644,-34.0134],[-71.4725,-34.011],[-71.4928,-34.001],[-71.5034,-33.997],[-71.5143,-33.9948],[-71.5183,-33.9952],[-71.5231,-33.9927],[-71.5341,-33.9936],[-71.5511,-33.9892],[-71.5552,-33.9928],[-71.5626,-33.9887],[-71.5664,-33.9839],[-71.573,-34.0073],[-71.5809,-34.0117],[-71.5752,-34.023],[-71.585,-34.0328],[-71.6029,-34.0197],[-71.604,-34.0123],[-71.6164,-34.0031],[-71.6309,-34.0023],[-71.648,-33.9979],[-71.6582,-33.9958],[-71.6743,-33.9728],[-71.6833,-33.974],[-71.6887,-33.9716],[-71.6942,-33.9752],[-71.6996,-33.9717],[-71.7008,-33.9681],[-71.7096,-33.9678],[-71.7118,-33.9648],[-71.7119,-33.9513],[-71.7152,-33.9486],[-71.7133,-33.9447],[-71.7091,-33.9409],[-71.7033,-33.9408],[-71.6992,-33.9352],[-71.699,-33.9339],[-71.6936,-33.9321],[-71.6935,-33.9295],[-71.6896,-33.9284],[-71.6832,-33.9253],[-71.6599,-33.915],[-71.6332,-33.8986],[-71.5899,-33.8723],[-71.5819,-33.8673],[-71.5773,-33.87],[-71.5765,-33.872],[-71.5729,-33.8737],[-71.5692,-33.8726],[-71.5611,-33.8717],[-71.5563,-33.8738],[-71.5553,-33.8654],[-71.5566,-33.8612],[-71.5568,-33.8446],[-71.5574,-33.8132],[-71.5567,-33.7984],[-71.5566,-33.789],[-71.5557,-33.7814],[-71.551,-33.7698],[-71.5457,-33.7655],[-71.5399,-33.764],[-71.5358,-33.7638],[-71.5309,-33.7674],[-71.5214,-33.7789],[-71.5193,-33.778],[-71.5154,-33.7742],[-71.5028,-33.7697],[-71.4952,-33.769],[-71.489,-33.7709],[-71.486,-33.7739],[-71.4788,-33.7772],[-71.4758,-33.7836],[-71.4716,-33.7848],[-71.4692,-33.7821],[-71.4666,-33.7814],[-71.4636,-33.7837],[-71.4581,-33.7846],[-71.4518,-33.785],[-71.4395,-33.7869],[-71.4361,-33.7881],[-71.4338,-33.7888],[-71.4214,-33.7867],[-71.4181,-33.7849],[-71.4134,-33.7842],[-71.409,-33.7852],[-71.4089,-33.7784],[-71.4043,-33.7705],[-71.3976,-33.7678],[-71.3873,-33.7678],[-71.3831,-33.7654],[-71.3797,-33.766],[-71.3735,-33.7655],[-71.371,-33.766],[-71.3663,-33.7641],[-71.3642,-33.7596],[-71.359,-33.7563],[-71.3579,-33.7545],[-71.3681,-33.7439],[-71.3755,-33.7439],[-71.3853,-33.7396],[-71.3892,-33.7392],[-71.393,-33.7376],[-71.39,-33.7318],[-71.3904,-33.7282],[-71.3952,-33.7251],[-71.3968,-33.7206],[-71.3987,-33.7187],[-71.4025,-33.7187],[-71.4063,-33.7154],[-71.4108,-33.7138],[-71.4149,-33.7099],[-71.4201,-33.7082],[-71.4214,-33.7028],[-71.4239,-33.7],[-71.4241,-33.6973],[-71.4229,-33.6902],[-71.4199,-33.6882],[-71.4224,-33.6857],[-71.4291,-33.6857],[-71.4321,-33.6851],[-71.4377,-33.6833],[-71.4376,-33.6794],[-71.4347,-33.6771],[-71.4334,-33.6751],[-71.4337,-33.6726],[-71.4327,-33.6703],[-71.4306,-33.6685],[-71.4267,-33.6604],[-71.42,-33.6594],[-71.4146,-33.6582],[-71.4093,-33.6586],[-71.4023,-33.6626],[-71.3997,-33.6632],[-71.3986,-33.6588],[-71.3953,-33.6555],[-71.3955,-33.6488],[-71.3961,-33.6446],[-71.3938,-33.6409],[-71.3873,-33.639],[-71.3842,-33.6349],[-71.3825,-33.6335],[-71.3824,-33.6312],[-71.3837,-33.6285],[-71.3838,-33.6249],[-71.3807,-33.6221],[-71.3748,-33.6213],[-71.3698,-33.6227],[-71.3617,-33.6233],[-71.3579,-33.6227],[-71.3545,-33.6206],[-71.3506,-33.6178],[-71.347,-33.6149],[-71.3446,-33.6122],[-71.3409,-33.611],[-71.3362,-33.6076],[-71.3363,-33.6024],[-71.3319,-33.594],[-71.3322,-33.5852],[-71.3281,-33.5833],[-71.3294,-33.5806],[-71.3295,-33.5734],[-71.3289,-33.5713],[-71.3312,-33.5672],[-71.3279,-33.5617],[-71.3292,-33.5589],[-71.3293,-33.5546],[-71.3306,-33.5493],[-71.3316,-33.5426],[-71.3343,-33.5404],[-71.3316,-33.5354],[-71.3371,-33.5329],[-71.3412,-33.5303],[-71.3467,-33.531],[-71.351,-33.5286],[-71.3502,-33.5266],[-71.3502,-33.5194],[-71.3493,-33.5141],[-71.3483,-33.5125],[-71.3484,-33.5086],[-71.3515,-33.5049],[-71.3491,-33.5],[-71.3532,-33.4925],[-71.3506,-33.4892],[-71.3474,-33.484],[-71.3447,-33.4823],[-71.3395,-33.4759],[-71.3394,-33.4744],[-71.342,-33.4711],[-71.3412,-33.4671],[-71.3418,-33.4649],[-71.3361,-33.456],[-71.3383,-33.4524],[-71.3376,-33.4484],[-71.3382,-33.444],[-71.3375,-33.441],[-71.3404,-33.4388],[-71.3426,-33.4341],[-71.3435,-33.4299],[-71.3413,-33.4274],[-71.3438,-33.4219],[-71.3425,-33.4158],[-71.3388,-33.4138],[-71.3333,-33.4124],[-71.3319,-33.4084],[-71.3261,-33.4071],[-71.3235,-33.4098],[-71.315,-33.4106],[-71.3105,-33.4104],[-71.306,-33.4093],[-71.2973,-33.4129],[-71.2956,-33.4115],[-71.2915,-33.4117],[-71.2839,-33.4106],[-71.2812,-33.4097],[-71.2792,-33.4062],[-71.2758,-33.4041],[-71.2772,-33.4021],[-71.2761,-33.3995],[-71.2685,-33.3945],[-71.2669,-33.3877],[-71.261,-33.3861],[-71.2553,-33.3834],[-71.2456,-33.3831],[-71.2397,-33.3786],[-71.2364,-33.3744],[-71.2326,-33.3752],[-71.2258,-33.3744],[-71.2231,-33.3731],[-71.2234,-33.3706],[-71.2201,-33.3647],[-71.22,-33.3606],[-71.2142,-33.3551],[-71.2153,-33.3533],[-71.2159,-33.3492],[-71.2151,-33.3448],[-71.2108,-33.3343],[-71.2116,-33.3307],[-71.2078,-33.3315],[-71.2054,-33.3304],[-71.2057,-33.3259],[-71.205,-33.3209],[-71.1958,-33.312],[-71.1958,-33.3099],[-71.2012,-33.3102],[-71.2056,-33.309],[-71.2076,-33.305],[-71.2104,-33.3026],[-71.2148,-33.2928],[-71.2132,-33.2886],[-71.2147,-33.2857],[-71.2173,-33.2844],[-71.2188,-33.2818],[-71.2226,-33.2793],[-71.2233,-33.2748],[-71.2234,-33.27],[-71.2268,-33.2684],[-71.224,-33.2661],[-71.2197,-33.2606],[-71.2197,-33.2587],[-71.2213,-33.2538],[-71.2242,-33.252],[-71.2256,-33.2466],[-71.2251,-33.2455],[-71.2218,-33.2407],[-71.2162,-33.24],[-71.2154,-33.2383],[-71.2164,-33.2353],[-71.2108,-33.2317],[-71.2063,-33.232],[-71.2026,-33.2306],[-71.1994,-33.2281],[-71.1955,-33.2284],[-71.1911,-33.2268],[-71.1866,-33.2276],[-71.173,-33.2307],[-71.166,-33.2296],[-71.1643,-33.2264],[-71.1624,-33.2255],[-71.1603,-33.2267],[-71.1529,-33.2285],[-71.1498,-33.2304],[-71.1402,-33.2377],[-71.1353,-33.2357],[-71.1322,-33.2358],[-71.1285,-33.2336],[-71.1199,-33.231],[-71.1176,-33.2278],[-71.1152,-33.2261],[-71.1138,-33.2226],[-71.1092,-33.2204],[-71.0968,-33.2206],[-71.0939,-33.2194],[-71.0848,-33.2245],[-71.0794,-33.2266],[-71.0751,-33.2306],[-71.0672,-33.229],[-71.0601,-33.2251],[-71.0599,-33.2207],[-71.0605,-33.219],[-71.0604,-33.2149],[-71.058,-33.2101],[-71.0547,-33.2043],[-71.0515,-33.2062],[-71.049,-33.2098],[-71.0441,-33.2097],[-71.0407,-33.2067],[-71.0327,-33.2108],[-71.0335,-33.2141],[-71.0321,-33.2155],[-71.0274,-33.2166],[-71.0258,-33.215],[-71.0261,-33.2111],[-71.0291,-33.205],[-71.0272,-33.2021],[-71.0246,-33.2012],[-71.0203,-33.2018],[-71.0175,-33.2034],[-71.016,-33.2005],[-71.0097,-33.1995],[-71.0058,-33.198],[-70.9977,-33.1986],[-70.9972,-33.1966],[-70.9982,-33.1921],[-70.9928,-33.1826],[-70.9937,-33.1796],[-70.9904,-33.1785],[-70.9896,-33.1767],[-70.9945,-33.1728],[-70.9952,-33.1698],[-70.9994,-33.1638],[-71.0041,-33.1587],[-71.0047,-33.154],[-71.0081,-33.1552],[-71.0106,-33.1549],[-71.0116,-33.1524],[-71.0122,-33.1439],[-71.0132,-33.142],[-71.0124,-33.1363],[-71.0127,-33.1321],[-71.0165,-33.1231],[-71.0193,-33.12],[-71.0195,-33.1137],[-71.0201,-33.1097],[-71.0176,-33.102],[-71.015,-33.0954],[-71.023,-33.0875],[-71.0298,-33.0842],[-71.0273,-33.0823],[-71.026,-33.0782],[-71.0212,-33.0751],[-71.0176,-33.0708],[-71.0154,-33.0675],[-71.0088,-33.0644],[-71.01,-33.0627],[-71.0099,-33.0594],[-71.0053,-33.052],[-71.0012,-33.0501],[-71.0013,-33.0471],[-71.0068,-33.0447],[-71.0088,-33.0412],[-71.0139,-33.0369],[-71.0148,-33.032],[-71.0176,-33.0249],[-71.0193,-33.0173],[-71.0196,-33.0127],[-71.024,-33.0074],[-71.0266,-33.0058],[-71.0272,-32.9888],[-71.0269,-32.9883],[-71.0227,-32.9847],[-71.0209,-32.9811],[-71.0178,-32.9781],[-71.0142,-32.9763],[-71.0132,-32.9762],[-71.0113,-32.9759],[-71.0029,-32.9758],[-70.9988,-32.9754],[-70.9954,-32.9768],[-70.9878,-32.9785],[-70.9856,-32.9786],[-70.9816,-32.9761],[-70.9738,-32.9762],[-70.9695,-32.9756],[-70.9623,-32.9727],[-70.9493,-32.9688],[-70.9468,-32.9723],[-70.9397,-32.9729],[-70.9285,-32.9675],[-70.9265,-32.9649],[-70.9231,-32.9568],[-70.9204,-32.9516],[-70.9166,-32.9473],[-70.9159,-32.9446],[-70.9099,-32.9451],[-70.9082,-32.9431],[-70.9072,-32.9364],[-70.897,-32.9342],[-70.8942,-32.9349],[-70.8877,-32.9387],[-70.883,-32.9368],[-70.8782,-32.9351],[-70.8723,-32.9311],[-70.8651,-32.9322],[-70.8563,-32.9298],[-70.848,-32.927],[-70.8419,-32.9224],[-70.8373,-32.9267],[-70.8331,-32.9279],[-70.8256,-32.9278],[-70.808,-32.9268],[-70.8035,-32.9247],[-70.794,-32.926],[-70.7928,-32.9289],[-70.7817,-32.9291],[-70.7772,-32.9337],[-70.7715,-32.9355],[-70.7682,-32.9348],[-70.7635,-32.9321],[-70.7609,-32.9292],[-70.7557,-32.9298],[-70.7501,-32.9283],[-70.7452,-32.9277],[-70.7422,-32.9247],[-70.7386,-32.9244],[-70.7359,-32.9219],[-70.7311,-32.9255],[-70.7238,-32.9262],[-70.7218,-32.926],[-70.7218,-32.9301],[-70.7227,-32.9328],[-70.7215,-32.9345],[-70.72,-32.9444],[-70.7211,-32.9498],[-70.7203,-32.953],[-70.7133,-32.9552],[-70.7128,-32.9566],[-70.7059,-32.9599],[-70.7031,-32.9566],[-70.6971,-32.9584],[-70.694,-32.9555],[-70.6899,-32.9547],[-70.6823,-32.9586],[-70.6755,-32.9597],[-70.6701,-32.9581],[-70.6647,-32.9555],[-70.6585,-32.9531],[-70.6517,-32.9534],[-70.6471,-32.9518],[-70.6439,-32.952],[-70.6391,-32.9495],[-70.6367,-32.9471],[-70.6331,-32.9472],[-70.6265,-32.9487],[-70.6212,-32.9475],[-70.616,-32.9493],[-70.6128,-32.9504],[-70.6098,-32.9436],[-70.6043,-32.9421],[-70.5937,-32.9486],[-70.5976,-32.9528],[-70.5937,-32.9565],[-70.5914,-32.9597],[-70.5918,-32.9667],[-70.5928,-32.9697],[-70.5872,-32.9717],[-70.5812,-32.9755],[-70.5776,-32.9789],[-70.5719,-32.987],[-70.5669,-32.9886],[-70.5651,-32.9898],[-70.5614,-32.9954],[-70.5593,-32.9962],[-70.557,-32.9995],[-70.5574,-33.0027],[-70.5513,-33.0067],[-70.5493,-33.0093],[-70.5486,-33.012],[-70.5463,-33.0137],[-70.5472,-33.0164],[-70.5465,-33.0194],[-70.5491,-33.0217],[-70.5519,-33.029],[-70.5525,-33.034],[-70.5484,-33.0393],[-70.5438,-33.0407],[-70.5394,-33.0441],[-70.5369,-33.0449],[-70.5327,-33.0488],[-70.5278,-33.0504],[-70.5258,-33.0554],[-70.5262,-33.0577],[-70.5244,-33.0602],[-70.5243,-33.0636],[-70.5227,-33.0679],[-70.5187,-33.073],[-70.5188,-33.0777],[-70.5153,-33.0803],[-70.512,-33.0831],[-70.5089,-33.0886],[-70.489,-33.0824],[-70.4834,-33.0814],[-70.4813,-33.0804],[-70.4784,-33.0749],[-70.4769,-33.0687],[-70.477,-33.0672],[-70.4707,-33.0653],[-70.4687,-33.0652],[-70.4647,-33.0615],[-70.4636,-33.0568],[-70.4622,-33.0539],[-70.4598,-33.0512],[-70.4599,-33.0488],[-70.4571,-33.0464],[-70.4564,-33.0445],[-70.4538,-33.0427],[-70.452,-33.0393],[-70.4471,-33.0369],[-70.4446,-33.0318],[-70.441,-33.0284],[-70.4374,-33.0264],[-70.4359,-33.0229],[-70.4301,-33.0208],[-70.4244,-33.0214],[-70.4227,-33.0242],[-70.4205,-33.0242],[-70.4177,-33.0241],[-70.4138,-33.025],[-70.4074,-33.0281],[-70.4048,-33.03],[-70.3988,-33.0328],[-70.3985,-33.0401],[-70.4008,-33.0432],[-70.3987,-33.0445],[-70.3958,-33.0487],[-70.4017,-33.0575],[-70.406,-33.063],[-70.4056,-33.0656],[-70.4041,-33.0664],[-70.4023,-33.0701],[-70.3955,-33.0724],[-70.3955,-33.0764],[-70.394,-33.0796],[-70.386,-33.082],[-70.3853,-33.0827],[-70.3878,-33.0888],[-70.3817,-33.0936],[-70.3773,-33.0985],[-70.3762,-33.1019],[-70.3726,-33.1058],[-70.367,-33.107],[-70.3621,-33.1067],[-70.352,-33.1055],[-70.3466,-33.104],[-70.3428,-33.1018],[-70.3421,-33.097],[-70.3361,-33.0975],[-70.3333,-33.0987],[-70.3282,-33.1021],[-70.3222,-33.1027],[-70.3207,-33.1042],[-70.3193,-33.1078],[-70.3156,-33.1096],[-70.3121,-33.1085],[-70.3096,-33.1086],[-70.3027,-33.113],[-70.2996,-33.1134],[-70.2965,-33.1194],[-70.2966,-33.1231],[-70.2959,-33.1256],[-70.2929,-33.1285],[-70.2868,-33.1316],[-70.2827,-33.1309],[-70.2739,-33.1307],[-70.2706,-33.1331],[-70.2699,-33.1368],[-70.2701,-33.1423],[-70.2713,-33.1469],[-70.2702,-33.1543],[-70.2676,-33.164],[-70.2647,-33.1664],[-70.2648,-33.1764],[-70.266,-33.1785],[-70.2659,-33.1813],[-70.26,-33.1835],[-70.2519,-33.1839],[-70.2482,-33.1861],[-70.2429,-33.1869],[-70.244,-33.1797],[-70.2427,-33.1731],[-70.2402,-33.1673],[-70.2373,-33.1636],[-70.2291,-33.1579],[-70.2286,-33.154],[-70.2262,-33.1494],[-70.2281,-33.1442],[-70.2303,-33.1429],[-70.2348,-33.1416],[-70.234,-33.1386],[-70.2276,-33.135],[-70.2227,-33.1348],[-70.2179,-33.1289],[-70.2082,-33.1264],[-70.2052,-33.1246],[-70.2029,-33.1158],[-70.1994,-33.1102],[-70.1915,-33.1099],[-70.1883,-33.1082],[-70.1857,-33.1033],[-70.1824,-33.1019],[-70.1787,-33.1025],[-70.1759,-33.1072],[-70.1667,-33.1093],[-70.1603,-33.1112],[-70.1555,-33.1131],[-70.1527,-33.107],[-70.1554,-33.1052],[-70.1586,-33.0992],[-70.1551,-33.0971],[-70.1524,-33.0962],[-70.1473,-33.0934],[-70.1383,-33.0944],[-70.1341,-33.094],[-70.1315,-33.0912],[-70.1304,-33.0889],[-70.1291,-33.0805],[-70.1239,-33.0747],[-70.1195,-33.073],[-70.1135,-33.0721],[-70.116,-33.0645],[-70.1079,-33.059],[-70.1016,-33.0524],[-70.095,-33.0524],[-70.0674,-33.0872],[-70.0762,-33.12],[-70.052,-33.1366],[-70.0648,-33.205],[-70.0266,-33.2349],[-70.0387,-33.2702],[-70.0062,-33.286],[-70.0029,-33.3226],[-69.9173,-33.2673],[-69.9166,-33.2442],[-69.904,-33.2729],[-69.8597,-33.2832],[-69.8406,-33.2717],[-69.7999,-33.288],[-69.77,-33.357],[-69.7842,-33.3881],[-69.8128,-33.3924],[-69.7957,-33.4216],[-69.818,-33.4292],[-69.8353,-33.5153],[-69.8715,-33.5394],[-69.8843,-33.6837],[-69.8642,-33.7164],[-69.9041,-33.7724],[-69.899,-33.8451],[-69.8554,-33.8922],[-69.8907,-33.9211],[-69.9055,-33.9647],[-69.8823,-33.9766],[-69.857,-33.9633],[-69.8218,-34.016],[-69.8537,-34.0552],[-69.8344,-34.0865],[-69.8729,-34.1339],[-69.8012,-34.1934],[-69.806,-34.2468],[-69.897,-34.2657],[-69.9088,-34.2909],[-69.9708,-34.2499],[-70.037,-34.2848],[-70.0512,-34.2808],[-70.0534,-34.2711],[-70.0525,-34.2671],[-70.0542,-34.2585],[-70.052,-34.252],[-70.0493,-34.2428],[-70.0514,-34.2362],[-70.0504,-34.2265],[-70.0562,-34.2211],[-70.0622,-34.2131],[-70.0717,-34.2025],[-70.0777,-34.1982],[-70.088,-34.2028],[-70.0939,-34.204],[-70.1149,-34.201],[-70.1162,-34.1926],[-70.1184,-34.1894],[-70.1287,-34.1885],[-70.1603,-34.1502],[-70.1645,-34.1406],[-70.1584,-34.1331],[-70.1506,-34.125],[-70.1437,-34.1173],[-70.1581,-34.1112],[-70.1649,-34.0961],[-70.1587,-34.0932],[-70.1711,-34.0681],[-70.1749,-34.0587],[-70.1748,-34.0542],[-70.1702,-34.0483],[-70.1839,-34.0331],[-70.1911,-34.0326],[-70.2338,-34.0318],[-70.2438,-34.0341],[-70.2528,-34.0598],[-70.2558,-34.0653],[-70.2616,-34.0712],[-70.2673,-34.0701],[-70.2703,-34.0658],[-70.2776,-34.0637],[-70.2864,-34.0588],[-70.2895,-34.0583],[-70.3028,-34.061],[-70.3038,-34.065],[-70.3079,-34.0669],[-70.3135,-34.0621],[-70.3301,-34.0586],[-70.3371,-34.0558],[-70.3402,-34.0532],[-70.3416,-34.048],[-70.3276,-34.0102],[-70.326,-34.0055],[-70.3211,-34.0002],[-70.3265,-33.9932],[-70.3294,-33.9813],[-70.3412,-33.9792],[-70.3497,-33.971],[-70.3462,-33.9578],[-70.3503,-33.953],[-70.3675,-33.9388],[-70.3763,-33.928],[-70.3786,-33.919],[-70.375,-33.911],[-70.3685,-33.9063],[-70.3714,-33.8949],[-70.3759,-33.8886],[-70.3764,-33.8825],[-70.3852,-33.8793],[-70.4107,-33.8709],[-70.4141,-33.864],[-70.4338,-33.8536],[-70.4607,-33.8582],[-70.4733,-33.8627],[-70.4742,-33.862],[-70.4741,-33.8624],[-70.4765,-33.8603],[-70.4847,-33.8611],[-70.4924,-33.862],[-70.5045,-33.8751],[-70.5093,-33.8834],[-70.5173,-33.8877],[-70.5247,-33.8854],[-70.5305,-33.8861],[-70.5349,-33.8829],[-70.5424,-33.881],[-70.5536,-33.8812],[-70.5635,-33.8878],[-70.5718,-33.8916],[-70.5789,-33.8972],[-70.5858,-33.8929],[-70.6001,-33.8944],[-70.6173,-33.9021],[-70.6239,-33.9118],[-70.6276,-33.9147],[-70.637,-33.9177],[-70.6435,-33.9336],[-70.6521,-33.935],[-70.6548,-33.9366],[-70.6636,-33.9381],[-70.6762,-33.9286],[-70.6844,-33.9233],[-70.6862,-33.9183],[-70.6907,-33.9121],[-70.7118,-33.907],[-70.7173,-33.9149],[-70.7239,-33.9193],[-70.7279,-33.9186],[-70.7314,-33.9226],[-70.7397,-33.9224],[-70.744,-33.9243],[-70.7487,-33.9327],[-70.7703,-33.9439],[-70.7762,-33.9416],[-70.7781,-33.9393],[-70.7861,-33.9371],[-70.7968,-33.9309],[-70.8187,-33.9488],[-70.8247,-33.9534],[-70.8227,-33.9559],[-70.8062,-33.9715],[-70.7977,-33.9752],[-70.7974,-33.9887],[-70.7918,-33.9936],[-70.7931,-33.9995],[-70.8011,-34.0037],[-70.8063,-34.0075],[-70.8056,-34.0156],[-70.8123,-34.0262],[-70.8172,-34.0349],[-70.8224,-34.0362],[-70.8309,-34.032],[-70.8495,-34.0297],[-70.8586,-34.0305],[-70.8682,-34.0367],[-70.8768,-34.0373],[-70.8883,-34.0391],[-70.8916,-34.051],[-70.8914,-34.0675],[-70.8928,-34.0752],[-70.9071,-34.0764],[-70.9139,-34.0797],[-70.938,-34.0997],[-70.9415,-34.1059],[-70.939,-34.1126],[-70.9351,-34.1168],[-70.9293,-34.1371],[-70.9169,-34.1409],[-70.9145,-34.1445],[-70.9262,-34.1482],[-70.9498,-34.1627],[-70.958,-34.1643],[-70.9664,-34.1697],[-70.9688,-34.172],[-70.9831,-34.1734],[-71.0041,-34.168],[-71.0142,-34.1686],[-71.0261,-34.1702],[-71.0281,-34.1661],[-71.0426,-34.1717]]]}},{"type":"Feature","properties":{"territorio":"CIRCUNSCRIPCION SENATORIAL 8","n_comunas":33},"geometry":{"type":"Polygon","coordinates":[[[-71.1891,-34.8044],[-71.2116,-34.8354],[-71.2616,-34.8242],[-71.2669,-34.7976],[-71.2765,-34.7943],[-71.3153,-34.8018],[-71.3125,-34.8089],[-71.3586,-34.8273],[-71.3588,-34.8311],[-71.3607,-34.8323],[-71.3872,-34.869],[-71.3668,-34.9085],[-71.3662,-34.9133],[-71.4061,-34.898],[-71.4117,-34.8984],[-71.4396,-34.8807],[-71.4675,-34.8996],[-71.4771,-34.8973],[-71.4802,-34.8934],[-71.4961,-34.8912],[-71.5135,-34.8764],[-71.527,-34.8762],[-71.5298,-34.8727],[-71.5421,-34.8758],[-71.5477,-34.8746],[-71.5515,-34.8716],[-71.6081,-34.8831],[-71.6138,-34.8669],[-71.6606,-34.8556],[-71.6884,-34.8973],[-71.6697,-34.9023],[-71.6746,-34.9235],[-71.7092,-34.9374],[-71.7751,-34.8536],[-71.7742,-34.8466],[-71.7903,-34.8348],[-71.7926,-34.8293],[-71.7966,-34.8265],[-71.8014,-34.8286],[-71.8105,-34.8385],[-71.863,-34.8189],[-71.8681,-34.8181],[-71.8687,-34.8186],[-71.8726,-34.8184],[-71.8772,-34.8174],[-71.8849,-34.8183],[-71.8928,-34.8149],[-71.8987,-34.8167],[-71.9305,-34.8039],[-71.9597,-34.7534],[-71.9981,-34.7403],[-71.9953,-34.7319],[-72.0051,-34.7051],[-72.0466,-34.6873],[-72.0515,-34.5483],[-72.0251,-34.4893],[-72.0498,-34.4274],[-71.9762,-34.3486],[-72.0013,-34.1733],[-72.0073,-34.1305],[-71.9441,-34.0691],[-71.8355,-33.9032],[-71.8448,-33.9208],[-71.8393,-33.926],[-71.8116,-33.9084],[-71.7688,-33.9351],[-71.767,-33.9303],[-71.7625,-33.9244],[-71.758,-33.9217],[-71.7517,-33.9203],[-71.7494,-33.9232],[-71.7511,-33.9259],[-71.7556,-33.9377],[-71.7522,-33.9396],[-71.7472,-33.9399],[-71.7388,-33.9391],[-71.7357,-33.9397],[-71.7296,-33.943],[-71.7269,-33.9457],[-71.7282,-33.9498],[-71.7253,-33.9554],[-71.7217,-33.9557],[-71.717,-33.9491],[-71.7152,-33.9486],[-71.7119,-33.9513],[-71.7118,-33.9648],[-71.7096,-33.9678],[-71.7008,-33.9681],[-71.6996,-33.9717],[-71.6942,-33.9752],[-71.6887,-33.9716],[-71.6833,-33.974],[-71.6743,-33.9728],[-71.6582,-33.9958],[-71.648,-33.9979],[-71.6309,-34.0023],[-71.6164,-34.0031],[-71.604,-34.0123],[-71.6029,-34.0197],[-71.585,-34.0328],[-71.5752,-34.023],[-71.5809,-34.0117],[-71.573,-34.0073],[-71.5664,-33.9839],[-71.5626,-33.9887],[-71.5552,-33.9928],[-71.5511,-33.9892],[-71.5341,-33.9936],[-71.5231,-33.9927],[-71.5183,-33.9952],[-71.5143,-33.9948],[-71.5034,-33.997],[-71.4928,-34.001],[-71.4725,-34.011],[-71.4644,-34.0134],[-71.4618,-34.0158],[-71.4594,-34.0175],[-71.4483,-34.0139],[-71.4215,-34.0326],[-71.4124,-34.0366],[-71.4155,-34.0451],[-71.4169,-34.05],[-71.3986,-34.0678],[-71.395,-34.0731],[-71.3901,-34.0759],[-71.3877,-34.0685],[-71.3815,-34.0653],[-71.3662,-34.0601],[-71.3515,-34.0649],[-71.3482,-34.0564],[-71.3405,-34.0506],[-71.3333,-34.0522],[-71.3052,-34.0361],[-71.3007,-34.0343],[-71.2967,-34.0385],[-71.2917,-34.0453],[-71.2881,-34.0453],[-71.2707,-34.0524],[-71.2674,-34.0836],[-71.2427,-34.0959],[-71.2381,-34.1022],[-71.2321,-34.1066],[-71.2316,-34.1168],[-71.2282,-34.1198],[-71.222,-34.1258],[-71.214,-34.1363],[-71.205,-34.1357],[-71.2054,-34.1393],[-71.2023,-34.1447],[-71.197,-34.1494],[-71.1878,-34.1541],[-71.1857,-34.1572],[-71.1745,-34.1592],[-71.1678,-34.1621],[-71.1597,-34.1641],[-71.1439,-34.1648],[-71.1365,-34.1662],[-71.1268,-34.1669],[-71.1179,-34.1634],[-71.1144,-34.1662],[-71.1059,-34.1666],[-71.0898,-34.1803],[-71.0822,-34.1824],[-71.0719,-34.1839],[-71.0678,-34.1799],[-71.0568,-34.1794],[-71.0475,-34.1713],[-71.0426,-34.1717],[-71.0281,-34.1661],[-71.0261,-34.1702],[-71.0142,-34.1686],[-71.0041,-34.168],[-70.9831,-34.1734],[-70.9688,-34.172],[-70.9664,-34.1697],[-70.958,-34.1643],[-70.9498,-34.1627],[-70.9262,-34.1482],[-70.9145,-34.1445],[-70.9169,-34.1409],[-70.9293,-34.1371],[-70.9351,-34.1168],[-70.939,-34.1126],[-70.9415,-34.1059],[-70.938,-34.0997],[-70.9139,-34.0797],[-70.9071,-34.0764],[-70.8928,-34.0752],[-70.8914,-34.0675],[-70.8916,-34.051],[-70.8883,-34.0391],[-70.8768,-34.0373],[-70.8682,-34.0367],[-70.8586,-34.0305],[-70.8495,-34.0297],[-70.8309,-34.032],[-70.8224,-34.0362],[-70.8172,-34.0349],[-70.8123,-34.0262],[-70.8056,-34.0156],[-70.8063,-34.0075],[-70.8011,-34.0037],[-70.7931,-33.9995],[-70.7918,-33.9936],[-70.7974,-33.9887],[-70.7977,-33.9752],[-70.8062,-33.9715],[-70.8227,-33.9559],[-70.8247,-33.9534],[-70.8187,-33.9488],[-70.7968,-33.9309],[-70.7861,-33.9371],[-70.7781,-33.9393],[-70.7762,-33.9416],[-70.7703,-33.9439],[-70.7487,-33.9327],[-70.744,-33.9243],[-70.7397,-33.9224],[-70.7314,-33.9226],[-70.7279,-33.9186],[-70.7239,-33.9193],[-70.7173,-33.9149],[-70.7118,-33.907],[-70.6907,-33.9121],[-70.6862,-33.9183],[-70.6844,-33.9233],[-70.6762,-33.9286],[-70.6636,-33.9381],[-70.6548,-33.9366],[-70.6521,-33.935],[-70.6435,-33.9336],[-70.637,-33.9177],[-70.6276,-33.9147],[-70.6239,-33.9118],[-70.6173,-33.9021],[-70.6001,-33.8944],[-70.5858,-33.8929],[-70.5789,-33.8972],[-70.5718,-33.8916],[-70.5635,-33.8878],[-70.5536,-33.8812],[-70.5424,-33.881],[-70.5349,-33.8829],[-70.5305,-33.8861],[-70.5247,-33.8854],[-70.5173,-33.8877],[-70.5093,-33.8834],[-70.5045,-33.8751],[-70.4924,-33.862],[-70.4847,-33.8611],[-70.4765,-33.8603],[-70.4741,-33.8624],[-70.4742,-33.862],[-70.4733,-33.8627],[-70.4607,-33.8582],[-70.4338,-33.8536],[-70.4141,-33.864],[-70.4107,-33.8709],[-70.3852,-33.8793],[-70.3764,-33.8825],[-70.3759,-33.8886],[-70.3714,-33.8949],[-70.3685,-33.9063],[-70.375,-33.911],[-70.3786,-33.919],[-70.3763,-33.928],[-70.3675,-33.9388],[-70.3503,-33.953],[-70.3462,-33.9578],[-70.3497,-33.971],[-70.3412,-33.9792],[-70.3294,-33.9813],[-70.3265,-33.9932],[-70.3211,-34.0002],[-70.326,-34.0055],[-70.3276,-34.0102],[-70.3416,-34.048],[-70.3402,-34.0532],[-70.3371,-34.0558],[-70.3301,-34.0586],[-70.3135,-34.0621],[-70.3079,-34.0669],[-70.3038,-34.065],[-70.3028,-34.061],[-70.2895,-34.0583],[-70.2864,-34.0588],[-70.2776,-34.0637],[-70.2703,-34.0658],[-70.2673,-34.0701],[-70.2616,-34.0712],[-70.2558,-34.0653],[-70.2528,-34.0598],[-70.2438,-34.0341],[-70.2338,-34.0318],[-70.1911,-34.0326],[-70.1839,-34.0331],[-70.1702,-34.0483],[-70.1748,-34.0542],[-70.1749,-34.0587],[-70.1711,-34.0681],[-70.1587,-34.0932],[-70.1649,-34.0961],[-70.1581,-34.1112],[-70.1437,-34.1173],[-70.1506,-34.125],[-70.1584,-34.1331],[-70.1645,-34.1406],[-70.1603,-34.1502],[-70.1287,-34.1885],[-70.1184,-34.1894],[-70.1162,-34.1926],[-70.1149,-34.201],[-70.0939,-34.204],[-70.088,-34.2028],[-70.0777,-34.1982],[-70.0717,-34.2025],[-70.0622,-34.2131],[-70.0562,-34.2211],[-70.0504,-34.2265],[-70.0514,-34.2362],[-70.0493,-34.2428],[-70.052,-34.252],[-70.0542,-34.2585],[-70.0525,-34.2671],[-70.0534,-34.2711],[-70.0512,-34.2808],[-70.037,-34.2848],[-70.0143,-34.3384],[-70.0129,-34.4119],[-70.0804,-34.4715],[-70.1318,-34.488],[-70.1444,-34.5323],[-70.2169,-34.6118],[-70.2155,-34.6841],[-70.2533,-34.7034],[-70.258,-34.7297],[-70.3083,-34.7562],[-70.3094,-34.7698],[-70.2496,-34.7972],[-70.2771,-34.8762],[-70.3312,-34.9364],[-70.334,-34.9912],[-70.3644,-35.0052],[-70.4106,-34.9847],[-70.477,-34.9943],[-70.5487,-34.9355],[-70.5543,-34.9394],[-70.6143,-34.9604],[-70.6221,-34.9877],[-70.6489,-34.9709],[-70.6609,-34.9664],[-70.7134,-34.9096],[-70.7149,-34.9028],[-70.7485,-34.8846],[-70.7699,-34.8595],[-70.8069,-34.8522],[-70.811,-34.853],[-70.8162,-34.8578],[-70.8217,-34.8713],[-70.8943,-34.852],[-70.9063,-34.8576],[-70.9156,-34.8583],[-70.9253,-34.859],[-70.9575,-34.8722],[-70.9828,-34.839],[-70.9974,-34.8328],[-71.0488,-34.7932],[-71.0776,-34.824],[-71.0991,-34.8279],[-71.138,-34.7902],[-71.1891,-34.8044]]]}},{"type":"Feature","properties":{"territorio":"CIRCUNSCRIPCION SENATORIAL 9","n_comunas":30},"geometry":{"type":"Polygon","coordinates":[[[-72.1031,-36.1322],[-72.1058,-36.169],[-72.1126,-36.173],[-72.1225,-36.1872],[-72.1314,-36.1924],[-72.1308,-36.2016],[-72.132,-36.2102],[-72.1362,-36.221],[-72.1351,-36.2293],[-72.1391,-36.2459],[-72.153,-36.2472],[-72.1564,-36.241],[-72.186,-36.2224],[-72.1952,-36.2181],[-72.2235,-36.2153],[-72.2373,-36.207],[-72.2547,-36.234],[-72.2719,-36.2568],[-72.2776,-36.2615],[-72.2843,-36.2556],[-72.298,-36.2477],[-72.3052,-36.2405],[-72.3133,-36.2331],[-72.3201,-36.2336],[-72.3211,-36.2325],[-72.334,-36.2332],[-72.3511,-36.2451],[-72.3582,-36.2484],[-72.3894,-36.2484],[-72.3865,-36.2454],[-72.3876,-36.2424],[-72.3951,-36.232],[-72.4004,-36.2314],[-72.4096,-36.2254],[-72.4125,-36.2231],[-72.4124,-36.2079],[-72.3727,-36.2135],[-72.3603,-36.2149],[-72.3376,-36.2054],[-72.359,-36.1572],[-72.4014,-36.1763],[-72.4074,-36.1743],[-72.4545,-36.1495],[-72.4707,-36.1502],[-72.4817,-36.1505],[-72.4898,-36.1469],[-72.4943,-36.1464],[-72.5016,-36.1433],[-72.4981,-36.1388],[-72.4979,-36.1348],[-72.493,-36.1352],[-72.491,-36.122],[-72.4933,-36.1063],[-72.5006,-36.0977],[-72.4972,-36.0946],[-72.5006,-36.0847],[-72.4931,-36.086],[-72.4879,-36.0805],[-72.4883,-36.0764],[-72.4933,-36.072],[-72.5081,-36.0754],[-72.5116,-36.0803],[-72.5181,-36.0799],[-72.5315,-36.0688],[-72.5395,-36.0695],[-72.5428,-36.0752],[-72.5476,-36.0774],[-72.5549,-36.0783],[-72.5762,-36.074],[-72.5884,-36.0649],[-72.5926,-36.0651],[-72.5952,-36.0607],[-72.6031,-36.0584],[-72.6146,-36.0524],[-72.6245,-36.0453],[-72.6202,-36.0365],[-72.631,-36.0248],[-72.6348,-36.0206],[-72.6404,-36.0204],[-72.6421,-36.0169],[-72.6465,-36.0155],[-72.6553,-36.0468],[-72.6603,-36.0367],[-72.6679,-36.0303],[-72.6762,-36.0282],[-72.6798,-36.0222],[-72.684,-36.0195],[-72.6909,-36.0186],[-72.7316,-36.0157],[-72.7397,-36.0097],[-72.7449,-36.0076],[-72.7498,-36.0077],[-72.76,-36.0054],[-72.7735,-36.0117],[-72.785,-35.9753],[-72.6936,-35.9156],[-72.6499,-35.8465],[-72.5762,-35.8115],[-72.5661,-35.7538],[-72.6382,-35.604],[-72.6188,-35.5614],[-72.494,-35.4685],[-72.499,-35.3921],[-72.4243,-35.322],[-72.3712,-35.3718],[-72.3354,-35.372],[-72.3713,-35.37],[-72.4079,-35.317],[-72.3973,-35.2411],[-72.2013,-35.1044],[-72.1877,-34.9743],[-72.1692,-35.0485],[-72.1438,-35.0603],[-72.13,-35.0542],[-72.1265,-35.0372],[-72.1403,-35.0575],[-72.1661,-35.0477],[-72.1881,-34.9673],[-72.1802,-34.8942],[-72.1568,-34.8763],[-72.1445,-34.8225],[-72.0466,-34.6873],[-72.0051,-34.7051],[-71.9953,-34.7319],[-71.9981,-34.7403],[-71.9597,-34.7534],[-71.9305,-34.8039],[-71.8987,-34.8167],[-71.8928,-34.8149],[-71.8849,-34.8183],[-71.8772,-34.8174],[-71.8726,-34.8184],[-71.8687,-34.8186],[-71.8681,-34.8181],[-71.863,-34.8189],[-71.8105,-34.8385],[-71.8014,-34.8286],[-71.7966,-34.8265],[-71.7926,-34.8293],[-71.7903,-34.8348],[-71.7742,-34.8466],[-71.7751,-34.8536],[-71.7092,-34.9374],[-71.6746,-34.9235],[-71.6697,-34.9023],[-71.6884,-34.8973],[-71.6606,-34.8556],[-71.6138,-34.8669],[-71.6081,-34.8831],[-71.5515,-34.8716],[-71.5477,-34.8746],[-71.5421,-34.8758],[-71.5298,-34.8727],[-71.527,-34.8762],[-71.5135,-34.8764],[-71.4961,-34.8912],[-71.4802,-34.8934],[-71.4771,-34.8973],[-71.4675,-34.8996],[-71.4396,-34.8807],[-71.4117,-34.8984],[-71.4061,-34.898],[-71.3662,-34.9133],[-71.3668,-34.9085],[-71.3872,-34.869],[-71.3607,-34.8323],[-71.3588,-34.8311],[-71.3586,-34.8273],[-71.3125,-34.8089],[-71.3153,-34.8018],[-71.2765,-34.7943],[-71.2669,-34.7976],[-71.2616,-34.8242],[-71.2116,-34.8354],[-71.1891,-34.8044],[-71.138,-34.7902],[-71.0991,-34.8279],[-71.0776,-34.824],[-71.0488,-34.7932],[-70.9974,-34.8328],[-70.9828,-34.839],[-70.9575,-34.8722],[-70.9253,-34.859],[-70.9156,-34.8583],[-70.9063,-34.8576],[-70.8943,-34.852],[-70.8217,-34.8713],[-70.8162,-34.8578],[-70.811,-34.853],[-70.8069,-34.8522],[-70.7699,-34.8595],[-70.7485,-34.8846],[-70.7149,-34.9028],[-70.7134,-34.9096],[-70.6609,-34.9664],[-70.6489,-34.9709],[-70.6221,-34.9877],[-70.6143,-34.9604],[-70.5543,-34.9394],[-70.5487,-34.9355],[-70.477,-34.9943],[-70.4106,-34.9847],[-70.3644,-35.0052],[-70.3769,-35.0497],[-70.3578,-35.098],[-70.375,-35.1701],[-70.4731,-35.2039],[-70.5379,-35.1996],[-70.5678,-35.2236],[-70.5822,-35.2723],[-70.5657,-35.3007],[-70.5007,-35.3227],[-70.4345,-35.3177],[-70.4179,-35.3551],[-70.4533,-35.3925],[-70.4328,-35.4462],[-70.4466,-35.4633],[-70.3687,-35.5182],[-70.4109,-35.5254],[-70.4101,-35.5599],[-70.3865,-35.6074],[-70.4172,-35.6302],[-70.3579,-35.7489],[-70.3791,-35.7882],[-70.3135,-35.8129],[-70.4219,-35.8787],[-70.4233,-35.9155],[-70.3655,-35.9253],[-70.4228,-35.9723],[-70.3808,-35.99],[-70.3716,-36.0424],[-70.4103,-36.0556],[-70.4209,-36.1561],[-70.4511,-36.1731],[-70.4938,-36.1772],[-70.5289,-36.144],[-70.5698,-36.1327],[-70.5832,-36.1454],[-70.5708,-36.1753],[-70.6333,-36.2167],[-70.6325,-36.2388],[-70.7055,-36.2721],[-70.6839,-36.3022],[-70.7117,-36.3447],[-70.6788,-36.3772],[-70.7104,-36.4246],[-70.7395,-36.4292],[-70.748,-36.4054],[-70.7898,-36.4287],[-70.8168,-36.3955],[-70.8456,-36.4182],[-70.8841,-36.3964],[-70.8891,-36.4656],[-70.9287,-36.4754],[-70.9553,-36.503],[-71.0385,-36.4698],[-71.0656,-36.4453],[-71.0626,-36.4404],[-71.0639,-36.4377],[-71.0601,-36.4332],[-71.0613,-36.4284],[-71.0582,-36.4214],[-71.062,-36.4189],[-71.064,-36.4126],[-71.0643,-36.398],[-71.0615,-36.39],[-71.0744,-36.3776],[-71.0792,-36.3701],[-71.094,-36.3688],[-71.0992,-36.3698],[-71.113,-36.3618],[-71.138,-36.3757],[-71.1421,-36.3824],[-71.1592,-36.4037],[-71.1631,-36.3999],[-71.1731,-36.4046],[-71.1807,-36.4039],[-71.2151,-36.449],[-71.2217,-36.4518],[-71.2333,-36.4659],[-71.2488,-36.4551],[-71.2553,-36.4513],[-71.2584,-36.4475],[-71.2599,-36.4418],[-71.2693,-36.4399],[-71.2809,-36.4474],[-71.2851,-36.4536],[-71.2879,-36.4602],[-71.2942,-36.4639],[-71.2957,-36.4785],[-71.3048,-36.4819],[-71.3098,-36.4934],[-71.3093,-36.5023],[-71.3127,-36.5085],[-71.316,-36.5161],[-71.3165,-36.5222],[-71.3207,-36.5319],[-71.3303,-36.5424],[-71.3451,-36.5358],[-71.3463,-36.5261],[-71.356,-36.5132],[-71.3665,-36.5134],[-71.3742,-36.5116],[-71.3868,-36.5118],[-71.3952,-36.5108],[-71.4153,-36.4957],[-71.4205,-36.4837],[-71.4249,-36.4771],[-71.4277,-36.4699],[-71.4313,-36.4672],[-71.4336,-36.4596],[-71.4389,-36.4468],[-71.439,-36.4411],[-71.4386,-36.4337],[-71.4425,-36.4304],[-71.448,-36.4309],[-71.4505,-36.4246],[-71.4639,-36.4164],[-71.4694,-36.4121],[-71.495,-36.4153],[-71.5027,-36.4151],[-71.5079,-36.4106],[-71.5188,-36.4062],[-71.5227,-36.409],[-71.5269,-36.4074],[-71.5366,-36.4063],[-71.5435,-36.4074],[-71.5489,-36.403],[-71.554,-36.4042],[-71.5656,-36.4026],[-71.5748,-36.4033],[-71.5816,-36.3935],[-71.5909,-36.3912],[-71.5993,-36.3868],[-71.6238,-36.3765],[-71.628,-36.3723],[-71.6307,-36.372],[-71.641,-36.374],[-71.6502,-36.3715],[-71.665,-36.3664],[-71.6738,-36.3636],[-71.6825,-36.3594],[-71.6887,-36.359],[-71.6913,-36.354],[-71.6965,-36.3544],[-71.7014,-36.3513],[-71.7039,-36.3473],[-71.708,-36.3489],[-71.7213,-36.3345],[-71.7328,-36.3252],[-71.7447,-36.3187],[-71.7514,-36.3158],[-71.7683,-36.3037],[-71.7738,-36.3014],[-71.7741,-36.2981],[-71.7846,-36.2941],[-71.7899,-36.2904],[-71.7969,-36.2777],[-71.7987,-36.2738],[-71.8037,-36.2729],[-71.8048,-36.2629],[-71.8112,-36.2595],[-71.8221,-36.2561],[-71.8318,-36.2514],[-71.8361,-36.2512],[-71.841,-36.2557],[-71.8465,-36.2501],[-71.8488,-36.2462],[-71.8677,-36.248],[-71.8695,-36.2549],[-71.9075,-36.2665],[-71.9117,-36.2678],[-71.926,-36.2579],[-71.9342,-36.2568],[-71.9813,-36.2509],[-71.98,-36.2399],[-71.9869,-36.2415],[-71.9921,-36.242],[-71.9918,-36.2374],[-71.9949,-36.2294],[-71.9986,-36.2201],[-71.9996,-36.2158],[-71.9925,-36.2078],[-71.9994,-36.2081],[-72.0124,-36.1989],[-72.0112,-36.1919],[-72.0251,-36.179],[-72.0226,-36.1749],[-72.027,-36.1736],[-72.0312,-36.1768],[-72.0386,-36.1731],[-72.0457,-36.1698],[-72.0538,-36.1607],[-72.0593,-36.1564],[-72.073,-36.1563],[-72.0729,-36.1503],[-72.0716,-36.1475],[-72.0768,-36.1445],[-72.0793,-36.1402],[-72.0827,-36.1302],[-72.0898,-36.1314],[-72.0996,-36.1257],[-72.1031,-36.1322]]]}}]}